
OS:Version,
  {988b913b-caa2-482b-99a5-712a6c51e40b}, !- Handle
  3.7.0;                                  !- Version Identifier

OS:Schedule:Constant,
  {f45a87a9-dcce-45e8-8cac-4a80c2948bca}, !- Handle
  Always On Discrete,                     !- Name
  {5fc28ae9-6c3a-4678-abed-260bc6688cd2}, !- Schedule Type Limits Name
  1;                                      !- Value

OS:ScheduleTypeLimits,
  {5fc28ae9-6c3a-4678-abed-260bc6688cd2}, !- Handle
  Always On Discrete Limits,              !- Name
  0,                                      !- Lower Limit Value
  1,                                      !- Upper Limit Value
  Discrete,                               !- Numeric Type
  Availability;                           !- Unit Type

OS:Site,
  {d628ef89-23e6-4381-a643-d45d869c0b05}, !- Handle
  Chicago Ohare Intl Ap,                  !- Name
  41.98,                                  !- Latitude {deg}
  -87.92,                                 !- Longitude {deg}
  -6,                                     !- Time Zone {hr}
  201,                                    !- Elevation {m}
  City;                                   !- Terrain

OS:SimulationControl,
  {4e31ff8d-32bd-481e-9933-1c5f88b6c5eb}, !- Handle
  Yes,                                    !- Do Zone Sizing Calculation
  Yes,                                    !- Do System Sizing Calculation
  Yes,                                    !- Do Plant Sizing Calculation
  No,                                     !- Run Simulation for Sizing Periods
  Yes,                                    !- Run Simulation for Weather File Run Periods
  0.04,                                   !- Loads Convergence Tolerance Value {W}
  0.2,                                    !- Temperature Convergence Tolerance Value {deltaC}
  FullInteriorAndExterior,                !- Solar Distribution
  25,                                     !- Maximum Number of Warmup Days
  6,                                      !- Minimum Number of Warmup Days
  No,                                     !- Do HVAC Sizing Simulation for Sizing Periods
  1;                                      !- Maximum Number of HVAC Sizing Simulation Passes

OS:Surface,
  {6789e292-eb47-482c-9c86-55ba1bc52ed6}, !- Handle
  Core_Retail_Wall_South_3,               !- Name
  Wall,                                   !- Surface Type
  ,                                       !- Construction Name
  {e3918e2f-852e-438a-a248-c13d9fc146d0}, !- Space Name
  Surface,                                !- Outside Boundary Condition
  {8bf95084-bb5f-4d27-8a8b-7b57ea4b863c}, !- Outside Boundary Condition Object
  NoSun,                                  !- Sun Exposure
  NoWind,                                 !- Wind Exposure
  ,                                       !- View Factor to Ground
  ,                                       !- Number of Vertices
  29.135, 0, 6.096,                       !- X,Y,Z Vertex 1 {m}
  29.135, 0, 0,                           !- X,Y,Z Vertex 2 {m}
  54.27, 0, 0,                            !- X,Y,Z Vertex 3 {m}
  54.27, 0, 6.096;                        !- X,Y,Z Vertex 4 {m}

OS:Space,
  {e3918e2f-852e-438a-a248-c13d9fc146d0}, !- Handle
  Core_Retail,                            !- Name
  {41f69eaa-5eeb-42eb-996c-0f4de8e4a667}, !- Space Type Name
  ,                                       !- Default Construction Set Name
  ,                                       !- Default Schedule Set Name
  0,                                      !- Direction of Relative North {deg}
  0,                                      !- X Origin {m}
  6,                                      !- Y Origin {m}
  0,                                      !- Z Origin {m}
  {c7a01718-b524-4001-b115-c6ec1f1565c1}, !- Building Story Name
  {fe865cf2-a7e5-4263-a10e-1c0f9c600a45}, !- Thermal Zone Name
  Yes;                                    !- Part of Total Floor Area

OS:Space,
  {5e3f23ce-ce46-4ddb-aa00-f04cd954fb88}, !- Handle
  Point_Of_Sale,                          !- Name
  {bee7a769-0f42-4be2-92b3-1f1cd06fa604}, !- Space Type Name
  ,                                       !- Default Construction Set Name
  ,                                       !- Default Schedule Set Name
  0,                                      !- Direction of Relative North {deg}
  0,                                      !- X Origin {m}
  0,                                      !- Y Origin {m}
  0,                                      !- Z Origin {m}
  {c7a01718-b524-4001-b115-c6ec1f1565c1}, !- Building Story Name
  {be761788-1be9-47b6-8cd9-701af7d49290}, !- Thermal Zone Name
  Yes;                                    !- Part of Total Floor Area

OS:Surface,
  {3684a61f-1889-4620-be0b-4084d4a576d3}, !- Handle
  Front_Retail_Floor,                     !- Name
  Floor,                                  !- Surface Type
  {f30513b3-d016-40fc-975b-331805efbf82}, !- Construction Name
  {5e7c1d0f-985d-4e7c-870a-fc6c94988ab0}, !- Space Name
  GroundFCfactorMethod,                   !- Outside Boundary Condition
  ,                                       !- Outside Boundary Condition Object
  NoSun,                                  !- Sun Exposure
  NoWind,                                 !- Wind Exposure
  ,                                       !- View Factor to Ground
  ,                                       !- Number of Vertices
  25.135, 6, 0,                           !- X,Y,Z Vertex 1 {m}
  25.135, 0, 0,                           !- X,Y,Z Vertex 2 {m}
  0, 0, 0,                                !- X,Y,Z Vertex 3 {m}
  0, 6, 0;                                !- X,Y,Z Vertex 4 {m}

OS:Space,
  {5e7c1d0f-985d-4e7c-870a-fc6c94988ab0}, !- Handle
  Front_Retail,                           !- Name
  {41f69eaa-5eeb-42eb-996c-0f4de8e4a667}, !- Space Type Name
  ,                                       !- Default Construction Set Name
  ,                                       !- Default Schedule Set Name
  0,                                      !- Direction of Relative North {deg}
  29.135,                                 !- X Origin {m}
  0,                                      !- Y Origin {m}
  0,                                      !- Z Origin {m}
  {c7a01718-b524-4001-b115-c6ec1f1565c1}, !- Building Story Name
  {51dc6cd2-ccc7-4647-8821-bf4403f4a037}, !- Thermal Zone Name
  Yes;                                    !- Part of Total Floor Area

OS:Surface,
  {2bffbdce-0ae2-4874-b454-da281e05376d}, !- Handle
  Core_Retail_Wall_South_2,               !- Name
  Wall,                                   !- Surface Type
  ,                                       !- Construction Name
  {e3918e2f-852e-438a-a248-c13d9fc146d0}, !- Space Name
  Surface,                                !- Outside Boundary Condition
  {43572da1-981a-4d4f-82a7-bc1f9be9e514}, !- Outside Boundary Condition Object
  NoSun,                                  !- Sun Exposure
  NoWind,                                 !- Wind Exposure
  ,                                       !- View Factor to Ground
  ,                                       !- Number of Vertices
  25.135, -3, 6.096,                      !- X,Y,Z Vertex 1 {m}
  25.135, -3, 0,                          !- X,Y,Z Vertex 2 {m}
  29.135, -3, 0,                          !- X,Y,Z Vertex 3 {m}
  29.135, -3, 6.096;                      !- X,Y,Z Vertex 4 {m}

OS:Output:Meter,
  {1cf0f57b-5a34-40a9-a21a-fa9f1a9e6b66}, !- Handle
  ElectricityNet:Facility,                !- Name
  hourly,                                 !- Reporting Frequency
  True,                                   !- Meter File Only
  False;                                  !- Cumulative

OS:Surface,
  {afeaa6e3-da01-4f58-a03f-b7c5ca072c2c}, !- Handle
  Front_Retail_Wall_South,                !- Name
  Wall,                                   !- Surface Type
  ,                                       !- Construction Name
  {5e7c1d0f-985d-4e7c-870a-fc6c94988ab0}, !- Space Name
  Outdoors,                               !- Outside Boundary Condition
  ,                                       !- Outside Boundary Condition Object
  SunExposed,                             !- Sun Exposure
  WindExposed,                            !- Wind Exposure
  ,                                       !- View Factor to Ground
  ,                                       !- Number of Vertices
  0, 0, 6.096,                            !- X,Y,Z Vertex 1 {m}
  0, 0, 0,                                !- X,Y,Z Vertex 2 {m}
  25.135, 0, 0,                           !- X,Y,Z Vertex 3 {m}
  25.135, 0, 6.096;                       !- X,Y,Z Vertex 4 {m}

OS:Surface,
  {d6722c0b-ff00-4e53-8eab-a7b995d66e18}, !- Handle
  Back_Space_Roof,                        !- Name
  RoofCeiling,                            !- Surface Type
  ,                                       !- Construction Name
  {3d4b9ba5-883d-4fc8-bf66-520e25258a41}, !- Space Name
  Outdoors,                               !- Outside Boundary Condition
  ,                                       !- Outside Boundary Condition Object
  SunExposed,                             !- Sun Exposure
  WindExposed,                            !- Wind Exposure
  ,                                       !- View Factor to Ground
  ,                                       !- Number of Vertices
  54.27, 0, 6.096,                        !- X,Y,Z Vertex 1 {m}
  54.27, 7, 6.096,                        !- X,Y,Z Vertex 2 {m}
  0, 7, 6.096,                            !- X,Y,Z Vertex 3 {m}
  0, 0, 6.096;                            !- X,Y,Z Vertex 4 {m}

OS:Space,
  {3d4b9ba5-883d-4fc8-bf66-520e25258a41}, !- Handle
  Back_Space,                             !- Name
  {97f23ccd-8db1-4550-b7eb-9fd314f98603}, !- Space Type Name
  ,                                       !- Default Construction Set Name
  ,                                       !- Default Schedule Set Name
  0,                                      !- Direction of Relative North {deg}
  0,                                      !- X Origin {m}
  35.27,                                  !- Y Origin {m}
  0,                                      !- Z Origin {m}
  {c7a01718-b524-4001-b115-c6ec1f1565c1}, !- Building Story Name
  {09cdfb60-a3b6-4a40-8c00-da1504ccc5df}, !- Thermal Zone Name
  Yes;                                    !- Part of Total Floor Area

OS:Surface,
  {8bf95084-bb5f-4d27-8a8b-7b57ea4b863c}, !- Handle
  Front_Retail_Wall_North,                !- Name
  Wall,                                   !- Surface Type
  ,                                       !- Construction Name
  {5e7c1d0f-985d-4e7c-870a-fc6c94988ab0}, !- Space Name
  Surface,                                !- Outside Boundary Condition
  {6789e292-eb47-482c-9c86-55ba1bc52ed6}, !- Outside Boundary Condition Object
  NoSun,                                  !- Sun Exposure
  NoWind,                                 !- Wind Exposure
  ,                                       !- View Factor to Ground
  ,                                       !- Number of Vertices
  25.135, 6, 6.096,                       !- X,Y,Z Vertex 1 {m}
  25.135, 6, 0,                           !- X,Y,Z Vertex 2 {m}
  0, 6, 0,                                !- X,Y,Z Vertex 3 {m}
  0, 6, 6.096;                            !- X,Y,Z Vertex 4 {m}

OS:ConvergenceLimits,
  {3beb1ccc-7237-4dcd-a69b-cd3e764ee78a}, !- Handle
  1,                                      !- Minimum System Timestep {minutes}
  20;                                     !- Maximum HVAC Iterations

OS:Sizing:Parameters,
  {ede32cfa-f149-43eb-8c2e-1b859e103d90}, !- Handle
  1.2,                                    !- Heating Sizing Factor
  1.2,                                    !- Cooling Sizing Factor
  6;                                      !- Timesteps in Averaging Window

OS:SubSurface,
  {635cf325-9c30-4af5-9211-97e8552b27f4}, !- Handle
  skylights_R1C3,                         !- Name
  Skylight,                               !- Sub Surface Type
  ,                                       !- Construction Name
  {66414309-916b-416b-bfe4-4dedd3955db9}, !- Surface Name
  ,                                       !- Outside Boundary Condition Object
  ,                                       !- View Factor to Ground
  ,                                       !- Frame and Divider Name
  ,                                       !- Multiplier
  ,                                       !- Number of Vertices
  11.8872, 26.5268, 6.096,                !- X,Y,Z Vertex 1 {m}
  11.8872, 27.4412, 6.096,                !- X,Y,Z Vertex 2 {m}
  10.9728, 27.4412, 6.096,                !- X,Y,Z Vertex 3 {m}
  10.9728, 26.5268, 6.096;                !- X,Y,Z Vertex 4 {m}

OS:Surface,
  {66414309-916b-416b-bfe4-4dedd3955db9}, !- Handle
  Core_Retail_Roof,                       !- Name
  RoofCeiling,                            !- Surface Type
  ,                                       !- Construction Name
  {e3918e2f-852e-438a-a248-c13d9fc146d0}, !- Space Name
  Outdoors,                               !- Outside Boundary Condition
  ,                                       !- Outside Boundary Condition Object
  SunExposed,                             !- Sun Exposure
  WindExposed,                            !- Wind Exposure
  ,                                       !- View Factor to Ground
  ,                                       !- Number of Vertices
  0, 29.27, 6.096,                        !- X,Y,Z Vertex 1 {m}
  0, 0, 6.096,                            !- X,Y,Z Vertex 2 {m}
  54.27, 0, 6.096,                        !- X,Y,Z Vertex 3 {m}
  54.27, 29.27, 6.096;                    !- X,Y,Z Vertex 4 {m}

OS:Surface,
  {007c4111-77bc-466f-ac9b-021f9a1a4397}, !- Handle
  Core_Retail_Roof_Protrusion,            !- Name
  RoofCeiling,                            !- Surface Type
  ,                                       !- Construction Name
  {e3918e2f-852e-438a-a248-c13d9fc146d0}, !- Space Name
  Outdoors,                               !- Outside Boundary Condition
  ,                                       !- Outside Boundary Condition Object
  SunExposed,                             !- Sun Exposure
  WindExposed,                            !- Wind Exposure
  ,                                       !- View Factor to Ground
  ,                                       !- Number of Vertices
  25.135, 0, 6.096,                       !- X,Y,Z Vertex 1 {m}
  25.135, -3, 6.096,                      !- X,Y,Z Vertex 2 {m}
  29.135, -3, 6.096,                      !- X,Y,Z Vertex 3 {m}
  29.135, 0, 6.096;                       !- X,Y,Z Vertex 4 {m}

OS:Surface,
  {a31f7ea1-1720-443d-b667-3a336eea09fd}, !- Handle
  Core_Retail_Wall_West_2,                !- Name
  Wall,                                   !- Surface Type
  ,                                       !- Construction Name
  {e3918e2f-852e-438a-a248-c13d9fc146d0}, !- Space Name
  Outdoors,                               !- Outside Boundary Condition
  ,                                       !- Outside Boundary Condition Object
  SunExposed,                             !- Sun Exposure
  WindExposed,                            !- Wind Exposure
  ,                                       !- View Factor to Ground
  ,                                       !- Number of Vertices
  0, 29.27, 6.096,                        !- X,Y,Z Vertex 1 {m}
  0, 29.27, 0,                            !- X,Y,Z Vertex 2 {m}
  0, 0, 0,                                !- X,Y,Z Vertex 3 {m}
  0, 0, 6.096;                            !- X,Y,Z Vertex 4 {m}

OS:Surface,
  {e396167b-f101-4ea0-bff4-b443502f8dad}, !- Handle
  Front_Entry_Roof,                       !- Name
  RoofCeiling,                            !- Surface Type
  ,                                       !- Construction Name
  {7f004107-3619-4e77-8241-17e92dc82fb2}, !- Space Name
  Outdoors,                               !- Outside Boundary Condition
  ,                                       !- Outside Boundary Condition Object
  SunExposed,                             !- Sun Exposure
  WindExposed,                            !- Wind Exposure
  ,                                       !- View Factor to Ground
  ,                                       !- Number of Vertices
  4, 0, 6.096,                            !- X,Y,Z Vertex 1 {m}
  4, 3, 6.096,                            !- X,Y,Z Vertex 2 {m}
  0, 3, 6.096,                            !- X,Y,Z Vertex 3 {m}
  0, 0, 6.096;                            !- X,Y,Z Vertex 4 {m}

OS:Space,
  {7f004107-3619-4e77-8241-17e92dc82fb2}, !- Handle
  Front_Entry,                            !- Name
  {0bcafa2d-62fc-4553-b313-ffb78a469e75}, !- Space Type Name
  ,                                       !- Default Construction Set Name
  ,                                       !- Default Schedule Set Name
  0,                                      !- Direction of Relative North {deg}
  25.135,                                 !- X Origin {m}
  0,                                      !- Y Origin {m}
  0,                                      !- Z Origin {m}
  {c7a01718-b524-4001-b115-c6ec1f1565c1}, !- Building Story Name
  {a399af1c-6b74-4ed6-ae7c-03c78f50c026}, !- Thermal Zone Name
  Yes;                                    !- Part of Total Floor Area

OS:Surface,
  {fd1a4dbd-7476-471d-8700-4f09fca3ccc1}, !- Handle
  Back_Space_Wall_North,                  !- Name
  Wall,                                   !- Surface Type
  ,                                       !- Construction Name
  {3d4b9ba5-883d-4fc8-bf66-520e25258a41}, !- Space Name
  Outdoors,                               !- Outside Boundary Condition
  ,                                       !- Outside Boundary Condition Object
  SunExposed,                             !- Sun Exposure
  WindExposed,                            !- Wind Exposure
  ,                                       !- View Factor to Ground
  ,                                       !- Number of Vertices
  54.27, 7, 6.096,                        !- X,Y,Z Vertex 1 {m}
  54.27, 7, 0,                            !- X,Y,Z Vertex 2 {m}
  0, 7, 0,                                !- X,Y,Z Vertex 3 {m}
  0, 7, 6.096;                            !- X,Y,Z Vertex 4 {m}

OS:Surface,
  {7a4811b9-5817-4e99-9c55-1d924e457651}, !- Handle
  Back_Space_Wall_West,                   !- Name
  Wall,                                   !- Surface Type
  ,                                       !- Construction Name
  {3d4b9ba5-883d-4fc8-bf66-520e25258a41}, !- Space Name
  Outdoors,                               !- Outside Boundary Condition
  ,                                       !- Outside Boundary Condition Object
  SunExposed,                             !- Sun Exposure
  WindExposed,                            !- Wind Exposure
  ,                                       !- View Factor to Ground
  ,                                       !- Number of Vertices
  0, 7, 6.096,                            !- X,Y,Z Vertex 1 {m}
  0, 7, 0,                                !- X,Y,Z Vertex 2 {m}
  0, 0, 0,                                !- X,Y,Z Vertex 3 {m}
  0, 0, 6.096;                            !- X,Y,Z Vertex 4 {m}

OS:Output:Meter,
  {4e77ba7c-e5f3-47a3-a837-1f69f2f511d6}, !- Handle
  Electricity:Building,                   !- Name
  hourly,                                 !- Reporting Frequency
  True,                                   !- Meter File Only
  False;                                  !- Cumulative

OS:Surface,
  {12ad2ef1-1986-4d0d-aec9-9a5749ff76e8}, !- Handle
  Front_Entry_Wall_South,                 !- Name
  Wall,                                   !- Surface Type
  ,                                       !- Construction Name
  {7f004107-3619-4e77-8241-17e92dc82fb2}, !- Space Name
  Outdoors,                               !- Outside Boundary Condition
  ,                                       !- Outside Boundary Condition Object
  SunExposed,                             !- Sun Exposure
  WindExposed,                            !- Wind Exposure
  ,                                       !- View Factor to Ground
  ,                                       !- Number of Vertices
  0, 0, 6.096,                            !- X,Y,Z Vertex 1 {m}
  0, 0, 0,                                !- X,Y,Z Vertex 2 {m}
  4, 0, 0,                                !- X,Y,Z Vertex 3 {m}
  4, 0, 6.096;                            !- X,Y,Z Vertex 4 {m}

OS:Surface,
  {9e2084e4-ad19-44df-8840-0cdde15402c6}, !- Handle
  Point_Of_Sale_Wall_South,               !- Name
  Wall,                                   !- Surface Type
  ,                                       !- Construction Name
  {5e3f23ce-ce46-4ddb-aa00-f04cd954fb88}, !- Space Name
  Outdoors,                               !- Outside Boundary Condition
  ,                                       !- Outside Boundary Condition Object
  SunExposed,                             !- Sun Exposure
  WindExposed,                            !- Wind Exposure
  ,                                       !- View Factor to Ground
  ,                                       !- Number of Vertices
  0, 0, 6.096,                            !- X,Y,Z Vertex 1 {m}
  0, 0, 0,                                !- X,Y,Z Vertex 2 {m}
  25.135, 0, 0,                           !- X,Y,Z Vertex 3 {m}
  25.135, 0, 6.096;                       !- X,Y,Z Vertex 4 {m}

OS:SubSurface,
  {f29f0742-d78e-4901-835a-302597df7d48}, !- Handle
  skylights_R1C4,                         !- Name
  Skylight,                               !- Sub Surface Type
  ,                                       !- Construction Name
  {66414309-916b-416b-bfe4-4dedd3955db9}, !- Surface Name
  ,                                       !- Outside Boundary Condition Object
  ,                                       !- View Factor to Ground
  ,                                       !- Frame and Divider Name
  ,                                       !- Multiplier
  ,                                       !- Number of Vertices
  16.4592, 26.5268, 6.096,                !- X,Y,Z Vertex 1 {m}
  16.4592, 27.4412, 6.096,                !- X,Y,Z Vertex 2 {m}
  15.5448, 27.4412, 6.096,                !- X,Y,Z Vertex 3 {m}
  15.5448, 26.5268, 6.096;                !- X,Y,Z Vertex 4 {m}

OS:HeatBalanceAlgorithm,
  {318c86c4-06e2-43bc-afde-62940732115d}, !- Handle
  ConductionTransferFunction,             !- Algorithm
  200;                                    !- Surface Temperature Upper Limit {C}

OS:Surface,
  {81dda3e1-bd3c-457e-b12e-8a51c6c0efa9}, !- Handle
  Front_Entry_Floor,                      !- Name
  Floor,                                  !- Surface Type
  {432ee6c8-fc43-42ea-b8fa-37a1a564500c}, !- Construction Name
  {7f004107-3619-4e77-8241-17e92dc82fb2}, !- Space Name
  GroundFCfactorMethod,                   !- Outside Boundary Condition
  ,                                       !- Outside Boundary Condition Object
  NoSun,                                  !- Sun Exposure
  NoWind,                                 !- Wind Exposure
  ,                                       !- View Factor to Ground
  ,                                       !- Number of Vertices
  4, 3, 0,                                !- X,Y,Z Vertex 1 {m}
  4, 0, 0,                                !- X,Y,Z Vertex 2 {m}
  0, 0, 0,                                !- X,Y,Z Vertex 3 {m}
  0, 3, 0;                                !- X,Y,Z Vertex 4 {m}

OS:ShadowCalculation,
  {cc8cb12c-d8f0-4621-8b41-f00cdaead550}, !- Handle
  PolygonClipping,                        !- Shading Calculation Method
  ,                                       !- Shading Calculation Update Frequency Method
  30,                                     !- Shading Calculation Update Frequency
  15000,                                  !- Maximum Figures in Shadow Overlap Calculations
  ,                                       !- Polygon Clipping Algorithm
  512,                                    !- Pixel Counting Resolution
  ,                                       !- Sky Diffuse Modeling Algorithm
  No,                                     !- Output External Shading Calculation Results
  No,                                     !- Disable Self-Shading Within Shading Zone Groups
  No;                                     !- Disable Self-Shading From Shading Zone Groups to Other Zones

OS:Surface,
  {960fe736-0622-4c72-b943-236be6cef102}, !- Handle
  Front_Retail_Wall_West_2,               !- Name
  Wall,                                   !- Surface Type
  ,                                       !- Construction Name
  {5e7c1d0f-985d-4e7c-870a-fc6c94988ab0}, !- Space Name
  Surface,                                !- Outside Boundary Condition
  {3a803ae8-2739-4184-b647-2d63ff0aa034}, !- Outside Boundary Condition Object
  NoSun,                                  !- Sun Exposure
  NoWind,                                 !- Wind Exposure
  ,                                       !- View Factor to Ground
  ,                                       !- Number of Vertices
  0, 6, 6.096,                            !- X,Y,Z Vertex 1 {m}
  0, 6, 0,                                !- X,Y,Z Vertex 2 {m}
  0, 3, 0,                                !- X,Y,Z Vertex 3 {m}
  0, 3, 6.096;                            !- X,Y,Z Vertex 4 {m}

OS:Surface,
  {eef61dd9-cda5-4d48-a929-6afcaf9b7bc2}, !- Handle
  Core_Retail_Floor,                      !- Name
  Floor,                                  !- Surface Type
  {2b6b95d3-6a97-48f5-bde6-842649b0e901}, !- Construction Name
  {e3918e2f-852e-438a-a248-c13d9fc146d0}, !- Space Name
  GroundFCfactorMethod,                   !- Outside Boundary Condition
  ,                                       !- Outside Boundary Condition Object
  NoSun,                                  !- Sun Exposure
  NoWind,                                 !- Wind Exposure
  ,                                       !- View Factor to Ground
  ,                                       !- Number of Vertices
  54.27, 29.27, 0,                        !- X,Y,Z Vertex 1 {m}
  54.27, 0, 0,                            !- X,Y,Z Vertex 2 {m}
  29.135, 0, 0,                           !- X,Y,Z Vertex 3 {m}
  29.135, -3, 0,                          !- X,Y,Z Vertex 4 {m}
  25.135, -3, 0,                          !- X,Y,Z Vertex 5 {m}
  25.135, 0, 0,                           !- X,Y,Z Vertex 6 {m}
  0, 0, 0,                                !- X,Y,Z Vertex 7 {m}
  0, 29.27, 0;                            !- X,Y,Z Vertex 8 {m}

OS:Output:Meter,
  {9497f9cd-078f-4a57-875f-447b71785546}, !- Handle
  Electricity:Facility,                   !- Name
  hourly,                                 !- Reporting Frequency
  True,                                   !- Meter File Only
  False;                                  !- Cumulative

OS:SubSurface,
  {e1a3db3d-d2ab-49ea-ab9e-0768db4be47a}, !- Handle
  Front_Entry_Wall_South_Glazing,         !- Name
  FixedWindow,                            !- Sub Surface Type
  ,                                       !- Construction Name
  {12ad2ef1-1986-4d0d-aec9-9a5749ff76e8}, !- Surface Name
  ,                                       !- Outside Boundary Condition Object
  ,                                       !- View Factor to Ground
  ,                                       !- Frame and Divider Name
  1,                                      !- Multiplier
  ,                                       !- Number of Vertices
  0.5, 0, 2.66,                           !- X,Y,Z Vertex 1 {m}
  0.5, 0, 0.05,                           !- X,Y,Z Vertex 2 {m}
  3.5, 0, 0.05,                           !- X,Y,Z Vertex 3 {m}
  3.5, 0, 2.66;                           !- X,Y,Z Vertex 4 {m}

OS:Surface,
  {4558465b-f49a-4db7-8298-0505e3d34a13}, !- Handle
  Point_Of_Sale_Wall_East_1,              !- Name
  Wall,                                   !- Surface Type
  ,                                       !- Construction Name
  {5e3f23ce-ce46-4ddb-aa00-f04cd954fb88}, !- Space Name
  Surface,                                !- Outside Boundary Condition
  {d5faeb59-2fc1-4383-9e9b-3ddc4300d6b0}, !- Outside Boundary Condition Object
  NoSun,                                  !- Sun Exposure
  NoWind,                                 !- Wind Exposure
  ,                                       !- View Factor to Ground
  ,                                       !- Number of Vertices
  25.135, 0, 6.096,                       !- X,Y,Z Vertex 1 {m}
  25.135, 0, 0,                           !- X,Y,Z Vertex 2 {m}
  25.135, 3, 0,                           !- X,Y,Z Vertex 3 {m}
  25.135, 3, 6.096;                       !- X,Y,Z Vertex 4 {m}

OS:Surface,
  {1852250b-cd5f-44b6-a94a-ff29be82e036}, !- Handle
  Core_Retail_Wall_South_1,               !- Name
  Wall,                                   !- Surface Type
  ,                                       !- Construction Name
  {e3918e2f-852e-438a-a248-c13d9fc146d0}, !- Space Name
  Surface,                                !- Outside Boundary Condition
  {dfedf32b-8548-496f-92ef-3c47c8942074}, !- Outside Boundary Condition Object
  NoSun,                                  !- Sun Exposure
  NoWind,                                 !- Wind Exposure
  ,                                       !- View Factor to Ground
  ,                                       !- Number of Vertices
  0, 0, 6.096,                            !- X,Y,Z Vertex 1 {m}
  0, 0, 0,                                !- X,Y,Z Vertex 2 {m}
  25.135, 0, 0,                           !- X,Y,Z Vertex 3 {m}
  25.135, 0, 6.096;                       !- X,Y,Z Vertex 4 {m}

OS:SubSurface,
  {e5db8733-b3ae-4f23-894d-642179e6b95b}, !- Handle
  Front_Retail_Wall_South_Glazing,        !- Name
  FixedWindow,                            !- Sub Surface Type
  ,                                       !- Construction Name
  {afeaa6e3-da01-4f58-a03f-b7c5ca072c2c}, !- Surface Name
  ,                                       !- Outside Boundary Condition Object
  ,                                       !- View Factor to Ground
  ,                                       !- Frame and Divider Name
  1,                                      !- Multiplier
  ,                                       !- Number of Vertices
  0.05, 0, 2.66,                          !- X,Y,Z Vertex 1 {m}
  0.05, 0, 1.14,                          !- X,Y,Z Vertex 2 {m}
  25.085, 0, 1.14,                        !- X,Y,Z Vertex 3 {m}
  25.085, 0, 2.66;                        !- X,Y,Z Vertex 4 {m}

OS:Surface,
  {3ae37316-624c-4632-bdab-1ea58a08e340}, !- Handle
  Front_Retail_Walll_East,                !- Name
  Wall,                                   !- Surface Type
  ,                                       !- Construction Name
  {5e7c1d0f-985d-4e7c-870a-fc6c94988ab0}, !- Space Name
  Outdoors,                               !- Outside Boundary Condition
  ,                                       !- Outside Boundary Condition Object
  SunExposed,                             !- Sun Exposure
  WindExposed,                            !- Wind Exposure
  ,                                       !- View Factor to Ground
  ,                                       !- Number of Vertices
  25.135, 0, 6.096,                       !- X,Y,Z Vertex 1 {m}
  25.135, 0, 0,                           !- X,Y,Z Vertex 2 {m}
  25.135, 6, 0,                           !- X,Y,Z Vertex 3 {m}
  25.135, 6, 6.096;                       !- X,Y,Z Vertex 4 {m}

OS:Surface,
  {5c916dd3-bde7-4d45-91c4-99d855dedf21}, !- Handle
  Point_Of_Sale_Floor,                    !- Name
  Floor,                                  !- Surface Type
  {f30513b3-d016-40fc-975b-331805efbf82}, !- Construction Name
  {5e3f23ce-ce46-4ddb-aa00-f04cd954fb88}, !- Space Name
  GroundFCfactorMethod,                   !- Outside Boundary Condition
  ,                                       !- Outside Boundary Condition Object
  NoSun,                                  !- Sun Exposure
  NoWind,                                 !- Wind Exposure
  ,                                       !- View Factor to Ground
  ,                                       !- Number of Vertices
  25.135, 6, 0,                           !- X,Y,Z Vertex 1 {m}
  25.135, 0, 0,                           !- X,Y,Z Vertex 2 {m}
  0, 0, 0,                                !- X,Y,Z Vertex 3 {m}
  0, 6, 0;                                !- X,Y,Z Vertex 4 {m}

OS:SubSurface,
  {50fe01ef-0210-489e-a0bb-07e3a5b6f394}, !- Handle
  skylights_R2C2,                         !- Name
  Skylight,                               !- Sub Surface Type
  ,                                       !- Construction Name
  {66414309-916b-416b-bfe4-4dedd3955db9}, !- Surface Name
  ,                                       !- Outside Boundary Condition Object
  ,                                       !- View Factor to Ground
  ,                                       !- Frame and Divider Name
  ,                                       !- Multiplier
  ,                                       !- Number of Vertices
  7.3152, 21.9548, 6.096,                 !- X,Y,Z Vertex 1 {m}
  7.3152, 22.8692, 6.096,                 !- X,Y,Z Vertex 2 {m}
  6.4008, 22.8692, 6.096,                 !- X,Y,Z Vertex 3 {m}
  6.4008, 21.9548, 6.096;                 !- X,Y,Z Vertex 4 {m}

OS:Timestep,
  {dc8c7b54-eac1-4b70-989c-cb6e1d922d80}, !- Handle
  6;                                      !- Number of Timesteps per Hour

OS:Surface,
  {497b3d76-615d-459c-a4ee-bc25db29d4b4}, !- Handle
  Back_Space_Wall_East,                   !- Name
  Wall,                                   !- Surface Type
  ,                                       !- Construction Name
  {3d4b9ba5-883d-4fc8-bf66-520e25258a41}, !- Space Name
  Outdoors,                               !- Outside Boundary Condition
  ,                                       !- Outside Boundary Condition Object
  SunExposed,                             !- Sun Exposure
  WindExposed,                            !- Wind Exposure
  ,                                       !- View Factor to Ground
  ,                                       !- Number of Vertices
  54.27, 0, 6.096,                        !- X,Y,Z Vertex 1 {m}
  54.27, 0, 0,                            !- X,Y,Z Vertex 2 {m}
  54.27, 7, 0,                            !- X,Y,Z Vertex 3 {m}
  54.27, 7, 6.096;                        !- X,Y,Z Vertex 4 {m}

OS:Surface,
  {95d26802-2d02-4ac3-b268-576e092894e3}, !- Handle
  Point_Of_Sale_Roof,                     !- Name
  RoofCeiling,                            !- Surface Type
  ,                                       !- Construction Name
  {5e3f23ce-ce46-4ddb-aa00-f04cd954fb88}, !- Space Name
  Outdoors,                               !- Outside Boundary Condition
  ,                                       !- Outside Boundary Condition Object
  SunExposed,                             !- Sun Exposure
  WindExposed,                            !- Wind Exposure
  ,                                       !- View Factor to Ground
  ,                                       !- Number of Vertices
  25.135, 0, 6.096,                       !- X,Y,Z Vertex 1 {m}
  25.135, 6, 6.096,                       !- X,Y,Z Vertex 2 {m}
  0, 6, 6.096,                            !- X,Y,Z Vertex 3 {m}
  0, 0, 6.096;                            !- X,Y,Z Vertex 4 {m}

OS:Surface,
  {1a114045-9b3c-4959-8064-d53efda4b6b3}, !- Handle
  Point_Of_Sale_Wall_West,                !- Name
  Wall,                                   !- Surface Type
  ,                                       !- Construction Name
  {5e3f23ce-ce46-4ddb-aa00-f04cd954fb88}, !- Space Name
  Outdoors,                               !- Outside Boundary Condition
  ,                                       !- Outside Boundary Condition Object
  SunExposed,                             !- Sun Exposure
  WindExposed,                            !- Wind Exposure
  ,                                       !- View Factor to Ground
  ,                                       !- Number of Vertices
  0, 6, 6.096,                            !- X,Y,Z Vertex 1 {m}
  0, 6, 0,                                !- X,Y,Z Vertex 2 {m}
  0, 0, 0,                                !- X,Y,Z Vertex 3 {m}
  0, 0, 6.096;                            !- X,Y,Z Vertex 4 {m}

OS:SubSurface,
  {a06b680e-1e4c-43de-b25d-c4e5c66b6eba}, !- Handle
  Point_Of_Sale_Wall_South_Glazing,       !- Name
  FixedWindow,                            !- Sub Surface Type
  ,                                       !- Construction Name
  {9e2084e4-ad19-44df-8840-0cdde15402c6}, !- Surface Name
  ,                                       !- Outside Boundary Condition Object
  ,                                       !- View Factor to Ground
  ,                                       !- Frame and Divider Name
  1,                                      !- Multiplier
  ,                                       !- Number of Vertices
  0.05, 0, 2.66,                          !- X,Y,Z Vertex 1 {m}
  0.05, 0, 1.14,                          !- X,Y,Z Vertex 2 {m}
  25.085, 0, 1.14,                        !- X,Y,Z Vertex 3 {m}
  25.085, 0, 2.66;                        !- X,Y,Z Vertex 4 {m}

OS:SubSurface,
  {99c5a6e7-df1f-4d5b-a854-ba3d237d23f2}, !- Handle
  skylights_R2C3,                         !- Name
  Skylight,                               !- Sub Surface Type
  ,                                       !- Construction Name
  {66414309-916b-416b-bfe4-4dedd3955db9}, !- Surface Name
  ,                                       !- Outside Boundary Condition Object
  ,                                       !- View Factor to Ground
  ,                                       !- Frame and Divider Name
  ,                                       !- Multiplier
  ,                                       !- Number of Vertices
  11.8872, 21.9548, 6.096,                !- X,Y,Z Vertex 1 {m}
  11.8872, 22.8692, 6.096,                !- X,Y,Z Vertex 2 {m}
  10.9728, 22.8692, 6.096,                !- X,Y,Z Vertex 3 {m}
  10.9728, 21.9548, 6.096;                !- X,Y,Z Vertex 4 {m}

OS:SubSurface,
  {33c42fc5-e881-4346-99b8-a3b5b0aeb932}, !- Handle
  skylights_R1C1,                         !- Name
  Skylight,                               !- Sub Surface Type
  ,                                       !- Construction Name
  {66414309-916b-416b-bfe4-4dedd3955db9}, !- Surface Name
  ,                                       !- Outside Boundary Condition Object
  ,                                       !- View Factor to Ground
  ,                                       !- Frame and Divider Name
  ,                                       !- Multiplier
  ,                                       !- Number of Vertices
  2.7432, 26.5268, 6.096,                 !- X,Y,Z Vertex 1 {m}
  2.7432, 27.4412, 6.096,                 !- X,Y,Z Vertex 2 {m}
  1.8288, 27.4412, 6.096,                 !- X,Y,Z Vertex 3 {m}
  1.8288, 26.5268, 6.096;                 !- X,Y,Z Vertex 4 {m}

OS:Surface,
  {e42063ec-2325-440d-9739-c9a58e68b8bc}, !- Handle
  Back_Space_Wall_South,                  !- Name
  Wall,                                   !- Surface Type
  ,                                       !- Construction Name
  {3d4b9ba5-883d-4fc8-bf66-520e25258a41}, !- Space Name
  Surface,                                !- Outside Boundary Condition
  {dae5ee84-b7b9-42f8-aaec-852cd6808849}, !- Outside Boundary Condition Object
  NoSun,                                  !- Sun Exposure
  NoWind,                                 !- Wind Exposure
  ,                                       !- View Factor to Ground
  ,                                       !- Number of Vertices
  0, 0, 6.096,                            !- X,Y,Z Vertex 1 {m}
  0, 0, 0,                                !- X,Y,Z Vertex 2 {m}
  54.27, 0, 0,                            !- X,Y,Z Vertex 3 {m}
  54.27, 0, 6.096;                        !- X,Y,Z Vertex 4 {m}

OS:SubSurface,
  {fcd735a4-d028-44ba-89e5-dc823f2504f9}, !- Handle
  skylights_R2C4,                         !- Name
  Skylight,                               !- Sub Surface Type
  ,                                       !- Construction Name
  {66414309-916b-416b-bfe4-4dedd3955db9}, !- Surface Name
  ,                                       !- Outside Boundary Condition Object
  ,                                       !- View Factor to Ground
  ,                                       !- Frame and Divider Name
  ,                                       !- Multiplier
  ,                                       !- Number of Vertices
  16.4592, 21.9548, 6.096,                !- X,Y,Z Vertex 1 {m}
  16.4592, 22.8692, 6.096,                !- X,Y,Z Vertex 2 {m}
  15.5448, 22.8692, 6.096,                !- X,Y,Z Vertex 3 {m}
  15.5448, 21.9548, 6.096;                !- X,Y,Z Vertex 4 {m}

OS:Surface,
  {d5faeb59-2fc1-4383-9e9b-3ddc4300d6b0}, !- Handle
  Front_Entry_Wall_West,                  !- Name
  Wall,                                   !- Surface Type
  ,                                       !- Construction Name
  {7f004107-3619-4e77-8241-17e92dc82fb2}, !- Space Name
  Surface,                                !- Outside Boundary Condition
  {4558465b-f49a-4db7-8298-0505e3d34a13}, !- Outside Boundary Condition Object
  NoSun,                                  !- Sun Exposure
  NoWind,                                 !- Wind Exposure
  ,                                       !- View Factor to Ground
  ,                                       !- Number of Vertices
  0, 3, 6.096,                            !- X,Y,Z Vertex 1 {m}
  0, 3, 0,                                !- X,Y,Z Vertex 2 {m}
  0, 0, 0,                                !- X,Y,Z Vertex 3 {m}
  0, 0, 6.096;                            !- X,Y,Z Vertex 4 {m}

OS:Surface,
  {98c24477-10ec-4f3d-87e5-9db420cc287c}, !- Handle
  Back_Space_Floor,                       !- Name
  Floor,                                  !- Surface Type
  {a992d7d4-7d33-4928-89b1-b9fb6f20ef56}, !- Construction Name
  {3d4b9ba5-883d-4fc8-bf66-520e25258a41}, !- Space Name
  GroundFCfactorMethod,                   !- Outside Boundary Condition
  ,                                       !- Outside Boundary Condition Object
  NoSun,                                  !- Sun Exposure
  NoWind,                                 !- Wind Exposure
  ,                                       !- View Factor to Ground
  ,                                       !- Number of Vertices
  54.27, 7, 0,                            !- X,Y,Z Vertex 1 {m}
  54.27, 0, 0,                            !- X,Y,Z Vertex 2 {m}
  0, 0, 0,                                !- X,Y,Z Vertex 3 {m}
  0, 7, 0;                                !- X,Y,Z Vertex 4 {m}

OS:Surface,
  {cd106df3-1492-4498-bf8a-601594237798}, !- Handle
  Point_Of_Sale_Wall_East_2,              !- Name
  Wall,                                   !- Surface Type
  ,                                       !- Construction Name
  {5e3f23ce-ce46-4ddb-aa00-f04cd954fb88}, !- Space Name
  Surface,                                !- Outside Boundary Condition
  {19ec567f-0ccb-409d-aaa3-9dc4abcb95e1}, !- Outside Boundary Condition Object
  NoSun,                                  !- Sun Exposure
  NoWind,                                 !- Wind Exposure
  ,                                       !- View Factor to Ground
  ,                                       !- Number of Vertices
  25.135, 3, 6.096,                       !- X,Y,Z Vertex 1 {m}
  25.135, 3, 0,                           !- X,Y,Z Vertex 2 {m}
  25.135, 6, 0,                           !- X,Y,Z Vertex 3 {m}
  25.135, 6, 6.096;                       !- X,Y,Z Vertex 4 {m}

OS:Surface,
  {19ec567f-0ccb-409d-aaa3-9dc4abcb95e1}, !- Handle
  Core_Retail_Wall_West_1,                !- Name
  Wall,                                   !- Surface Type
  ,                                       !- Construction Name
  {e3918e2f-852e-438a-a248-c13d9fc146d0}, !- Space Name
  Surface,                                !- Outside Boundary Condition
  {cd106df3-1492-4498-bf8a-601594237798}, !- Outside Boundary Condition Object
  NoSun,                                  !- Sun Exposure
  NoWind,                                 !- Wind Exposure
  ,                                       !- View Factor to Ground
  ,                                       !- Number of Vertices
  25.135, 0, 6.096,                       !- X,Y,Z Vertex 1 {m}
  25.135, 0, 0,                           !- X,Y,Z Vertex 2 {m}
  25.135, -3, 0,                          !- X,Y,Z Vertex 3 {m}
  25.135, -3, 6.096;                      !- X,Y,Z Vertex 4 {m}

OS:Surface,
  {e9ea283a-7d19-4654-a64d-5ded0ce818f1}, !- Handle
  Front_Retail_Wall_West_1,               !- Name
  Wall,                                   !- Surface Type
  ,                                       !- Construction Name
  {5e7c1d0f-985d-4e7c-870a-fc6c94988ab0}, !- Space Name
  Surface,                                !- Outside Boundary Condition
  {ed2cbebc-a5c1-442a-a057-de1fb5b96d78}, !- Outside Boundary Condition Object
  NoSun,                                  !- Sun Exposure
  NoWind,                                 !- Wind Exposure
  ,                                       !- View Factor to Ground
  ,                                       !- Number of Vertices
  0, 3, 6.096,                            !- X,Y,Z Vertex 1 {m}
  0, 3, 0,                                !- X,Y,Z Vertex 2 {m}
  0, 0, 0,                                !- X,Y,Z Vertex 3 {m}
  0, 0, 6.096;                            !- X,Y,Z Vertex 4 {m}

OS:Building,
  {9404bf7e-81e4-47ca-abc2-81298dbab891}, !- Handle
  -RetailStandalone-ASHRAE 169-2013-5A created: 2025-01-03 03:42:14 -0500, !- Name
  ,                                       !- Building Sector Type
  0,                                      !- North Axis {deg}
  ,                                       !- Nominal Floor to Floor Height {m}
  ,                                       !- Space Type Name
  {bb7e6b03-0755-4932-9de0-f67b26599497}, !- Default Construction Set Name
  ,                                       !- Default Schedule Set Name
  1,                                      !- Standards Number of Stories
  1,                                      !- Standards Number of Above Ground Stories
  ,                                       !- Standards Template
  RetailStandalone;                       !- Standards Building Type

OS:Surface,
  {43572da1-981a-4d4f-82a7-bc1f9be9e514}, !- Handle
  Front_Entry_Wall_North,                 !- Name
  Wall,                                   !- Surface Type
  ,                                       !- Construction Name
  {7f004107-3619-4e77-8241-17e92dc82fb2}, !- Space Name
  Surface,                                !- Outside Boundary Condition
  {2bffbdce-0ae2-4874-b454-da281e05376d}, !- Outside Boundary Condition Object
  NoSun,                                  !- Sun Exposure
  NoWind,                                 !- Wind Exposure
  ,                                       !- View Factor to Ground
  ,                                       !- Number of Vertices
  4, 3, 6.096,                            !- X,Y,Z Vertex 1 {m}
  4, 3, 0,                                !- X,Y,Z Vertex 2 {m}
  0, 3, 0,                                !- X,Y,Z Vertex 3 {m}
  0, 3, 6.096;                            !- X,Y,Z Vertex 4 {m}

OS:Surface,
  {dfedf32b-8548-496f-92ef-3c47c8942074}, !- Handle
  Point_Of_Sale_Wall_North,               !- Name
  Wall,                                   !- Surface Type
  ,                                       !- Construction Name
  {5e3f23ce-ce46-4ddb-aa00-f04cd954fb88}, !- Space Name
  Surface,                                !- Outside Boundary Condition
  {1852250b-cd5f-44b6-a94a-ff29be82e036}, !- Outside Boundary Condition Object
  NoSun,                                  !- Sun Exposure
  NoWind,                                 !- Wind Exposure
  ,                                       !- View Factor to Ground
  ,                                       !- Number of Vertices
  25.135, 6, 6.096,                       !- X,Y,Z Vertex 1 {m}
  25.135, 6, 0,                           !- X,Y,Z Vertex 2 {m}
  0, 6, 0,                                !- X,Y,Z Vertex 3 {m}
  0, 6, 6.096;                            !- X,Y,Z Vertex 4 {m}

OS:Output:Meter,
  {73249ab1-2e58-4a47-8060-858dfd123194}, !- Handle
  Electricity:HVAC,                       !- Name
  hourly,                                 !- Reporting Frequency
  True,                                   !- Meter File Only
  False;                                  !- Cumulative

OS:SubSurface,
  {e6c745e6-293e-4ef6-924b-f616de4707b1}, !- Handle
  skylights_R1C2,                         !- Name
  Skylight,                               !- Sub Surface Type
  ,                                       !- Construction Name
  {66414309-916b-416b-bfe4-4dedd3955db9}, !- Surface Name
  ,                                       !- Outside Boundary Condition Object
  ,                                       !- View Factor to Ground
  ,                                       !- Frame and Divider Name
  ,                                       !- Multiplier
  ,                                       !- Number of Vertices
  7.3152, 26.5268, 6.096,                 !- X,Y,Z Vertex 1 {m}
  7.3152, 27.4412, 6.096,                 !- X,Y,Z Vertex 2 {m}
  6.4008, 27.4412, 6.096,                 !- X,Y,Z Vertex 3 {m}
  6.4008, 26.5268, 6.096;                 !- X,Y,Z Vertex 4 {m}

OS:Surface,
  {c51f39b4-e5aa-40c4-bc25-19a3349e3639}, !- Handle
  Front_Retail_Roof,                      !- Name
  RoofCeiling,                            !- Surface Type
  ,                                       !- Construction Name
  {5e7c1d0f-985d-4e7c-870a-fc6c94988ab0}, !- Space Name
  Outdoors,                               !- Outside Boundary Condition
  ,                                       !- Outside Boundary Condition Object
  SunExposed,                             !- Sun Exposure
  WindExposed,                            !- Wind Exposure
  ,                                       !- View Factor to Ground
  ,                                       !- Number of Vertices
  25.135, 0, 6.096,                       !- X,Y,Z Vertex 1 {m}
  25.135, 6, 6.096,                       !- X,Y,Z Vertex 2 {m}
  0, 6, 6.096,                            !- X,Y,Z Vertex 3 {m}
  0, 0, 6.096;                            !- X,Y,Z Vertex 4 {m}

OS:Surface,
  {dae5ee84-b7b9-42f8-aaec-852cd6808849}, !- Handle
  Core_Retail_Wall_North,                 !- Name
  Wall,                                   !- Surface Type
  ,                                       !- Construction Name
  {e3918e2f-852e-438a-a248-c13d9fc146d0}, !- Space Name
  Surface,                                !- Outside Boundary Condition
  {e42063ec-2325-440d-9739-c9a58e68b8bc}, !- Outside Boundary Condition Object
  NoSun,                                  !- Sun Exposure
  NoWind,                                 !- Wind Exposure
  ,                                       !- View Factor to Ground
  ,                                       !- Number of Vertices
  54.27, 29.27, 6.096,                    !- X,Y,Z Vertex 1 {m}
  54.27, 29.27, 0,                        !- X,Y,Z Vertex 2 {m}
  0, 29.27, 0,                            !- X,Y,Z Vertex 3 {m}
  0, 29.27, 6.096;                        !- X,Y,Z Vertex 4 {m}

OS:Output:Meter,
  {e6047b80-cd82-4a9a-83cf-7f2035d671d1}, !- Handle
  NaturalGas:Facility,                    !- Name
  hourly,                                 !- Reporting Frequency
  True,                                   !- Meter File Only
  False;                                  !- Cumulative

OS:RunPeriod,
  {43544a48-d442-44fd-b0e5-b04573ce5441}, !- Handle
  Run Period 1,                           !- Name
  1,                                      !- Begin Month
  1,                                      !- Begin Day of Month
  12,                                     !- End Month
  31,                                     !- End Day of Month
  No,                                     !- Use Weather File Holidays and Special Days
  No,                                     !- Use Weather File Daylight Saving Period
  No,                                     !- Apply Weekend Holiday Rule
  Yes,                                    !- Use Weather File Rain Indicators
  Yes,                                    !- Use Weather File Snow Indicators
  1;                                      !- Number of Times Runperiod to be Repeated

OS:YearDescription,
  {ee2caffd-5101-4a4d-a376-58c7298e36d3}, !- Handle
  ,                                       !- Calendar Year
  Sunday;                                 !- Day of Week for Start Day

OS:Surface,
  {ed2cbebc-a5c1-442a-a057-de1fb5b96d78}, !- Handle
  Front_Entry_Wall_East,                  !- Name
  Wall,                                   !- Surface Type
  ,                                       !- Construction Name
  {7f004107-3619-4e77-8241-17e92dc82fb2}, !- Space Name
  Surface,                                !- Outside Boundary Condition
  {e9ea283a-7d19-4654-a64d-5ded0ce818f1}, !- Outside Boundary Condition Object
  NoSun,                                  !- Sun Exposure
  NoWind,                                 !- Wind Exposure
  ,                                       !- View Factor to Ground
  ,                                       !- Number of Vertices
  4, 0, 6.096,                            !- X,Y,Z Vertex 1 {m}
  4, 0, 0,                                !- X,Y,Z Vertex 2 {m}
  4, 3, 0,                                !- X,Y,Z Vertex 3 {m}
  4, 3, 6.096;                            !- X,Y,Z Vertex 4 {m}

OS:Surface,
  {3a803ae8-2739-4184-b647-2d63ff0aa034}, !- Handle
  Core_Retail_Wall_East_1,                !- Name
  Wall,                                   !- Surface Type
  ,                                       !- Construction Name
  {e3918e2f-852e-438a-a248-c13d9fc146d0}, !- Space Name
  Surface,                                !- Outside Boundary Condition
  {960fe736-0622-4c72-b943-236be6cef102}, !- Outside Boundary Condition Object
  NoSun,                                  !- Sun Exposure
  NoWind,                                 !- Wind Exposure
  ,                                       !- View Factor to Ground
  ,                                       !- Number of Vertices
  29.135, -3, 6.096,                      !- X,Y,Z Vertex 1 {m}
  29.135, -3, 0,                          !- X,Y,Z Vertex 2 {m}
  29.135, 0, 0,                           !- X,Y,Z Vertex 3 {m}
  29.135, 0, 6.096;                       !- X,Y,Z Vertex 4 {m}

OS:Surface,
  {caf59e49-69db-41d4-87e3-93610c671f8d}, !- Handle
  Core_Retail_Wall_East_2,                !- Name
  Wall,                                   !- Surface Type
  ,                                       !- Construction Name
  {e3918e2f-852e-438a-a248-c13d9fc146d0}, !- Space Name
  Outdoors,                               !- Outside Boundary Condition
  ,                                       !- Outside Boundary Condition Object
  SunExposed,                             !- Sun Exposure
  WindExposed,                            !- Wind Exposure
  ,                                       !- View Factor to Ground
  ,                                       !- Number of Vertices
  54.27, 0, 6.096,                        !- X,Y,Z Vertex 1 {m}
  54.27, 0, 0,                            !- X,Y,Z Vertex 2 {m}
  54.27, 29.27, 0,                        !- X,Y,Z Vertex 3 {m}
  54.27, 29.27, 6.096;                    !- X,Y,Z Vertex 4 {m}

OS:SubSurface,
  {2cfa3be8-307a-49bd-b36e-bc84a361d9ea}, !- Handle
  skylights_R2C1,                         !- Name
  Skylight,                               !- Sub Surface Type
  ,                                       !- Construction Name
  {66414309-916b-416b-bfe4-4dedd3955db9}, !- Surface Name
  ,                                       !- Outside Boundary Condition Object
  ,                                       !- View Factor to Ground
  ,                                       !- Frame and Divider Name
  ,                                       !- Multiplier
  ,                                       !- Number of Vertices
  2.7432, 21.9548, 6.096,                 !- X,Y,Z Vertex 1 {m}
  2.7432, 22.8692, 6.096,                 !- X,Y,Z Vertex 2 {m}
  1.8288, 22.8692, 6.096,                 !- X,Y,Z Vertex 3 {m}
  1.8288, 21.9548, 6.096;                 !- X,Y,Z Vertex 4 {m}

OS:Facility,
  {bf3c8aa7-2bce-454a-ae15-a570f36e3496}; !- Handle

OS:BuildingStory,
  {c7a01718-b524-4001-b115-c6ec1f1565c1}, !- Handle
  Building Story 1,                       !- Name
  0,                                      !- Nominal Z Coordinate {m}
  ,                                       !- Nominal Floor to Floor Height {m}
  ,                                       !- Default Construction Set Name
  ,                                       !- Default Schedule Set Name
  ;                                       !- Group Rendering Name

OS:SpaceType,
  {97f23ccd-8db1-4550-b7eb-9fd314f98603}, !- Handle
  Retail Back_Space,                      !- Name
  ,                                       !- Default Construction Set Name
  {b18635e6-5d18-42d2-8264-8706996048b0}, !- Default Schedule Set Name
  {86bca168-9ac3-48ef-aabc-dd837815f1fb}, !- Group Rendering Name
  {27593061-f3ca-44f3-a0d8-c66e14a1a777}, !- Design Specification Outdoor Air Object Name
  ,                                       !- Standards Template
  Retail,                                 !- Standards Building Type
  Back_Space;                             !- Standards Space Type

OS:SpaceType,
  {0bcafa2d-62fc-4553-b313-ffb78a469e75}, !- Handle
  Retail Entry,                           !- Name
  ,                                       !- Default Construction Set Name
  {3a7abc89-5261-40b3-8acb-888761eff9d5}, !- Default Schedule Set Name
  {d3248d6b-10fe-4ee6-bf03-42960bbecf0c}, !- Group Rendering Name
  {0c037bb1-4ae7-4709-a530-fb1e7b4f2993}, !- Design Specification Outdoor Air Object Name
  ,                                       !- Standards Template
  Retail,                                 !- Standards Building Type
  Entry;                                  !- Standards Space Type

OS:SpaceType,
  {bee7a769-0f42-4be2-92b3-1f1cd06fa604}, !- Handle
  Retail Point_of_Sale,                   !- Name
  ,                                       !- Default Construction Set Name
  {d718c41a-9540-417d-beb6-e1c2ee39f357}, !- Default Schedule Set Name
  {2758a6d5-8688-41ff-bfdb-f6820955233d}, !- Group Rendering Name
  {be27eb8c-48b1-4cc0-b437-b1b12761b431}, !- Design Specification Outdoor Air Object Name
  ,                                       !- Standards Template
  Retail,                                 !- Standards Building Type
  Point_of_Sale;                          !- Standards Space Type

OS:SpaceType,
  {41f69eaa-5eeb-42eb-996c-0f4de8e4a667}, !- Handle
  Retail Retail,                          !- Name
  ,                                       !- Default Construction Set Name
  {8de27247-7a44-438c-b880-eadaae959bb9}, !- Default Schedule Set Name
  {44563213-e940-400e-b1a8-3a136070987b}, !- Group Rendering Name
  {0a4246ee-b3b7-4ee9-a782-28f7ac84a103}, !- Design Specification Outdoor Air Object Name
  ,                                       !- Standards Template
  Retail,                                 !- Standards Building Type
  Retail;                                 !- Standards Space Type

OS:SubSurface,
  {bc65c732-39af-58a6-accd-c61dc5ff3db1}, !- Handle
  Core_Retail_Wall_West_2_Door3,          !- Name
  Door,                                   !- Sub Surface Type
  ,                                       !- Construction Name
  {a31f7ea1-1720-443d-b667-3a336eea09fd}, !- Surface Name
  ,                                       !- Outside Boundary Condition Object
  ,                                       !- View Factor to Ground
  ,                                       !- Frame and Divider Name
  1,                                      !- Multiplier
  ,                                       !- Number of Vertices
  0, 2.538037755411, 2.1336,              !- X,Y,Z Vertex 1 {m}
  0, 2.538037755411, 0,                   !- X,Y,Z Vertex 2 {m}
  0, 1.623637755411, 0,                   !- X,Y,Z Vertex 3 {m}
  0, 1.623637755411, 2.1336;              !- X,Y,Z Vertex 4 {m}

OS:SubSurface,
  {cd65c732-39ef-28a6-adcd-c21dc5ff3ab1}, !- Handle
  Core_Retail_Wall_West_2_Door2,          !- Name
  Door,                                   !- Sub Surface Type
  ,                                       !- Construction Name
  {a31f7ea1-1720-443d-b667-3a336eea09fd}, !- Surface Name
  ,                                       !- Outside Boundary Condition Object
  ,                                       !- View Factor to Ground
  ,                                       !- Frame and Divider Name
  1,                                      !- Multiplier
  ,                                       !- Number of Vertices
  0, 13.841575894014, 2.1336,             !- X,Y,Z Vertex 1 {m}
  0, 13.841575894014, 0,                  !- X,Y,Z Vertex 2 {m}
  0, 12.927175894014, 0,                  !- X,Y,Z Vertex 3 {m}
  0, 12.927175894014, 2.1336;             !- X,Y,Z Vertex 4 {m}

OS:SubSurface,
  {ca25c732-32ef-23a6-bdcd-b21dc5ff3ad1}, !- Handle
  Core_Retail_Wall_West_2_Door1,          !- Name
  Door,                                   !- Sub Surface Type
  ,                                       !- Construction Name
  {a31f7ea1-1720-443d-b667-3a336eea09fd}, !- Surface Name
  ,                                       !- Outside Boundary Condition Object
  ,                                       !- View Factor to Ground
  ,                                       !- Frame and Divider Name
  1,                                      !- Multiplier
  ,                                       !- Number of Vertices
  0, 25.062342286061, 2.1336,             !- X,Y,Z Vertex 1 {m}
  0, 25.062342286061, 0,                  !- X,Y,Z Vertex 2 {m}
  0, 24.147942286061, 0,                  !- X,Y,Z Vertex 3 {m}
  0, 24.147942286061, 2.1336;             !- X,Y,Z Vertex 4 {m}

OS:SubSurface,
  {ba21c712-12cf-21b6-adcd-a21dc5ff3ac1}, !- Handle
  Core_Retail_Wall_East_2_Door1,          !- Name
  Door,                                   !- Sub Surface Type
  ,                                       !- Construction Name
  {caf59e49-69db-41d4-87e3-93610c671f8d}, !- Surface Name
  ,                                       !- Outside Boundary Condition Object
  ,                                       !- View Factor to Ground
  ,                                       !- Frame and Divider Name
  1,                                      !- Multiplier
  ,                                       !- Number of Vertices
  54.27, 3.438494104366, 2.1336,          !- X,Y,Z Vertex 1 {m}
  54.27, 3.438494104366, 0,               !- X,Y,Z Vertex 2 {m}
  54.27, 4.352894104366, 0,               !- X,Y,Z Vertex 3 {m}
  54.27, 4.352894104366, 2.1336;          !- X,Y,Z Vertex 4 {m}

OS:SubSurface,
  {bc11c513-52cf-43b6-adbd-b21dc5ff3ab4}, !- Handle
  Core_Retail_Wall_East_2_Door2,          !- Name
  Door,                                   !- Sub Surface Type
  ,                                       !- Construction Name
  {caf59e49-69db-41d4-87e3-93610c671f8d}, !- Surface Name
  ,                                       !- Outside Boundary Condition Object
  ,                                       !- View Factor to Ground
  ,                                       !- Frame and Divider Name
  1,                                      !- Multiplier
  ,                                       !- Number of Vertices
  54.27, 13.809396313442, 2.1336,         !- X,Y,Z Vertex 1 {m}
  54.27, 13.809396313442, 0,              !- X,Y,Z Vertex 2 {m}
  54.27, 14.723796313442, 0,              !- X,Y,Z Vertex 3 {m}
  54.27, 14.723796313442, 2.1336;         !- X,Y,Z Vertex 4 {m}

OS:SubSurface,
  {bc11c633-12af-41e6-afed-b33dc5ef3eb4}, !- Handle
  Core_Retail_Wall_East_2_Door3,          !- Name
  Door,                                   !- Sub Surface Type
  ,                                       !- Construction Name
  {caf59e49-69db-41d4-87e3-93610c671f8d}, !- Surface Name
  ,                                       !- Outside Boundary Condition Object
  ,                                       !- View Factor to Ground
  ,                                       !- Frame and Divider Name
  1,                                      !- Multiplier
  ,                                       !- Number of Vertices
  54.27, 24.234478195589, 2.1336,         !- X,Y,Z Vertex 1 {m}
  54.27, 24.234478195589, 0,              !- X,Y,Z Vertex 2 {m}
  54.27, 25.148878195589, 0,              !- X,Y,Z Vertex 3 {m}
  54.27, 25.148878195589, 2.1336;         !- X,Y,Z Vertex 4 {m}

OS:SubSurface,
  {ef11c631-44af-41e4-bced-c33dc5ef3cf1}, !- Handle
  Back_Space_Wall_North_Door1,            !- Name
  Door,                                   !- Sub Surface Type
  ,                                       !- Construction Name
  {fd1a4dbd-7476-471d-8700-4f09fca3ccc1}, !- Surface Name
  ,                                       !- Outside Boundary Condition Object
  ,                                       !- View Factor to Ground
  ,                                       !- Frame and Divider Name
  1,                                      !- Multiplier
  ,                                       !- Number of Vertices
  44.209918073175, 7, 2.1336,             !- X,Y,Z Vertex 1 {m}
  44.209918073175, 7, 0,                  !- X,Y,Z Vertex 2 {m}
  43.295518073175, 7, 0,                  !- X,Y,Z Vertex 3 {m}
  43.295518073175, 7, 2.1336;             !- X,Y,Z Vertex 4 {m}

OS:SubSurface,
  {ef11f231-24cf-21f3-fced-c43dc4ec4cf1}, !- Handle
  Back_Space_Wall_North_Door2,            !- Name
  Door,                                   !- Sub Surface Type
  ,                                       !- Construction Name
  {fd1a4dbd-7476-471d-8700-4f09fca3ccc1}, !- Surface Name
  ,                                       !- Outside Boundary Condition Object
  ,                                       !- View Factor to Ground
  ,                                       !- Frame and Divider Name
  1,                                      !- Multiplier
  ,                                       !- Number of Vertices
  11.745274671376, 7, 2.1336,             !- X,Y,Z Vertex 1 {m}
  11.745274671376, 7, 0,                  !- X,Y,Z Vertex 2 {m}
  10.830874671376, 7, 0,                  !- X,Y,Z Vertex 3 {m}
  10.830874671376, 7, 2.1336;             !- X,Y,Z Vertex 4 {m}

OS:SubSurface,
  {cc11c432-54cf-45d1-ddad-d34ac4ff4aa2}, !- Handle
  Back_Space_Wall_East_RollDoor,          !- Name
  OverheadDoor,                           !- Sub Surface Type
  ,                                       !- Construction Name
  {497b3d76-615d-459c-a4ee-bc25db29d4b4}, !- Surface Name
  ,                                       !- Outside Boundary Condition Object
  ,                                       !- View Factor to Ground
  ,                                       !- Frame and Divider Name
  1,                                      !- Multiplier
  ,                                       !- Number of Vertices
  54.27, 2.045406130273, 2.4384,          !- X,Y,Z Vertex 1 {m}
  54.27, 2.045406130273, 0,               !- X,Y,Z Vertex 2 {m}
  54.27, 5.093406130273, 0,               !- X,Y,Z Vertex 3 {m}
  54.27, 5.093406130273, 2.4384;          !- X,Y,Z Vertex 4 {m}

OS:SubSurface,
  {cd11c412-51af-41d1-dccd-d34ac4ff2cc2}, !- Handle
  Back_Space_Wall_North_RollDoor1,        !- Name
  OverheadDoor,                           !- Sub Surface Type
  ,                                       !- Construction Name
  {fd1a4dbd-7476-471d-8700-4f09fca3ccc1}, !- Surface Name
  ,                                       !- Outside Boundary Condition Object
  ,                                       !- View Factor to Ground
  ,                                       !- Frame and Divider Name
  1,                                      !- Multiplier
  ,                                       !- Number of Vertices
  37.362862950805, 7, 2.4384,             !- X,Y,Z Vertex 1 {m}
  37.362862950805, 7, 0,                  !- X,Y,Z Vertex 2 {m}
  34.314862950805, 7, 0,                  !- X,Y,Z Vertex 3 {m}
  34.314862950805, 7, 2.4384;             !- X,Y,Z Vertex 4 {m}

OS:SubSurface,
  {cd11a112-21bf-31b3-defd-d34ac4fe2cf1}, !- Handle
  Back_Space_Wall_North_RollDoor2,        !- Name
  OverheadDoor,                           !- Sub Surface Type
  ,                                       !- Construction Name
  {fd1a4dbd-7476-471d-8700-4f09fca3ccc1}, !- Surface Name
  ,                                       !- Outside Boundary Condition Object
  ,                                       !- View Factor to Ground
  ,                                       !- Frame and Divider Name
  1,                                      !- Multiplier
  ,                                       !- Number of Vertices
  28.98058833532, 7, 2.4384,              !- X,Y,Z Vertex 1 {m}
  28.98058833532, 7, 0,                   !- X,Y,Z Vertex 2 {m}
  25.932588335319, 7, 0,                  !- X,Y,Z Vertex 3 {m}
  25.932588335319, 7, 2.4384;             !- X,Y,Z Vertex 4 {m}

OS:SubSurface,
  {cd23a132-23be-51b5-aefa-d34ac5fe4af1}, !- Handle
  Back_Space_Wall_North_RollDoor3,        !- Name
  OverheadDoor,                           !- Sub Surface Type
  ,                                       !- Construction Name
  {fd1a4dbd-7476-471d-8700-4f09fca3ccc1}, !- Surface Name
  ,                                       !- Outside Boundary Condition Object
  ,                                       !- View Factor to Ground
  ,                                       !- Frame and Divider Name
  1,                                      !- Multiplier
  ,                                       !- Number of Vertices
  20.310400044305, 7, 2.4384,             !- X,Y,Z Vertex 1 {m}
  20.310400044305, 7, 0,                  !- X,Y,Z Vertex 2 {m}
  17.262400044305, 7, 0,                  !- X,Y,Z Vertex 3 {m}
  17.262400044305, 7, 2.4384;             !- X,Y,Z Vertex 4 {m}

OS:SubSurface,
  {cd23d122-23bd-53d5-aefb-d14ad5fe4af1}, !- Handle
  Back_Space_Wall_West_RollDoor,          !- Name
  OverheadDoor,                           !- Sub Surface Type
  ,                                       !- Construction Name
  {7a4811b9-5817-4e99-9c55-1d924e457651}, !- Surface Name
  ,                                       !- Outside Boundary Condition Object
  ,                                       !- View Factor to Ground
  ,                                       !- Frame and Divider Name
  1,                                      !- Multiplier
  ,                                       !- Number of Vertices
  0, 4.739790129493, 2.4384,              !- X,Y,Z Vertex 1 {m}
  0, 4.739790129493, 0,                   !- X,Y,Z Vertex 2 {m}
  0, 1.691790129493, 0,                   !- X,Y,Z Vertex 3 {m}
  0, 1.691790129493, 2.4384;              !- X,Y,Z Vertex 4 {m}

OS:Rendering:Color,
  {86bca168-9ac3-48ef-aabc-dd837815f1fb}, !- Handle
  Retail Back_Space 1,                    !- Name
  120,                                    !- Rendering Red Value
  149,                                    !- Rendering Green Value
  230;                                    !- Rendering Blue Value

OS:People:Definition,
  {7ddbfb2c-8cad-4572-823d-d6de88c0f9b6}, !- Handle
  Retail Back_Space People Definition,    !- Name
  People/Area,                            !- Number of People Calculation Method
  ,                                       !- Number of People {people}
  0.161458656250646,                      !- People per Space Floor Area {person/m2}
  ,                                       !- Space Floor Area per Person {m2/person}
  0.3;                                    !- Fraction Radiant

OS:People,
  {f8cb1a5e-e791-4db5-92b7-936b3721f5aa}, !- Handle
  Retail Back_Space People,               !- Name
  {7ddbfb2c-8cad-4572-823d-d6de88c0f9b6}, !- People Definition Name
  {97f23ccd-8db1-4550-b7eb-9fd314f98603}, !- Space or SpaceType Name
  ,                                       !- Number of People Schedule Name
  ,                                       !- Activity Level Schedule Name
  ,                                       !- Surface Name/Angle Factor List Name
  {5e6d70e9-94e3-444f-a6c8-d0eb3ee48c39}, !- Work Efficiency Schedule Name
  {db09b931-c168-4591-959a-f6b859724dfa}, !- Clothing Insulation Schedule Name
  {6bf73f34-afeb-4880-8525-5b1dcba64447}, !- Air Velocity Schedule Name
  1;                                      !- Multiplier

OS:Schedule:Ruleset,
  {db09b931-c168-4591-959a-f6b859724dfa}, !- Handle
  Clothing Schedule,                      !- Name
  {73ec9b67-3156-4d64-884e-5606cbe5ce1d}, !- Schedule Type Limits Name
  {52d479d2-1c9f-4e99-b829-7d8c107d23ff}; !- Default Day Schedule Name

OS:Schedule:Day,
  {52d479d2-1c9f-4e99-b829-7d8c107d23ff}, !- Handle
  Clothing Schedule Default Winter Clothes, !- Name
  {73ec9b67-3156-4d64-884e-5606cbe5ce1d}, !- Schedule Type Limits Name
  ,                                       !- Interpolate to Timestep
  24,                                     !- Hour 1
  0,                                      !- Minute 1
  1;                                      !- Value Until Time 1

OS:Schedule:Rule,
  {3abf5fcb-996d-4233-b433-65da497b8251}, !- Handle
  Schedule Rule 1,                        !- Name
  {db09b931-c168-4591-959a-f6b859724dfa}, !- Schedule Ruleset Name
  0,                                      !- Rule Order
  {3b7e5455-2b8e-4fd8-ba06-dcda091f4d19}, !- Day Schedule Name
  ,                                       !- Apply Sunday
  ,                                       !- Apply Monday
  ,                                       !- Apply Tuesday
  ,                                       !- Apply Wednesday
  ,                                       !- Apply Thursday
  ,                                       !- Apply Friday
  ,                                       !- Apply Saturday
  DateRange,                              !- Date Specification Type
  5,                                      !- Start Month
  1,                                      !- Start Day
  9,                                      !- End Month
  30;                                     !- End Day

OS:Schedule:Day,
  {3b7e5455-2b8e-4fd8-ba06-dcda091f4d19}, !- Handle
  Clothing Schedule Summer Clothes,       !- Name
  {73ec9b67-3156-4d64-884e-5606cbe5ce1d}, !- Schedule Type Limits Name
  ,                                       !- Interpolate to Timestep
  24,                                     !- Hour 1
  0,                                      !- Minute 1
  0.5;                                    !- Value Until Time 1

OS:ScheduleTypeLimits,
  {73ec9b67-3156-4d64-884e-5606cbe5ce1d}, !- Handle
  ClothingInsulation,                     !- Name
  0,                                      !- Lower Limit Value
  ,                                       !- Upper Limit Value
  Continuous,                             !- Numeric Type
  ClothingInsulation;                     !- Unit Type

OS:Schedule:Ruleset,
  {6bf73f34-afeb-4880-8525-5b1dcba64447}, !- Handle
  Air Velocity Schedule,                  !- Name
  {b4efe2d4-a420-429c-bfd7-b7d1e4fa890b}, !- Schedule Type Limits Name
  {f9a8027f-843b-4b67-bb70-837c95b92e8b}; !- Default Day Schedule Name

OS:Schedule:Day,
  {f9a8027f-843b-4b67-bb70-837c95b92e8b}, !- Handle
  Air Velocity Schedule Default,          !- Name
  {b4efe2d4-a420-429c-bfd7-b7d1e4fa890b}, !- Schedule Type Limits Name
  ,                                       !- Interpolate to Timestep
  24,                                     !- Hour 1
  0,                                      !- Minute 1
  0.2;                                    !- Value Until Time 1

OS:ScheduleTypeLimits,
  {b4efe2d4-a420-429c-bfd7-b7d1e4fa890b}, !- Handle
  Velocity,                               !- Name
  0,                                      !- Lower Limit Value
  ,                                       !- Upper Limit Value
  Continuous,                             !- Numeric Type
  Velocity;                               !- Unit Type

OS:Schedule:Ruleset,
  {5e6d70e9-94e3-444f-a6c8-d0eb3ee48c39}, !- Handle
  Work Efficiency Schedule,               !- Name
  {f61a7542-1282-4583-8387-aeb662f19b86}, !- Schedule Type Limits Name
  {d152318f-5514-4d1e-b54b-44634b73c63d}; !- Default Day Schedule Name

OS:Schedule:Day,
  {d152318f-5514-4d1e-b54b-44634b73c63d}, !- Handle
  Work Efficiency Schedule Default,       !- Name
  {f61a7542-1282-4583-8387-aeb662f19b86}, !- Schedule Type Limits Name
  ,                                       !- Interpolate to Timestep
  24,                                     !- Hour 1
  0,                                      !- Minute 1
  0;                                      !- Value Until Time 1

OS:ScheduleTypeLimits,
  {f61a7542-1282-4583-8387-aeb662f19b86}, !- Handle
  Fractional,                             !- Name
  0,                                      !- Lower Limit Value
  1,                                      !- Upper Limit Value
  Continuous;                             !- Numeric Type

OS:Lights:Definition,
  {756a5139-b1b4-4b7f-8952-c1001bacf4e8}, !- Handle
  Retail Back_Space Lights Definition,    !- Name
  Watts/Area,                             !- Design Level Calculation Method
  ,                                       !- Lighting Level {W}
  8.61112833336778,                       !- Watts per Space Floor Area {W/m2}
  ,                                       !- Watts per Person {W/person}
  0.7,                                    !- Fraction Radiant
  0.2,                                    !- Fraction Visible
  0;                                      !- Return Air Fraction

OS:Lights,
  {931f8d94-2521-44db-b24c-51f66c204822}, !- Handle
  Retail Back_Space Lights,               !- Name
  {756a5139-b1b4-4b7f-8952-c1001bacf4e8}, !- Lights Definition Name
  {97f23ccd-8db1-4550-b7eb-9fd314f98603}, !- Space or SpaceType Name
  ,                                       !- Schedule Name
  1,                                      !- Fraction Replaceable
  ,                                       !- Multiplier
  General;                                !- End-Use Subcategory

OS:AdditionalProperties,
  {f970e971-56d1-414b-ae49-3c5893a49a76}, !- Handle
  {756a5139-b1b4-4b7f-8952-c1001bacf4e8}, !- Object Name
  lpd_fraction_linear_fluorescent,        !- Feature Name 1
  Double,                                 !- Feature Data Type 1
  1;                                      !- Feature Value 1

OS:ElectricEquipment:Definition,
  {bb4edfd6-2aa3-40fe-afe7-8baa31f43961}, !- Handle
  Retail Back_Space Elec Equip Definition, !- Name
  Watts/Area,                             !- Design Level Calculation Method
  ,                                       !- Design Level {W}
  8.07293281253229,                       !- Watts per Space Floor Area {W/m2}
  ,                                       !- Watts per Person {W/person}
  0,                                      !- Fraction Latent
  0.5,                                    !- Fraction Radiant
  0;                                      !- Fraction Lost

OS:ElectricEquipment,
  {bd8fa78d-4478-4453-9241-398c9efcaa50}, !- Handle
  Retail Back_Space Elec Equip,           !- Name
  {bb4edfd6-2aa3-40fe-afe7-8baa31f43961}, !- Electric Equipment Definition Name
  {97f23ccd-8db1-4550-b7eb-9fd314f98603}, !- Space or SpaceType Name
  ,                                       !- Schedule Name
  ,                                       !- Multiplier
  General;                                !- End-Use Subcategory

OS:DesignSpecification:OutdoorAir,
  {27593061-f3ca-44f3-a0d8-c66e14a1a777}, !- Handle
  Retail Back_Space Ventilation,          !- Name
  Sum,                                    !- Outdoor Air Method
  ,                                       !- Outdoor Air Flow per Person {m3/s-person}
  0.000762,                               !- Outdoor Air Flow per Floor Area {m3/s-m2}
  ,                                       !- Outdoor Air Flow Rate {m3/s}
  ,                                       !- Outdoor Air Flow Air Changes per Hour {1/hr}
  ;                                       !- Outdoor Air Flow Rate Fraction Schedule Name

OS:ClimateZones,
  {5187c339-37b3-47b4-808a-b18d092473c9}, !- Handle
  ASHRAE,                                 !- Climate Zone Institution Name 1
  ANSI/ASHRAE Standard 169,               !- Climate Zone Document Name 1
  2006,                                   !- Climate Zone Document Year 1
  5A,                                     !- Climate Zone Value 1
  CEC,                                    !- Climate Zone Institution Name 2
  California Climate Zone Descriptions,   !- Climate Zone Document Name 2
  1995,                                   !- Climate Zone Document Year 2
  ;                                       !- Climate Zone Value 2

OS:DefaultScheduleSet,
  {b18635e6-5d18-42d2-8264-8706996048b0}, !- Handle
  Retail Back_Space Schedule Set,         !- Name
  ,                                       !- Hours of Operation Schedule Name
  {735a10b5-4631-41cd-b0ff-8b0cf4476a1a}, !- Number of People Schedule Name
  {2b5e8a5d-058c-4347-813e-f7ca1fbb8b08}, !- People Activity Level Schedule Name
  {2a9c1b53-046e-483a-9eb9-b70640a0ce65}, !- Lighting Schedule Name
  {ae6619c4-3852-42fa-a334-de167fb65898}, !- Electric Equipment Schedule Name
  ,                                       !- Gas Equipment Schedule Name
  ,                                       !- Hot Water Equipment Schedule Name
  {8580473d-9528-4e18-ab73-a37d13d281d5}, !- Infiltration Schedule Name
  ,                                       !- Steam Equipment Schedule Name
  ;                                       !- Other Equipment Schedule Name

OS:Schedule:Ruleset,
  {735a10b5-4631-41cd-b0ff-8b0cf4476a1a}, !- Handle
  RetailStandalone BLDG_OCC_SCH,          !- Name
  {f61a7542-1282-4583-8387-aeb662f19b86}, !- Schedule Type Limits Name
  {21627113-4ebc-4367-b5f8-ac1c0b55e0ea}, !- Default Day Schedule Name
  {3aa7e026-4dcc-4748-9118-7c9e5a6599df}, !- Summer Design Day Schedule Name
  {ab991a7b-b646-4092-9daa-e1bae6a60d07}; !- Winter Design Day Schedule Name

OS:Schedule:Day,
  {21627113-4ebc-4367-b5f8-ac1c0b55e0ea}, !- Handle
  RetailStandalone BLDG_OCC_SCH Default,  !- Name
  {f61a7542-1282-4583-8387-aeb662f19b86}, !- Schedule Type Limits Name
  ,                                       !- Interpolate to Timestep
  9,                                      !- Hour 1
  0,                                      !- Minute 1
  0,                                      !- Value Until Time 1
  10,                                     !- Hour 2
  0,                                      !- Minute 2
  0.1,                                    !- Value Until Time 2
  12,                                     !- Hour 3
  0,                                      !- Minute 3
  0.2,                                    !- Value Until Time 3
  17,                                     !- Hour 4
  0,                                      !- Minute 4
  0.4,                                    !- Value Until Time 4
  18,                                     !- Hour 5
  0,                                      !- Minute 5
  0.2,                                    !- Value Until Time 5
  19,                                     !- Hour 6
  0,                                      !- Minute 6
  0.1,                                    !- Value Until Time 6
  24,                                     !- Hour 7
  0,                                      !- Minute 7
  0;                                      !- Value Until Time 7

OS:Schedule:Rule,
  {ef531196-dd68-4f48-9716-b4b73753afb9}, !- Handle
  Schedule Rule 2,                        !- Name
  {735a10b5-4631-41cd-b0ff-8b0cf4476a1a}, !- Schedule Ruleset Name
  1,                                      !- Rule Order
  {1900de10-1ad9-4966-b521-562d8c69ad4d}, !- Day Schedule Name
  ,                                       !- Apply Sunday
  ,                                       !- Apply Monday
  ,                                       !- Apply Tuesday
  ,                                       !- Apply Wednesday
  ,                                       !- Apply Thursday
  ,                                       !- Apply Friday
  Yes,                                    !- Apply Saturday
  DateRange,                              !- Date Specification Type
  1,                                      !- Start Month
  1,                                      !- Start Day
  12,                                     !- End Month
  31;                                     !- End Day

OS:Schedule:Day,
  {1900de10-1ad9-4966-b521-562d8c69ad4d}, !- Handle
  RetailStandalone BLDG_OCC_SCH Sat Day,  !- Name
  {f61a7542-1282-4583-8387-aeb662f19b86}, !- Schedule Type Limits Name
  ,                                       !- Interpolate to Timestep
  7,                                      !- Hour 1
  0,                                      !- Minute 1
  0,                                      !- Value Until Time 1
  8,                                      !- Hour 2
  0,                                      !- Minute 2
  0.1,                                    !- Value Until Time 2
  9,                                      !- Hour 3
  0,                                      !- Minute 3
  0.2,                                    !- Value Until Time 3
  10,                                     !- Hour 4
  0,                                      !- Minute 4
  0.5,                                    !- Value Until Time 4
  11,                                     !- Hour 5
  0,                                      !- Minute 5
  0.6,                                    !- Value Until Time 5
  17,                                     !- Hour 6
  0,                                      !- Minute 6
  0.8,                                    !- Value Until Time 6
  18,                                     !- Hour 7
  0,                                      !- Minute 7
  0.6,                                    !- Value Until Time 7
  21,                                     !- Hour 8
  0,                                      !- Minute 8
  0.2,                                    !- Value Until Time 8
  22,                                     !- Hour 9
  0,                                      !- Minute 9
  0.1,                                    !- Value Until Time 9
  24,                                     !- Hour 10
  0,                                      !- Minute 10
  0;                                      !- Value Until Time 10

OS:Schedule:Day,
  {3aa7e026-4dcc-4748-9118-7c9e5a6599df}, !- Handle
  RetailStandalone BLDG_OCC_SCH Summer Design Day, !- Name
  {f61a7542-1282-4583-8387-aeb662f19b86}, !- Schedule Type Limits Name
  ,                                       !- Interpolate to Timestep
  24,                                     !- Hour 1
  0,                                      !- Minute 1
  1;                                      !- Value Until Time 1

OS:Schedule:Rule,
  {aca47daf-656d-4eec-8a10-5bf448674268}, !- Handle
  Schedule Rule 3,                        !- Name
  {735a10b5-4631-41cd-b0ff-8b0cf4476a1a}, !- Schedule Ruleset Name
  0,                                      !- Rule Order
  {8431c425-8361-4db5-bf11-ee2752000642}, !- Day Schedule Name
  ,                                       !- Apply Sunday
  Yes,                                    !- Apply Monday
  Yes,                                    !- Apply Tuesday
  Yes,                                    !- Apply Wednesday
  Yes,                                    !- Apply Thursday
  Yes,                                    !- Apply Friday
  ,                                       !- Apply Saturday
  DateRange,                              !- Date Specification Type
  1,                                      !- Start Month
  1,                                      !- Start Day
  12,                                     !- End Month
  31;                                     !- End Day

OS:Schedule:Day,
  {8431c425-8361-4db5-bf11-ee2752000642}, !- Handle
  RetailStandalone BLDG_OCC_SCH Wkdy Day, !- Name
  {f61a7542-1282-4583-8387-aeb662f19b86}, !- Schedule Type Limits Name
  ,                                       !- Interpolate to Timestep
  7,                                      !- Hour 1
  0,                                      !- Minute 1
  0,                                      !- Value Until Time 1
  8,                                      !- Hour 2
  0,                                      !- Minute 2
  0.1,                                    !- Value Until Time 2
  9,                                      !- Hour 3
  0,                                      !- Minute 3
  0.2,                                    !- Value Until Time 3
  11,                                     !- Hour 4
  0,                                      !- Minute 4
  0.5,                                    !- Value Until Time 4
  15,                                     !- Hour 5
  0,                                      !- Minute 5
  0.7,                                    !- Value Until Time 5
  16,                                     !- Hour 6
  0,                                      !- Minute 6
  0.8,                                    !- Value Until Time 6
  17,                                     !- Hour 7
  0,                                      !- Minute 7
  0.7,                                    !- Value Until Time 7
  19,                                     !- Hour 8
  0,                                      !- Minute 8
  0.5,                                    !- Value Until Time 8
  21,                                     !- Hour 9
  0,                                      !- Minute 9
  0.3,                                    !- Value Until Time 9
  24,                                     !- Hour 10
  0,                                      !- Minute 10
  0;                                      !- Value Until Time 10

OS:Schedule:Day,
  {ab991a7b-b646-4092-9daa-e1bae6a60d07}, !- Handle
  RetailStandalone BLDG_OCC_SCH Winter Design Day, !- Name
  {f61a7542-1282-4583-8387-aeb662f19b86}, !- Schedule Type Limits Name
  ,                                       !- Interpolate to Timestep
  24,                                     !- Hour 1
  0,                                      !- Minute 1
  0;                                      !- Value Until Time 1

OS:Schedule:Ruleset,
  {2b5e8a5d-058c-4347-813e-f7ca1fbb8b08}, !- Handle
  RetailStandalone ACTIVITY_SCH,          !- Name
  {23c4a141-009e-4a4f-a476-1e1404ff94e8}, !- Schedule Type Limits Name
  {000fa933-180b-4d0d-b005-063758e797e6}, !- Default Day Schedule Name
  {d2ded2b9-52bc-4f57-b883-ef550eba7921}, !- Summer Design Day Schedule Name
  {47baf6f7-1800-4c1a-9586-ed2b51a61cdd}; !- Winter Design Day Schedule Name

OS:Schedule:Day,
  {000fa933-180b-4d0d-b005-063758e797e6}, !- Handle
  RetailStandalone ACTIVITY_SCH Default,  !- Name
  {23c4a141-009e-4a4f-a476-1e1404ff94e8}, !- Schedule Type Limits Name
  ,                                       !- Interpolate to Timestep
  24,                                     !- Hour 1
  0,                                      !- Minute 1
  120;                                    !- Value Until Time 1

OS:Schedule:Day,
  {47baf6f7-1800-4c1a-9586-ed2b51a61cdd}, !- Handle
  RetailStandalone ACTIVITY_SCH Winter Design Day, !- Name
  {23c4a141-009e-4a4f-a476-1e1404ff94e8}, !- Schedule Type Limits Name
  ,                                       !- Interpolate to Timestep
  24,                                     !- Hour 1
  0,                                      !- Minute 1
  120;                                    !- Value Until Time 1

OS:Schedule:Day,
  {d2ded2b9-52bc-4f57-b883-ef550eba7921}, !- Handle
  RetailStandalone ACTIVITY_SCH Summer Design Day, !- Name
  {23c4a141-009e-4a4f-a476-1e1404ff94e8}, !- Schedule Type Limits Name
  ,                                       !- Interpolate to Timestep
  24,                                     !- Hour 1
  0,                                      !- Minute 1
  120;                                    !- Value Until Time 1

OS:ScheduleTypeLimits,
  {23c4a141-009e-4a4f-a476-1e1404ff94e8}, !- Handle
  ActivityLevel,                          !- Name
  0,                                      !- Lower Limit Value
  ,                                       !- Upper Limit Value
  Continuous,                             !- Numeric Type
  ActivityLevel;                          !- Unit Type

OS:Schedule:Ruleset,
  {2a9c1b53-046e-483a-9eb9-b70640a0ce65}, !- Handle
  RetailStandalone BLDG_LIGHT_BACK_SCH,   !- Name
  {f61a7542-1282-4583-8387-aeb662f19b86}, !- Schedule Type Limits Name
  {3d71d749-5ada-43ed-9412-856da507e0a1}, !- Default Day Schedule Name
  {f60ffa59-7c37-4187-8c89-261a118b3de6}, !- Summer Design Day Schedule Name
  {d66a72b8-b92e-4f5b-9453-aa06f42c0e51}; !- Winter Design Day Schedule Name

OS:Schedule:Day,
  {3d71d749-5ada-43ed-9412-856da507e0a1}, !- Handle
  RetailStandalone BLDG_LIGHT_BACK_SCH Default, !- Name
  {f61a7542-1282-4583-8387-aeb662f19b86}, !- Schedule Type Limits Name
  ,                                       !- Interpolate to Timestep
  9,                                      !- Hour 1
  0,                                      !- Minute 1
  0.05,                                   !- Value Until Time 1
  10,                                     !- Hour 2
  0,                                      !- Minute 2
  0.1,                                    !- Value Until Time 2
  12,                                     !- Hour 3
  0,                                      !- Minute 3
  0.4,                                    !- Value Until Time 3
  17,                                     !- Hour 4
  0,                                      !- Minute 4
  0.6,                                    !- Value Until Time 4
  18,                                     !- Hour 5
  0,                                      !- Minute 5
  0.4,                                    !- Value Until Time 5
  19,                                     !- Hour 6
  0,                                      !- Minute 6
  0.2,                                    !- Value Until Time 6
  24,                                     !- Hour 7
  0,                                      !- Minute 7
  0.05;                                   !- Value Until Time 7

OS:Schedule:Rule,
  {f7d81690-c714-4f93-b275-14ef0fd228d4}, !- Handle
  Schedule Rule 4,                        !- Name
  {2a9c1b53-046e-483a-9eb9-b70640a0ce65}, !- Schedule Ruleset Name
  1,                                      !- Rule Order
  {dd464662-4407-4778-8f3a-ca302e805e3a}, !- Day Schedule Name
  ,                                       !- Apply Sunday
  ,                                       !- Apply Monday
  ,                                       !- Apply Tuesday
  ,                                       !- Apply Wednesday
  ,                                       !- Apply Thursday
  ,                                       !- Apply Friday
  Yes,                                    !- Apply Saturday
  DateRange,                              !- Date Specification Type
  1,                                      !- Start Month
  1,                                      !- Start Day
  12,                                     !- End Month
  31;                                     !- End Day

OS:Schedule:Day,
  {dd464662-4407-4778-8f3a-ca302e805e3a}, !- Handle
  RetailStandalone BLDG_LIGHT_BACK_SCH Sat Day, !- Name
  {f61a7542-1282-4583-8387-aeb662f19b86}, !- Schedule Type Limits Name
  ,                                       !- Interpolate to Timestep
  7,                                      !- Hour 1
  0,                                      !- Minute 1
  0.05,                                   !- Value Until Time 1
  8,                                      !- Hour 2
  0,                                      !- Minute 2
  0.1,                                    !- Value Until Time 2
  9,                                      !- Hour 3
  0,                                      !- Minute 3
  0.3,                                    !- Value Until Time 3
  10,                                     !- Hour 4
  0,                                      !- Minute 4
  0.6,                                    !- Value Until Time 4
  18,                                     !- Hour 5
  0,                                      !- Minute 5
  0.9,                                    !- Value Until Time 5
  19,                                     !- Hour 6
  0,                                      !- Minute 6
  0.5,                                    !- Value Until Time 6
  21,                                     !- Hour 7
  0,                                      !- Minute 7
  0.3,                                    !- Value Until Time 7
  22,                                     !- Hour 8
  0,                                      !- Minute 8
  0.1,                                    !- Value Until Time 8
  24,                                     !- Hour 9
  0,                                      !- Minute 9
  0.05;                                   !- Value Until Time 9

OS:Schedule:Day,
  {f60ffa59-7c37-4187-8c89-261a118b3de6}, !- Handle
  RetailStandalone BLDG_LIGHT_BACK_SCH Summer Design Day, !- Name
  {f61a7542-1282-4583-8387-aeb662f19b86}, !- Schedule Type Limits Name
  ,                                       !- Interpolate to Timestep
  24,                                     !- Hour 1
  0,                                      !- Minute 1
  1;                                      !- Value Until Time 1

OS:Schedule:Rule,
  {cffd61db-341c-458a-99b2-681b2c89d10b}, !- Handle
  Schedule Rule 5,                        !- Name
  {2a9c1b53-046e-483a-9eb9-b70640a0ce65}, !- Schedule Ruleset Name
  0,                                      !- Rule Order
  {8e2d1ea3-104a-410c-a8ec-80f1efb5fddc}, !- Day Schedule Name
  ,                                       !- Apply Sunday
  Yes,                                    !- Apply Monday
  Yes,                                    !- Apply Tuesday
  Yes,                                    !- Apply Wednesday
  Yes,                                    !- Apply Thursday
  Yes,                                    !- Apply Friday
  ,                                       !- Apply Saturday
  DateRange,                              !- Date Specification Type
  1,                                      !- Start Month
  1,                                      !- Start Day
  12,                                     !- End Month
  31;                                     !- End Day

OS:Schedule:Day,
  {8e2d1ea3-104a-410c-a8ec-80f1efb5fddc}, !- Handle
  RetailStandalone BLDG_LIGHT_BACK_SCH Wkdy Day, !- Name
  {f61a7542-1282-4583-8387-aeb662f19b86}, !- Schedule Type Limits Name
  ,                                       !- Interpolate to Timestep
  7,                                      !- Hour 1
  0,                                      !- Minute 1
  0.05,                                   !- Value Until Time 1
  8,                                      !- Hour 2
  0,                                      !- Minute 2
  0.2,                                    !- Value Until Time 2
  9,                                      !- Hour 3
  0,                                      !- Minute 3
  0.4,                                    !- Value Until Time 3
  18,                                     !- Hour 4
  0,                                      !- Minute 4
  0.9,                                    !- Value Until Time 4
  21,                                     !- Hour 5
  0,                                      !- Minute 5
  0.5,                                    !- Value Until Time 5
  22,                                     !- Hour 6
  0,                                      !- Minute 6
  0.2,                                    !- Value Until Time 6
  24,                                     !- Hour 7
  0,                                      !- Minute 7
  0.05;                                   !- Value Until Time 7

OS:Schedule:Day,
  {d66a72b8-b92e-4f5b-9453-aa06f42c0e51}, !- Handle
  RetailStandalone BLDG_LIGHT_BACK_SCH Winter Design Day, !- Name
  {f61a7542-1282-4583-8387-aeb662f19b86}, !- Schedule Type Limits Name
  ,                                       !- Interpolate to Timestep
  24,                                     !- Hour 1
  0,                                      !- Minute 1
  0;                                      !- Value Until Time 1

OS:Schedule:Ruleset,
  {ae6619c4-3852-42fa-a334-de167fb65898}, !- Handle
  RetailStandalone BLDG_EQUIP_SCH,        !- Name
  {f61a7542-1282-4583-8387-aeb662f19b86}, !- Schedule Type Limits Name
  {cbdb8a71-32ab-4d32-ac5b-3ebaa4b35406}, !- Default Day Schedule Name
  {e988514c-1dae-408c-a9bd-027e43e7a1b0}, !- Summer Design Day Schedule Name
  {f1dfbc3d-b902-49f2-a592-55c1214e0bf9}; !- Winter Design Day Schedule Name

OS:Schedule:Day,
  {cbdb8a71-32ab-4d32-ac5b-3ebaa4b35406}, !- Handle
  RetailStandalone BLDG_EQUIP_SCH Default, !- Name
  {f61a7542-1282-4583-8387-aeb662f19b86}, !- Schedule Type Limits Name
  ,                                       !- Interpolate to Timestep
  9,                                      !- Hour 1
  0,                                      !- Minute 1
  0.15,                                   !- Value Until Time 1
  10,                                     !- Hour 2
  0,                                      !- Minute 2
  0.3,                                    !- Value Until Time 2
  12,                                     !- Hour 3
  0,                                      !- Minute 3
  0.6,                                    !- Value Until Time 3
  17,                                     !- Hour 4
  0,                                      !- Minute 4
  0.8,                                    !- Value Until Time 4
  18,                                     !- Hour 5
  0,                                      !- Minute 5
  0.6,                                    !- Value Until Time 5
  19,                                     !- Hour 6
  0,                                      !- Minute 6
  0.4,                                    !- Value Until Time 6
  24,                                     !- Hour 7
  0,                                      !- Minute 7
  0.15;                                   !- Value Until Time 7

OS:Schedule:Rule,
  {27e7951e-1162-4212-997e-5e4ae1886f29}, !- Handle
  Schedule Rule 6,                        !- Name
  {ae6619c4-3852-42fa-a334-de167fb65898}, !- Schedule Ruleset Name
  1,                                      !- Rule Order
  {99e57b76-7be2-4a57-837d-1aff9e8d3307}, !- Day Schedule Name
  ,                                       !- Apply Sunday
  ,                                       !- Apply Monday
  ,                                       !- Apply Tuesday
  ,                                       !- Apply Wednesday
  ,                                       !- Apply Thursday
  ,                                       !- Apply Friday
  Yes,                                    !- Apply Saturday
  DateRange,                              !- Date Specification Type
  1,                                      !- Start Month
  1,                                      !- Start Day
  12,                                     !- End Month
  31;                                     !- End Day

OS:Schedule:Day,
  {99e57b76-7be2-4a57-837d-1aff9e8d3307}, !- Handle
  RetailStandalone BLDG_EQUIP_SCH Sat Day, !- Name
  {f61a7542-1282-4583-8387-aeb662f19b86}, !- Schedule Type Limits Name
  ,                                       !- Interpolate to Timestep
  7,                                      !- Hour 1
  0,                                      !- Minute 1
  0.15,                                   !- Value Until Time 1
  8,                                      !- Hour 2
  0,                                      !- Minute 2
  0.3,                                    !- Value Until Time 2
  9,                                      !- Hour 3
  0,                                      !- Minute 3
  0.5,                                    !- Value Until Time 3
  10,                                     !- Hour 4
  0,                                      !- Minute 4
  0.8,                                    !- Value Until Time 4
  18,                                     !- Hour 5
  0,                                      !- Minute 5
  0.9,                                    !- Value Until Time 5
  19,                                     !- Hour 6
  0,                                      !- Minute 6
  0.7,                                    !- Value Until Time 6
  21,                                     !- Hour 7
  0,                                      !- Minute 7
  0.5,                                    !- Value Until Time 7
  22,                                     !- Hour 8
  0,                                      !- Minute 8
  0.3,                                    !- Value Until Time 8
  24,                                     !- Hour 9
  0,                                      !- Minute 9
  0.15;                                   !- Value Until Time 9

OS:Schedule:Day,
  {e988514c-1dae-408c-a9bd-027e43e7a1b0}, !- Handle
  RetailStandalone BLDG_EQUIP_SCH Summer Design Day, !- Name
  {f61a7542-1282-4583-8387-aeb662f19b86}, !- Schedule Type Limits Name
  ,                                       !- Interpolate to Timestep
  24,                                     !- Hour 1
  0,                                      !- Minute 1
  1;                                      !- Value Until Time 1

OS:Schedule:Rule,
  {4d5be9ba-df13-4e83-9a44-b5200e97aa6b}, !- Handle
  Schedule Rule 7,                        !- Name
  {ae6619c4-3852-42fa-a334-de167fb65898}, !- Schedule Ruleset Name
  0,                                      !- Rule Order
  {7402c3e6-4153-4753-a741-b7bbdeca1c8b}, !- Day Schedule Name
  ,                                       !- Apply Sunday
  Yes,                                    !- Apply Monday
  Yes,                                    !- Apply Tuesday
  Yes,                                    !- Apply Wednesday
  Yes,                                    !- Apply Thursday
  Yes,                                    !- Apply Friday
  ,                                       !- Apply Saturday
  DateRange,                              !- Date Specification Type
  1,                                      !- Start Month
  1,                                      !- Start Day
  12,                                     !- End Month
  31;                                     !- End Day

OS:Schedule:Day,
  {7402c3e6-4153-4753-a741-b7bbdeca1c8b}, !- Handle
  RetailStandalone BLDG_EQUIP_SCH Wkdy Day, !- Name
  {f61a7542-1282-4583-8387-aeb662f19b86}, !- Schedule Type Limits Name
  ,                                       !- Interpolate to Timestep
  7,                                      !- Hour 1
  0,                                      !- Minute 1
  0.2,                                    !- Value Until Time 1
  8,                                      !- Hour 2
  0,                                      !- Minute 2
  0.4,                                    !- Value Until Time 2
  9,                                      !- Hour 3
  0,                                      !- Minute 3
  0.6,                                    !- Value Until Time 3
  19,                                     !- Hour 4
  0,                                      !- Minute 4
  0.9,                                    !- Value Until Time 4
  21,                                     !- Hour 5
  0,                                      !- Minute 5
  0.7,                                    !- Value Until Time 5
  24,                                     !- Hour 6
  0,                                      !- Minute 6
  0.2;                                    !- Value Until Time 6

OS:Schedule:Day,
  {f1dfbc3d-b902-49f2-a592-55c1214e0bf9}, !- Handle
  RetailStandalone BLDG_EQUIP_SCH Winter Design Day, !- Name
  {f61a7542-1282-4583-8387-aeb662f19b86}, !- Schedule Type Limits Name
  ,                                       !- Interpolate to Timestep
  24,                                     !- Hour 1
  0,                                      !- Minute 1
  0;                                      !- Value Until Time 1

OS:Schedule:Ruleset,
  {8580473d-9528-4e18-ab73-a37d13d281d5}, !- Handle
  RetailStandalone INFIL_SCH_PNNL,        !- Name
  {f61a7542-1282-4583-8387-aeb662f19b86}, !- Schedule Type Limits Name
  {c0f0da62-cc85-43a5-b9a1-a9a780a0ca4b}, !- Default Day Schedule Name
  {dc09a40b-b503-4679-8caf-f7e5ccf12d30}, !- Summer Design Day Schedule Name
  {0b78a63d-d1e5-43f1-993d-f59bd3c5ad40}; !- Winter Design Day Schedule Name

OS:Schedule:Day,
  {c0f0da62-cc85-43a5-b9a1-a9a780a0ca4b}, !- Handle
  RetailStandalone INFIL_SCH_PNNL Default, !- Name
  {f61a7542-1282-4583-8387-aeb662f19b86}, !- Schedule Type Limits Name
  ,                                       !- Interpolate to Timestep
  8,                                      !- Hour 1
  0,                                      !- Minute 1
  1,                                      !- Value Until Time 1
  19,                                     !- Hour 2
  0,                                      !- Minute 2
  0.25,                                   !- Value Until Time 2
  24,                                     !- Hour 3
  0,                                      !- Minute 3
  1;                                      !- Value Until Time 3

OS:Schedule:Day,
  {dc09a40b-b503-4679-8caf-f7e5ccf12d30}, !- Handle
  RetailStandalone INFIL_SCH_PNNL Summer Design Day, !- Name
  {f61a7542-1282-4583-8387-aeb662f19b86}, !- Schedule Type Limits Name
  ,                                       !- Interpolate to Timestep
  6,                                      !- Hour 1
  0,                                      !- Minute 1
  1,                                      !- Value Until Time 1
  21,                                     !- Hour 2
  0,                                      !- Minute 2
  0.25,                                   !- Value Until Time 2
  24,                                     !- Hour 3
  0,                                      !- Minute 3
  1;                                      !- Value Until Time 3

OS:Schedule:Rule,
  {0cf9f63f-46f5-4f3c-b5e4-8ad13d8e1d63}, !- Handle
  Schedule Rule 8,                        !- Name
  {8580473d-9528-4e18-ab73-a37d13d281d5}, !- Schedule Ruleset Name
  1,                                      !- Rule Order
  {3c5c04b7-fb79-40d9-b14e-4afd3cb731b6}, !- Day Schedule Name
  ,                                       !- Apply Sunday
  Yes,                                    !- Apply Monday
  Yes,                                    !- Apply Tuesday
  Yes,                                    !- Apply Wednesday
  Yes,                                    !- Apply Thursday
  Yes,                                    !- Apply Friday
  ,                                       !- Apply Saturday
  DateRange,                              !- Date Specification Type
  1,                                      !- Start Month
  1,                                      !- Start Day
  12,                                     !- End Month
  31;                                     !- End Day

OS:Schedule:Day,
  {3c5c04b7-fb79-40d9-b14e-4afd3cb731b6}, !- Handle
  RetailStandalone INFIL_SCH_PNNL SmrDsn|Wkdy Day, !- Name
  {f61a7542-1282-4583-8387-aeb662f19b86}, !- Schedule Type Limits Name
  ,                                       !- Interpolate to Timestep
  6,                                      !- Hour 1
  0,                                      !- Minute 1
  1,                                      !- Value Until Time 1
  21,                                     !- Hour 2
  0,                                      !- Minute 2
  0.25,                                   !- Value Until Time 2
  24,                                     !- Hour 3
  0,                                      !- Minute 3
  1;                                      !- Value Until Time 3

OS:Schedule:Day,
  {0b78a63d-d1e5-43f1-993d-f59bd3c5ad40}, !- Handle
  RetailStandalone INFIL_SCH_PNNL Winter Design Day, !- Name
  {f61a7542-1282-4583-8387-aeb662f19b86}, !- Schedule Type Limits Name
  ,                                       !- Interpolate to Timestep
  6,                                      !- Hour 1
  0,                                      !- Minute 1
  1,                                      !- Value Until Time 1
  22,                                     !- Hour 2
  0,                                      !- Minute 2
  0.25,                                   !- Value Until Time 2
  24,                                     !- Hour 3
  0,                                      !- Minute 3
  1;                                      !- Value Until Time 3

OS:Schedule:Rule,
  {e343d477-af95-4e39-91be-8ccaa16486c2}, !- Handle
  Schedule Rule 9,                        !- Name
  {8580473d-9528-4e18-ab73-a37d13d281d5}, !- Schedule Ruleset Name
  0,                                      !- Rule Order
  {45ae14c0-f719-4220-9ac7-2d5489887f55}, !- Day Schedule Name
  ,                                       !- Apply Sunday
  ,                                       !- Apply Monday
  ,                                       !- Apply Tuesday
  ,                                       !- Apply Wednesday
  ,                                       !- Apply Thursday
  ,                                       !- Apply Friday
  Yes,                                    !- Apply Saturday
  DateRange,                              !- Date Specification Type
  1,                                      !- Start Month
  1,                                      !- Start Day
  12,                                     !- End Month
  31;                                     !- End Day

OS:Schedule:Day,
  {45ae14c0-f719-4220-9ac7-2d5489887f55}, !- Handle
  RetailStandalone INFIL_SCH_PNNL WntrDsn|Sat Day, !- Name
  {f61a7542-1282-4583-8387-aeb662f19b86}, !- Schedule Type Limits Name
  ,                                       !- Interpolate to Timestep
  6,                                      !- Hour 1
  0,                                      !- Minute 1
  1,                                      !- Value Until Time 1
  22,                                     !- Hour 2
  0,                                      !- Minute 2
  0.25,                                   !- Value Until Time 2
  24,                                     !- Hour 3
  0,                                      !- Minute 3
  1;                                      !- Value Until Time 3

OS:ThermostatSetpoint:DualSetpoint,
  {7ffa9ba3-7620-4380-98b6-8df31e6656c9}, !- Handle
  Retail Back_Space Thermostat,           !- Name
  {39fa59b9-7216-4efc-ba75-9600bf411ca3}, !- Heating Setpoint Temperature Schedule Name
  {ccc105aa-ef17-4a33-a5b7-b434b1f65a13}; !- Cooling Setpoint Temperature Schedule Name

OS:Schedule:Ruleset,
  {39fa59b9-7216-4efc-ba75-9600bf411ca3}, !- Handle
  RetailStandalone HTGSETP_SCH_NO_OPTIMUM, !- Name
  {ac1931c3-4871-4c05-82c6-d1c0a2cded23}, !- Schedule Type Limits Name
  {e14b9384-6c72-46e7-aaeb-0a70cfe15d9e}, !- Default Day Schedule Name
  {62577676-a6b6-4004-91bd-c603f2785526}, !- Summer Design Day Schedule Name
  {66c921dd-22cc-4639-963d-b0fe3615942e}; !- Winter Design Day Schedule Name

OS:Schedule:Day,
  {e14b9384-6c72-46e7-aaeb-0a70cfe15d9e}, !- Handle
  RetailStandalone HTGSETP_SCH_NO_OPTIMUM Default, !- Name
  {ac1931c3-4871-4c05-82c6-d1c0a2cded23}, !- Schedule Type Limits Name
  ,                                       !- Interpolate to Timestep
  7,                                      !- Hour 1
  0,                                      !- Minute 1
  15.56,                                  !- Value Until Time 1
  19,                                     !- Hour 2
  0,                                      !- Minute 2
  21.11,                                  !- Value Until Time 2
  24,                                     !- Hour 3
  0,                                      !- Minute 3
  15.56;                                  !- Value Until Time 3

OS:Schedule:Rule,
  {dc65eefd-4bb8-46d9-8dff-f029385455ad}, !- Handle
  Schedule Rule 10,                       !- Name
  {39fa59b9-7216-4efc-ba75-9600bf411ca3}, !- Schedule Ruleset Name
  1,                                      !- Rule Order
  {874882a9-5946-4803-b31d-3374419032e6}, !- Day Schedule Name
  ,                                       !- Apply Sunday
  ,                                       !- Apply Monday
  ,                                       !- Apply Tuesday
  ,                                       !- Apply Wednesday
  ,                                       !- Apply Thursday
  ,                                       !- Apply Friday
  Yes,                                    !- Apply Saturday
  DateRange,                              !- Date Specification Type
  1,                                      !- Start Month
  1,                                      !- Start Day
  12,                                     !- End Month
  31;                                     !- End Day

OS:Schedule:Day,
  {874882a9-5946-4803-b31d-3374419032e6}, !- Handle
  RetailStandalone HTGSETP_SCH_NO_OPTIMUM Sat Day, !- Name
  {ac1931c3-4871-4c05-82c6-d1c0a2cded23}, !- Schedule Type Limits Name
  ,                                       !- Interpolate to Timestep
  5,                                      !- Hour 1
  0,                                      !- Minute 1
  15.56,                                  !- Value Until Time 1
  22,                                     !- Hour 2
  0,                                      !- Minute 2
  21.11,                                  !- Value Until Time 2
  24,                                     !- Hour 3
  0,                                      !- Minute 3
  15.56;                                  !- Value Until Time 3

OS:Schedule:Day,
  {62577676-a6b6-4004-91bd-c603f2785526}, !- Handle
  RetailStandalone HTGSETP_SCH_NO_OPTIMUM Summer Design Day, !- Name
  {ac1931c3-4871-4c05-82c6-d1c0a2cded23}, !- Schedule Type Limits Name
  ,                                       !- Interpolate to Timestep
  24,                                     !- Hour 1
  0,                                      !- Minute 1
  15.56;                                  !- Value Until Time 1

OS:Schedule:Rule,
  {01700373-a1d0-4f44-8165-bcab47418aae}, !- Handle
  Schedule Rule 11,                       !- Name
  {39fa59b9-7216-4efc-ba75-9600bf411ca3}, !- Schedule Ruleset Name
  0,                                      !- Rule Order
  {5e9610ba-d9ec-4d77-9fff-db5b22640569}, !- Day Schedule Name
  ,                                       !- Apply Sunday
  Yes,                                    !- Apply Monday
  Yes,                                    !- Apply Tuesday
  Yes,                                    !- Apply Wednesday
  Yes,                                    !- Apply Thursday
  Yes,                                    !- Apply Friday
  ,                                       !- Apply Saturday
  DateRange,                              !- Date Specification Type
  1,                                      !- Start Month
  1,                                      !- Start Day
  12,                                     !- End Month
  31;                                     !- End Day

OS:Schedule:Day,
  {5e9610ba-d9ec-4d77-9fff-db5b22640569}, !- Handle
  RetailStandalone HTGSETP_SCH_NO_OPTIMUM Wkdy Day, !- Name
  {ac1931c3-4871-4c05-82c6-d1c0a2cded23}, !- Schedule Type Limits Name
  ,                                       !- Interpolate to Timestep
  5,                                      !- Hour 1
  0,                                      !- Minute 1
  15.56,                                  !- Value Until Time 1
  21,                                     !- Hour 2
  0,                                      !- Minute 2
  21.11,                                  !- Value Until Time 2
  24,                                     !- Hour 3
  0,                                      !- Minute 3
  15.56;                                  !- Value Until Time 3

OS:Schedule:Day,
  {66c921dd-22cc-4639-963d-b0fe3615942e}, !- Handle
  RetailStandalone HTGSETP_SCH_NO_OPTIMUM Winter Design Day, !- Name
  {ac1931c3-4871-4c05-82c6-d1c0a2cded23}, !- Schedule Type Limits Name
  ,                                       !- Interpolate to Timestep
  6,                                      !- Hour 1
  0,                                      !- Minute 1
  15.56,                                  !- Value Until Time 1
  7,                                      !- Hour 2
  0,                                      !- Minute 2
  18.33,                                  !- Value Until Time 2
  21,                                     !- Hour 3
  0,                                      !- Minute 3
  21.11,                                  !- Value Until Time 3
  24,                                     !- Hour 4
  0,                                      !- Minute 4
  15.56;                                  !- Value Until Time 4

OS:ScheduleTypeLimits,
  {ac1931c3-4871-4c05-82c6-d1c0a2cded23}, !- Handle
  Temperature,                            !- Name
  ,                                       !- Lower Limit Value
  ,                                       !- Upper Limit Value
  Continuous,                             !- Numeric Type
  Temperature;                            !- Unit Type

OS:Schedule:Ruleset,
  {ccc105aa-ef17-4a33-a5b7-b434b1f65a13}, !- Handle
  RetailStandalone CLGSETP_SCH_NO_SETBACK, !- Name
  {ac1931c3-4871-4c05-82c6-d1c0a2cded23}, !- Schedule Type Limits Name
  {6ed83fbd-2624-4660-9d30-7bda330b86b3}, !- Default Day Schedule Name
  {b56a28fa-d88c-42b5-8cc3-9f4e524a029d}, !- Summer Design Day Schedule Name
  {8eec1a44-7802-4394-a5fc-ddc472b26309}; !- Winter Design Day Schedule Name

OS:Schedule:Day,
  {6ed83fbd-2624-4660-9d30-7bda330b86b3}, !- Handle
  RetailStandalone CLGSETP_SCH_NO_SETBACK Default, !- Name
  {ac1931c3-4871-4c05-82c6-d1c0a2cded23}, !- Schedule Type Limits Name
  ,                                       !- Interpolate to Timestep
  24,                                     !- Hour 1
  0,                                      !- Minute 1
  23.89;                                  !- Value Until Time 1

OS:Schedule:Rule,
  {bba63328-0375-4d13-bf75-0be9bfd6f5a1}, !- Handle
  Schedule Rule 12,                       !- Name
  {ccc105aa-ef17-4a33-a5b7-b434b1f65a13}, !- Schedule Ruleset Name
  0,                                      !- Rule Order
  {752eff09-bb24-427f-b6f7-7a525ec80670}, !- Day Schedule Name
  ,                                       !- Apply Sunday
  Yes,                                    !- Apply Monday
  Yes,                                    !- Apply Tuesday
  Yes,                                    !- Apply Wednesday
  Yes,                                    !- Apply Thursday
  Yes,                                    !- Apply Friday
  Yes,                                    !- Apply Saturday
  DateRange,                              !- Date Specification Type
  1,                                      !- Start Month
  1,                                      !- Start Day
  12,                                     !- End Month
  31;                                     !- End Day

OS:Schedule:Day,
  {752eff09-bb24-427f-b6f7-7a525ec80670}, !- Handle
  RetailStandalone CLGSETP_SCH_NO_SETBACK Default|Sat|Wkdy Day, !- Name
  {ac1931c3-4871-4c05-82c6-d1c0a2cded23}, !- Schedule Type Limits Name
  ,                                       !- Interpolate to Timestep
  24,                                     !- Hour 1
  0,                                      !- Minute 1
  23.89;                                  !- Value Until Time 1

OS:Schedule:Day,
  {b56a28fa-d88c-42b5-8cc3-9f4e524a029d}, !- Handle
  RetailStandalone CLGSETP_SCH_NO_SETBACK Summer Design Day, !- Name
  {ac1931c3-4871-4c05-82c6-d1c0a2cded23}, !- Schedule Type Limits Name
  ,                                       !- Interpolate to Timestep
  6,                                      !- Hour 1
  0,                                      !- Minute 1
  29.44,                                  !- Value Until Time 1
  7,                                      !- Hour 2
  0,                                      !- Minute 2
  26.67,                                  !- Value Until Time 2
  21,                                     !- Hour 3
  0,                                      !- Minute 3
  23.89,                                  !- Value Until Time 3
  24,                                     !- Hour 4
  0,                                      !- Minute 4
  29.44;                                  !- Value Until Time 4

OS:Schedule:Day,
  {8eec1a44-7802-4394-a5fc-ddc472b26309}, !- Handle
  RetailStandalone CLGSETP_SCH_NO_SETBACK Winter Design Day, !- Name
  {ac1931c3-4871-4c05-82c6-d1c0a2cded23}, !- Schedule Type Limits Name
  ,                                       !- Interpolate to Timestep
  24,                                     !- Hour 1
  0,                                      !- Minute 1
  29.44;                                  !- Value Until Time 1

OS:Rendering:Color,
  {d3248d6b-10fe-4ee6-bf03-42960bbecf0c}, !- Handle
  Retail Entry 1,                         !- Name
  169,                                    !- Rendering Red Value
  31,                                     !- Rendering Green Value
  31;                                     !- Rendering Blue Value

OS:Lights:Definition,
  {6c90091e-eb34-42c2-832c-1a5f70448a1b}, !- Handle
  Retail Entry Lights Definition,         !- Name
  Watts/Area,                             !- Design Level Calculation Method
  ,                                       !- Lighting Level {W}
  13.9930835417226,                       !- Watts per Space Floor Area {W/m2}
  ,                                       !- Watts per Person {W/person}
  0.7,                                    !- Fraction Radiant
  0.2,                                    !- Fraction Visible
  0;                                      !- Return Air Fraction

OS:Lights,
  {19147518-331b-4315-9f22-ece69fac08df}, !- Handle
  Retail Entry Lights,                    !- Name
  {6c90091e-eb34-42c2-832c-1a5f70448a1b}, !- Lights Definition Name
  {0bcafa2d-62fc-4553-b313-ffb78a469e75}, !- Space or SpaceType Name
  ,                                       !- Schedule Name
  1,                                      !- Fraction Replaceable
  ,                                       !- Multiplier
  General;                                !- End-Use Subcategory

OS:AdditionalProperties,
  {7359ef9b-ab25-4d35-ae29-72c3f466c401}, !- Handle
  {6c90091e-eb34-42c2-832c-1a5f70448a1b}, !- Object Name
  lpd_fraction_linear_fluorescent,        !- Feature Name 1
  Double,                                 !- Feature Data Type 1
  1;                                      !- Feature Value 1

OS:ElectricEquipment:Definition,
  {071db691-e525-4200-8eb6-39eec6a2cf9e}, !- Handle
  Retail Entry Elec Equip Definition,     !- Name
  Watts/Area,                             !- Design Level Calculation Method
  ,                                       !- Design Level {W}
  3.22917312501292,                       !- Watts per Space Floor Area {W/m2}
  ,                                       !- Watts per Person {W/person}
  0,                                      !- Fraction Latent
  0.5,                                    !- Fraction Radiant
  0;                                      !- Fraction Lost

OS:ElectricEquipment,
  {c13a19ba-87b3-4fe9-a786-eae712313e20}, !- Handle
  Retail Entry Elec Equip,                !- Name
  {071db691-e525-4200-8eb6-39eec6a2cf9e}, !- Electric Equipment Definition Name
  {0bcafa2d-62fc-4553-b313-ffb78a469e75}, !- Space or SpaceType Name
  ,                                       !- Schedule Name
  ,                                       !- Multiplier
  General;                                !- End-Use Subcategory

OS:DesignSpecification:OutdoorAir,
  {0c037bb1-4ae7-4709-a530-fb1e7b4f2993}, !- Handle
  Retail Entry Ventilation,               !- Name
  Sum,                                    !- Outdoor Air Method
  ,                                       !- Outdoor Air Flow per Person {m3/s-person}
  0.001524,                               !- Outdoor Air Flow per Floor Area {m3/s-m2}
  ,                                       !- Outdoor Air Flow Rate {m3/s}
  ,                                       !- Outdoor Air Flow Air Changes per Hour {1/hr}
  ;                                       !- Outdoor Air Flow Rate Fraction Schedule Name

OS:DefaultScheduleSet,
  {3a7abc89-5261-40b3-8acb-888761eff9d5}, !- Handle
  Retail Entry Schedule Set,              !- Name
  ,                                       !- Hours of Operation Schedule Name
  {735a10b5-4631-41cd-b0ff-8b0cf4476a1a}, !- Number of People Schedule Name
  {2b5e8a5d-058c-4347-813e-f7ca1fbb8b08}, !- People Activity Level Schedule Name
  {1c9ad59a-6079-4b1d-9926-2392ba0fa5dd}, !- Lighting Schedule Name
  {ae6619c4-3852-42fa-a334-de167fb65898}, !- Electric Equipment Schedule Name
  ,                                       !- Gas Equipment Schedule Name
  ,                                       !- Hot Water Equipment Schedule Name
  {8580473d-9528-4e18-ab73-a37d13d281d5}, !- Infiltration Schedule Name
  ,                                       !- Steam Equipment Schedule Name
  ;                                       !- Other Equipment Schedule Name

OS:Schedule:Ruleset,
  {1c9ad59a-6079-4b1d-9926-2392ba0fa5dd}, !- Handle
  RetailStandalone BLDG_LIGHT_ENTRY_SCH,  !- Name
  {f61a7542-1282-4583-8387-aeb662f19b86}, !- Schedule Type Limits Name
  {9efb9c6a-8573-45fb-8669-8e8672aa4c59}, !- Default Day Schedule Name
  {16f6d5a9-d5db-4c8c-b495-669b5e4b5d92}, !- Summer Design Day Schedule Name
  {2d686c9e-9f4a-405a-97cf-e1648e79f56a}; !- Winter Design Day Schedule Name

OS:Schedule:Day,
  {9efb9c6a-8573-45fb-8669-8e8672aa4c59}, !- Handle
  RetailStandalone BLDG_LIGHT_ENTRY_SCH Default, !- Name
  {f61a7542-1282-4583-8387-aeb662f19b86}, !- Schedule Type Limits Name
  ,                                       !- Interpolate to Timestep
  9,                                      !- Hour 1
  0,                                      !- Minute 1
  0.05,                                   !- Value Until Time 1
  10,                                     !- Hour 2
  0,                                      !- Minute 2
  0.1,                                    !- Value Until Time 2
  12,                                     !- Hour 3
  0,                                      !- Minute 3
  0.4,                                    !- Value Until Time 3
  17,                                     !- Hour 4
  0,                                      !- Minute 4
  0.6,                                    !- Value Until Time 4
  18,                                     !- Hour 5
  0,                                      !- Minute 5
  0.4,                                    !- Value Until Time 5
  19,                                     !- Hour 6
  0,                                      !- Minute 6
  0.2,                                    !- Value Until Time 6
  24,                                     !- Hour 7
  0,                                      !- Minute 7
  0.05;                                   !- Value Until Time 7

OS:Schedule:Rule,
  {c9665cce-9348-40c3-8596-4fc79b7c6c8b}, !- Handle
  Schedule Rule 13,                       !- Name
  {1c9ad59a-6079-4b1d-9926-2392ba0fa5dd}, !- Schedule Ruleset Name
  1,                                      !- Rule Order
  {6d13f705-d9ac-4a17-bb60-9cd4188506dc}, !- Day Schedule Name
  ,                                       !- Apply Sunday
  ,                                       !- Apply Monday
  ,                                       !- Apply Tuesday
  ,                                       !- Apply Wednesday
  ,                                       !- Apply Thursday
  ,                                       !- Apply Friday
  Yes,                                    !- Apply Saturday
  DateRange,                              !- Date Specification Type
  1,                                      !- Start Month
  1,                                      !- Start Day
  12,                                     !- End Month
  31;                                     !- End Day

OS:Schedule:Day,
  {6d13f705-d9ac-4a17-bb60-9cd4188506dc}, !- Handle
  RetailStandalone BLDG_LIGHT_ENTRY_SCH Sat Day, !- Name
  {f61a7542-1282-4583-8387-aeb662f19b86}, !- Schedule Type Limits Name
  ,                                       !- Interpolate to Timestep
  7,                                      !- Hour 1
  0,                                      !- Minute 1
  0.05,                                   !- Value Until Time 1
  8,                                      !- Hour 2
  0,                                      !- Minute 2
  0.1,                                    !- Value Until Time 2
  9,                                      !- Hour 3
  0,                                      !- Minute 3
  0.3,                                    !- Value Until Time 3
  10,                                     !- Hour 4
  0,                                      !- Minute 4
  0.6,                                    !- Value Until Time 4
  18,                                     !- Hour 5
  0,                                      !- Minute 5
  0.9,                                    !- Value Until Time 5
  19,                                     !- Hour 6
  0,                                      !- Minute 6
  0.5,                                    !- Value Until Time 6
  21,                                     !- Hour 7
  0,                                      !- Minute 7
  0.3,                                    !- Value Until Time 7
  22,                                     !- Hour 8
  0,                                      !- Minute 8
  0.1,                                    !- Value Until Time 8
  24,                                     !- Hour 9
  0,                                      !- Minute 9
  0.05;                                   !- Value Until Time 9

OS:Schedule:Day,
  {16f6d5a9-d5db-4c8c-b495-669b5e4b5d92}, !- Handle
  RetailStandalone BLDG_LIGHT_ENTRY_SCH Summer Design Day, !- Name
  {f61a7542-1282-4583-8387-aeb662f19b86}, !- Schedule Type Limits Name
  ,                                       !- Interpolate to Timestep
  24,                                     !- Hour 1
  0,                                      !- Minute 1
  1;                                      !- Value Until Time 1

OS:Schedule:Rule,
  {9995bff0-ff2c-4f32-b524-690bb186d4ff}, !- Handle
  Schedule Rule 14,                       !- Name
  {1c9ad59a-6079-4b1d-9926-2392ba0fa5dd}, !- Schedule Ruleset Name
  0,                                      !- Rule Order
  {4bea7a60-701b-4172-8ef4-2b855d6f5c88}, !- Day Schedule Name
  ,                                       !- Apply Sunday
  Yes,                                    !- Apply Monday
  Yes,                                    !- Apply Tuesday
  Yes,                                    !- Apply Wednesday
  Yes,                                    !- Apply Thursday
  Yes,                                    !- Apply Friday
  ,                                       !- Apply Saturday
  DateRange,                              !- Date Specification Type
  1,                                      !- Start Month
  1,                                      !- Start Day
  12,                                     !- End Month
  31;                                     !- End Day

OS:Schedule:Day,
  {4bea7a60-701b-4172-8ef4-2b855d6f5c88}, !- Handle
  RetailStandalone BLDG_LIGHT_ENTRY_SCH Wkdy Day, !- Name
  {f61a7542-1282-4583-8387-aeb662f19b86}, !- Schedule Type Limits Name
  ,                                       !- Interpolate to Timestep
  7,                                      !- Hour 1
  0,                                      !- Minute 1
  0.05,                                   !- Value Until Time 1
  8,                                      !- Hour 2
  0,                                      !- Minute 2
  0.2,                                    !- Value Until Time 2
  9,                                      !- Hour 3
  0,                                      !- Minute 3
  0.4,                                    !- Value Until Time 3
  18,                                     !- Hour 4
  0,                                      !- Minute 4
  0.9,                                    !- Value Until Time 4
  21,                                     !- Hour 5
  0,                                      !- Minute 5
  0.5,                                    !- Value Until Time 5
  22,                                     !- Hour 6
  0,                                      !- Minute 6
  0.2,                                    !- Value Until Time 6
  24,                                     !- Hour 7
  0,                                      !- Minute 7
  0.05;                                   !- Value Until Time 7

OS:Schedule:Day,
  {2d686c9e-9f4a-405a-97cf-e1648e79f56a}, !- Handle
  RetailStandalone BLDG_LIGHT_ENTRY_SCH Winter Design Day, !- Name
  {f61a7542-1282-4583-8387-aeb662f19b86}, !- Schedule Type Limits Name
  ,                                       !- Interpolate to Timestep
  24,                                     !- Hour 1
  0,                                      !- Minute 1
  0;                                      !- Value Until Time 1

OS:ThermostatSetpoint:DualSetpoint,
  {1013994a-eb5e-43e9-8fcf-e33a18770181}, !- Handle
  Retail Entry Thermostat,                !- Name
  {39fa59b9-7216-4efc-ba75-9600bf411ca3}, !- Heating Setpoint Temperature Schedule Name
  {98d8744a-295f-4a48-8962-35ffa05f1ef9}; !- Cooling Setpoint Temperature Schedule Name

OS:Schedule:Ruleset,
  {98d8744a-295f-4a48-8962-35ffa05f1ef9}, !- Handle
  RetailStandalone FRONT_ENTRY_COOLING,   !- Name
  {ac1931c3-4871-4c05-82c6-d1c0a2cded23}, !- Schedule Type Limits Name
  {b3d4955e-7c20-4319-aef0-6f619538206c}, !- Default Day Schedule Name
  {e4c1b636-dfab-40d2-9877-ef7cd727238d}, !- Summer Design Day Schedule Name
  {de26c41b-a377-41e1-8d5f-763d5b2d8de2}; !- Winter Design Day Schedule Name

OS:Schedule:Day,
  {b3d4955e-7c20-4319-aef0-6f619538206c}, !- Handle
  RetailStandalone FRONT_ENTRY_COOLING Default, !- Name
  {ac1931c3-4871-4c05-82c6-d1c0a2cded23}, !- Schedule Type Limits Name
  ,                                       !- Interpolate to Timestep
  24,                                     !- Hour 1
  0,                                      !- Minute 1
  100;                                    !- Value Until Time 1

OS:Schedule:Day,
  {de26c41b-a377-41e1-8d5f-763d5b2d8de2}, !- Handle
  RetailStandalone FRONT_ENTRY_COOLING Winter Design Day, !- Name
  {ac1931c3-4871-4c05-82c6-d1c0a2cded23}, !- Schedule Type Limits Name
  ,                                       !- Interpolate to Timestep
  24,                                     !- Hour 1
  0,                                      !- Minute 1
  100;                                    !- Value Until Time 1

OS:Schedule:Day,
  {e4c1b636-dfab-40d2-9877-ef7cd727238d}, !- Handle
  RetailStandalone FRONT_ENTRY_COOLING Summer Design Day, !- Name
  {ac1931c3-4871-4c05-82c6-d1c0a2cded23}, !- Schedule Type Limits Name
  ,                                       !- Interpolate to Timestep
  24,                                     !- Hour 1
  0,                                      !- Minute 1
  100;                                    !- Value Until Time 1

OS:Rendering:Color,
  {2758a6d5-8688-41ff-bfdb-f6820955233d}, !- Handle
  Retail Point_of_Sale 1,                 !- Name
  171,                                    !- Rendering Red Value
  222,                                    !- Rendering Green Value
  78;                                     !- Rendering Blue Value

OS:People:Definition,
  {79b5242b-003a-4844-be78-c3bb6a50d8a4}, !- Handle
  Retail Point_of_Sale People Definition, !- Name
  People/Area,                            !- Number of People Calculation Method
  ,                                       !- Number of People {people}
  0.161458656250646,                      !- People per Space Floor Area {person/m2}
  ,                                       !- Space Floor Area per Person {m2/person}
  0.3;                                    !- Fraction Radiant

OS:People,
  {92d725b9-79b1-4e68-9bf2-8a19a57fe965}, !- Handle
  Retail Point_of_Sale People,            !- Name
  {79b5242b-003a-4844-be78-c3bb6a50d8a4}, !- People Definition Name
  {bee7a769-0f42-4be2-92b3-1f1cd06fa604}, !- Space or SpaceType Name
  ,                                       !- Number of People Schedule Name
  ,                                       !- Activity Level Schedule Name
  ,                                       !- Surface Name/Angle Factor List Name
  {5e6d70e9-94e3-444f-a6c8-d0eb3ee48c39}, !- Work Efficiency Schedule Name
  {db09b931-c168-4591-959a-f6b859724dfa}, !- Clothing Insulation Schedule Name
  {6bf73f34-afeb-4880-8525-5b1dcba64447}, !- Air Velocity Schedule Name
  1;                                      !- Multiplier

OS:Lights:Definition,
  {09a15439-0533-48d6-8362-936afc62ab7e}, !- Handle
  Retail Point_of_Sale Lights Definition, !- Name
  Watts/Area,                             !- Design Level Calculation Method
  ,                                       !- Lighting Level {W}
  18.2986477084065,                       !- Watts per Space Floor Area {W/m2}
  ,                                       !- Watts per Person {W/person}
  0.7,                                    !- Fraction Radiant
  0.2,                                    !- Fraction Visible
  0;                                      !- Return Air Fraction

OS:Lights,
  {85b9420a-4e2c-45d9-84ab-e90e66a2cae0}, !- Handle
  Retail Point_of_Sale Lights,            !- Name
  {09a15439-0533-48d6-8362-936afc62ab7e}, !- Lights Definition Name
  {bee7a769-0f42-4be2-92b3-1f1cd06fa604}, !- Space or SpaceType Name
  ,                                       !- Schedule Name
  1,                                      !- Fraction Replaceable
  ,                                       !- Multiplier
  General;                                !- End-Use Subcategory

OS:AdditionalProperties,
  {a1dff28e-d7af-4039-9f2c-77bc91907546}, !- Handle
  {09a15439-0533-48d6-8362-936afc62ab7e}, !- Object Name
  lpd_fraction_linear_fluorescent,        !- Feature Name 1
  Double,                                 !- Feature Data Type 1
  1;                                      !- Feature Value 1

OS:ElectricEquipment:Definition,
  {6a2a2f3e-5b0d-4873-a6b4-72249a307325}, !- Handle
  Retail Point_of_Sale Elec Equip Definition, !- Name
  Watts/Area,                             !- Design Level Calculation Method
  ,                                       !- Design Level {W}
  21.5278208334194,                       !- Watts per Space Floor Area {W/m2}
  ,                                       !- Watts per Person {W/person}
  0,                                      !- Fraction Latent
  0.5,                                    !- Fraction Radiant
  0;                                      !- Fraction Lost

OS:ElectricEquipment,
  {32e952e9-cdc4-4077-b4fb-05b8a089eabd}, !- Handle
  Retail Point_of_Sale Elec Equip,        !- Name
  {6a2a2f3e-5b0d-4873-a6b4-72249a307325}, !- Electric Equipment Definition Name
  {bee7a769-0f42-4be2-92b3-1f1cd06fa604}, !- Space or SpaceType Name
  ,                                       !- Schedule Name
  ,                                       !- Multiplier
  General;                                !- End-Use Subcategory

OS:DesignSpecification:OutdoorAir,
  {be27eb8c-48b1-4cc0-b437-b1b12761b431}, !- Handle
  Retail Point_of_Sale Ventilation,       !- Name
  Sum,                                    !- Outdoor Air Method
  ,                                       !- Outdoor Air Flow per Person {m3/s-person}
  0.001524,                               !- Outdoor Air Flow per Floor Area {m3/s-m2}
  ,                                       !- Outdoor Air Flow Rate {m3/s}
  ,                                       !- Outdoor Air Flow Air Changes per Hour {1/hr}
  ;                                       !- Outdoor Air Flow Rate Fraction Schedule Name

OS:DefaultScheduleSet,
  {d718c41a-9540-417d-beb6-e1c2ee39f357}, !- Handle
  Retail Point_of_Sale Schedule Set,      !- Name
  ,                                       !- Hours of Operation Schedule Name
  {735a10b5-4631-41cd-b0ff-8b0cf4476a1a}, !- Number of People Schedule Name
  {2b5e8a5d-058c-4347-813e-f7ca1fbb8b08}, !- People Activity Level Schedule Name
  {5e6f6851-2f87-41aa-abde-00618709627a}, !- Lighting Schedule Name
  {ae6619c4-3852-42fa-a334-de167fb65898}, !- Electric Equipment Schedule Name
  ,                                       !- Gas Equipment Schedule Name
  ,                                       !- Hot Water Equipment Schedule Name
  {8580473d-9528-4e18-ab73-a37d13d281d5}, !- Infiltration Schedule Name
  ,                                       !- Steam Equipment Schedule Name
  ;                                       !- Other Equipment Schedule Name

OS:Schedule:Ruleset,
  {5e6f6851-2f87-41aa-abde-00618709627a}, !- Handle
  RetailStandalone BLDG_LIGHT_FRONT_SCH,  !- Name
  {f61a7542-1282-4583-8387-aeb662f19b86}, !- Schedule Type Limits Name
  {e959ee75-0882-433f-93f2-2915062e7ea2}, !- Default Day Schedule Name
  {c1bcacb8-745e-4cef-90c3-b2858cae47c8}, !- Summer Design Day Schedule Name
  {6e4642a5-4422-48a9-82eb-5e946c15d299}; !- Winter Design Day Schedule Name

OS:Schedule:Day,
  {e959ee75-0882-433f-93f2-2915062e7ea2}, !- Handle
  RetailStandalone BLDG_LIGHT_FRONT_SCH Default, !- Name
  {f61a7542-1282-4583-8387-aeb662f19b86}, !- Schedule Type Limits Name
  ,                                       !- Interpolate to Timestep
  9,                                      !- Hour 1
  0,                                      !- Minute 1
  0.05,                                   !- Value Until Time 1
  10,                                     !- Hour 2
  0,                                      !- Minute 2
  0.1,                                    !- Value Until Time 2
  12,                                     !- Hour 3
  0,                                      !- Minute 3
  0.4,                                    !- Value Until Time 3
  17,                                     !- Hour 4
  0,                                      !- Minute 4
  0.6,                                    !- Value Until Time 4
  18,                                     !- Hour 5
  0,                                      !- Minute 5
  0.4,                                    !- Value Until Time 5
  19,                                     !- Hour 6
  0,                                      !- Minute 6
  0.2,                                    !- Value Until Time 6
  24,                                     !- Hour 7
  0,                                      !- Minute 7
  0.05;                                   !- Value Until Time 7

OS:Schedule:Rule,
  {e82f8491-6c08-480f-9338-4bb1440f3546}, !- Handle
  Schedule Rule 15,                       !- Name
  {5e6f6851-2f87-41aa-abde-00618709627a}, !- Schedule Ruleset Name
  1,                                      !- Rule Order
  {637223e7-ca1e-4c40-bcee-7f2561a6b2f2}, !- Day Schedule Name
  ,                                       !- Apply Sunday
  ,                                       !- Apply Monday
  ,                                       !- Apply Tuesday
  ,                                       !- Apply Wednesday
  ,                                       !- Apply Thursday
  ,                                       !- Apply Friday
  Yes,                                    !- Apply Saturday
  DateRange,                              !- Date Specification Type
  1,                                      !- Start Month
  1,                                      !- Start Day
  12,                                     !- End Month
  31;                                     !- End Day

OS:Schedule:Day,
  {637223e7-ca1e-4c40-bcee-7f2561a6b2f2}, !- Handle
  RetailStandalone BLDG_LIGHT_FRONT_SCH Sat Day, !- Name
  {f61a7542-1282-4583-8387-aeb662f19b86}, !- Schedule Type Limits Name
  ,                                       !- Interpolate to Timestep
  7,                                      !- Hour 1
  0,                                      !- Minute 1
  0.05,                                   !- Value Until Time 1
  8,                                      !- Hour 2
  0,                                      !- Minute 2
  0.1,                                    !- Value Until Time 2
  9,                                      !- Hour 3
  0,                                      !- Minute 3
  0.3,                                    !- Value Until Time 3
  10,                                     !- Hour 4
  0,                                      !- Minute 4
  0.6,                                    !- Value Until Time 4
  18,                                     !- Hour 5
  0,                                      !- Minute 5
  0.9,                                    !- Value Until Time 5
  19,                                     !- Hour 6
  0,                                      !- Minute 6
  0.5,                                    !- Value Until Time 6
  21,                                     !- Hour 7
  0,                                      !- Minute 7
  0.3,                                    !- Value Until Time 7
  22,                                     !- Hour 8
  0,                                      !- Minute 8
  0.1,                                    !- Value Until Time 8
  24,                                     !- Hour 9
  0,                                      !- Minute 9
  0.05;                                   !- Value Until Time 9

OS:Schedule:Day,
  {c1bcacb8-745e-4cef-90c3-b2858cae47c8}, !- Handle
  RetailStandalone BLDG_LIGHT_FRONT_SCH Summer Design Day, !- Name
  {f61a7542-1282-4583-8387-aeb662f19b86}, !- Schedule Type Limits Name
  ,                                       !- Interpolate to Timestep
  24,                                     !- Hour 1
  0,                                      !- Minute 1
  1;                                      !- Value Until Time 1

OS:Schedule:Rule,
  {a964d79d-3cc3-4bf6-8e95-cca95afe7648}, !- Handle
  Schedule Rule 16,                       !- Name
  {5e6f6851-2f87-41aa-abde-00618709627a}, !- Schedule Ruleset Name
  0,                                      !- Rule Order
  {9e9cd812-405a-45b3-908d-ec50ea5ee1ef}, !- Day Schedule Name
  ,                                       !- Apply Sunday
  Yes,                                    !- Apply Monday
  Yes,                                    !- Apply Tuesday
  Yes,                                    !- Apply Wednesday
  Yes,                                    !- Apply Thursday
  Yes,                                    !- Apply Friday
  ,                                       !- Apply Saturday
  DateRange,                              !- Date Specification Type
  1,                                      !- Start Month
  1,                                      !- Start Day
  12,                                     !- End Month
  31;                                     !- End Day

OS:Schedule:Day,
  {9e9cd812-405a-45b3-908d-ec50ea5ee1ef}, !- Handle
  RetailStandalone BLDG_LIGHT_FRONT_SCH Wkdy Day, !- Name
  {f61a7542-1282-4583-8387-aeb662f19b86}, !- Schedule Type Limits Name
  ,                                       !- Interpolate to Timestep
  7,                                      !- Hour 1
  0,                                      !- Minute 1
  0.05,                                   !- Value Until Time 1
  8,                                      !- Hour 2
  0,                                      !- Minute 2
  0.2,                                    !- Value Until Time 2
  9,                                      !- Hour 3
  0,                                      !- Minute 3
  0.4,                                    !- Value Until Time 3
  18,                                     !- Hour 4
  0,                                      !- Minute 4
  0.9,                                    !- Value Until Time 4
  21,                                     !- Hour 5
  0,                                      !- Minute 5
  0.5,                                    !- Value Until Time 5
  22,                                     !- Hour 6
  0,                                      !- Minute 6
  0.2,                                    !- Value Until Time 6
  24,                                     !- Hour 7
  0,                                      !- Minute 7
  0.05;                                   !- Value Until Time 7

OS:Schedule:Day,
  {6e4642a5-4422-48a9-82eb-5e946c15d299}, !- Handle
  RetailStandalone BLDG_LIGHT_FRONT_SCH Winter Design Day, !- Name
  {f61a7542-1282-4583-8387-aeb662f19b86}, !- Schedule Type Limits Name
  ,                                       !- Interpolate to Timestep
  24,                                     !- Hour 1
  0,                                      !- Minute 1
  0;                                      !- Value Until Time 1

OS:ThermostatSetpoint:DualSetpoint,
  {1d1851d2-0290-4937-a68b-d1bf1e84fae4}, !- Handle
  Retail Point_of_Sale Thermostat,        !- Name
  {39fa59b9-7216-4efc-ba75-9600bf411ca3}, !- Heating Setpoint Temperature Schedule Name
  {ccc105aa-ef17-4a33-a5b7-b434b1f65a13}; !- Cooling Setpoint Temperature Schedule Name

OS:Rendering:Color,
  {44563213-e940-400e-b1a8-3a136070987b}, !- Handle
  Retail Retail 1,                        !- Name
  171,                                    !- Rendering Red Value
  222,                                    !- Rendering Green Value
  78;                                     !- Rendering Blue Value

OS:People:Definition,
  {670a3a19-bfed-44cb-8d78-8ca7d470bba7}, !- Handle
  Retail Retail People Definition,        !- Name
  People/Area,                            !- Number of People Calculation Method
  ,                                       !- Number of People {people}
  0.161458656250646,                      !- People per Space Floor Area {person/m2}
  ,                                       !- Space Floor Area per Person {m2/person}
  0.3;                                    !- Fraction Radiant

OS:People,
  {2d575ba5-e220-4276-ba63-3b317c0af1db}, !- Handle
  Retail Retail People,                   !- Name
  {670a3a19-bfed-44cb-8d78-8ca7d470bba7}, !- People Definition Name
  {41f69eaa-5eeb-42eb-996c-0f4de8e4a667}, !- Space or SpaceType Name
  ,                                       !- Number of People Schedule Name
  ,                                       !- Activity Level Schedule Name
  ,                                       !- Surface Name/Angle Factor List Name
  {5e6d70e9-94e3-444f-a6c8-d0eb3ee48c39}, !- Work Efficiency Schedule Name
  {db09b931-c168-4591-959a-f6b859724dfa}, !- Clothing Insulation Schedule Name
  {6bf73f34-afeb-4880-8525-5b1dcba64447}, !- Air Velocity Schedule Name
  1;                                      !- Multiplier

OS:Lights:Definition,
  {3f1192d3-0ce3-423c-8afc-1634adcd95d5}, !- Handle
  Retail Retail Lights Definition,        !- Name
  Watts/Area,                             !- Design Level Calculation Method
  ,                                       !- Lighting Level {W}
  18.2986477084065,                       !- Watts per Space Floor Area {W/m2}
  ,                                       !- Watts per Person {W/person}
  0.7,                                    !- Fraction Radiant
  0.2,                                    !- Fraction Visible
  0;                                      !- Return Air Fraction

OS:Lights,
  {42f84fd7-b045-4e62-b75f-1a8b6c780312}, !- Handle
  Retail Retail Lights,                   !- Name
  {3f1192d3-0ce3-423c-8afc-1634adcd95d5}, !- Lights Definition Name
  {41f69eaa-5eeb-42eb-996c-0f4de8e4a667}, !- Space or SpaceType Name
  ,                                       !- Schedule Name
  1,                                      !- Fraction Replaceable
  ,                                       !- Multiplier
  General;                                !- End-Use Subcategory

OS:AdditionalProperties,
  {600f591e-1bcc-4e63-9411-22f592248bc9}, !- Handle
  {3f1192d3-0ce3-423c-8afc-1634adcd95d5}, !- Object Name
  lpd_fraction_linear_fluorescent,        !- Feature Name 1
  Double,                                 !- Feature Data Type 1
  1;                                      !- Feature Value 1

OS:ElectricEquipment:Definition,
  {4f7f4bde-b51b-4549-8cf5-9455f29aebd9}, !- Handle
  Retail Retail Elec Equip Definition,    !- Name
  Watts/Area,                             !- Design Level Calculation Method
  ,                                       !- Design Level {W}
  3.22917312501292,                       !- Watts per Space Floor Area {W/m2}
  ,                                       !- Watts per Person {W/person}
  0,                                      !- Fraction Latent
  0.5,                                    !- Fraction Radiant
  0;                                      !- Fraction Lost

OS:ElectricEquipment,
  {93e09ec8-0e53-477a-a76d-517d47ecc672}, !- Handle
  Retail Retail Elec Equip,               !- Name
  {4f7f4bde-b51b-4549-8cf5-9455f29aebd9}, !- Electric Equipment Definition Name
  {41f69eaa-5eeb-42eb-996c-0f4de8e4a667}, !- Space or SpaceType Name
  ,                                       !- Schedule Name
  ,                                       !- Multiplier
  General;                                !- End-Use Subcategory

OS:DesignSpecification:OutdoorAir,
  {0a4246ee-b3b7-4ee9-a782-28f7ac84a103}, !- Handle
  Retail Retail Ventilation,              !- Name
  Sum,                                    !- Outdoor Air Method
  ,                                       !- Outdoor Air Flow per Person {m3/s-person}
  0.001524,                               !- Outdoor Air Flow per Floor Area {m3/s-m2}
  ,                                       !- Outdoor Air Flow Rate {m3/s}
  ,                                       !- Outdoor Air Flow Air Changes per Hour {1/hr}
  ;                                       !- Outdoor Air Flow Rate Fraction Schedule Name

OS:DefaultScheduleSet,
  {8de27247-7a44-438c-b880-eadaae959bb9}, !- Handle
  Retail Retail Schedule Set,             !- Name
  ,                                       !- Hours of Operation Schedule Name
  {735a10b5-4631-41cd-b0ff-8b0cf4476a1a}, !- Number of People Schedule Name
  {2b5e8a5d-058c-4347-813e-f7ca1fbb8b08}, !- People Activity Level Schedule Name
  {25cf07a4-0afe-4fbc-87dd-06bd76ea3d7d}, !- Lighting Schedule Name
  {ae6619c4-3852-42fa-a334-de167fb65898}, !- Electric Equipment Schedule Name
  ,                                       !- Gas Equipment Schedule Name
  ,                                       !- Hot Water Equipment Schedule Name
  {8580473d-9528-4e18-ab73-a37d13d281d5}, !- Infiltration Schedule Name
  ,                                       !- Steam Equipment Schedule Name
  ;                                       !- Other Equipment Schedule Name

OS:Schedule:Ruleset,
  {25cf07a4-0afe-4fbc-87dd-06bd76ea3d7d}, !- Handle
  RetailStandalone BLDG_LIGHT_SCH,        !- Name
  {f61a7542-1282-4583-8387-aeb662f19b86}, !- Schedule Type Limits Name
  {53a78ebb-4b1c-4cb5-8807-ac1f293e253f}, !- Default Day Schedule Name
  {aa876550-cfcd-4c3e-b3d2-792896084569}, !- Summer Design Day Schedule Name
  {719a6cfe-29aa-4abd-91e0-aa61a127005e}; !- Winter Design Day Schedule Name

OS:Schedule:Day,
  {53a78ebb-4b1c-4cb5-8807-ac1f293e253f}, !- Handle
  RetailStandalone BLDG_LIGHT_SCH Default, !- Name
  {f61a7542-1282-4583-8387-aeb662f19b86}, !- Schedule Type Limits Name
  ,                                       !- Interpolate to Timestep
  9,                                      !- Hour 1
  0,                                      !- Minute 1
  0.05,                                   !- Value Until Time 1
  10,                                     !- Hour 2
  0,                                      !- Minute 2
  0.1,                                    !- Value Until Time 2
  12,                                     !- Hour 3
  0,                                      !- Minute 3
  0.4,                                    !- Value Until Time 3
  17,                                     !- Hour 4
  0,                                      !- Minute 4
  0.6,                                    !- Value Until Time 4
  18,                                     !- Hour 5
  0,                                      !- Minute 5
  0.4,                                    !- Value Until Time 5
  19,                                     !- Hour 6
  0,                                      !- Minute 6
  0.2,                                    !- Value Until Time 6
  24,                                     !- Hour 7
  0,                                      !- Minute 7
  0.05;                                   !- Value Until Time 7

OS:Schedule:Rule,
  {8f11fa4b-5532-4b4e-9833-7fc86d331460}, !- Handle
  Schedule Rule 17,                       !- Name
  {25cf07a4-0afe-4fbc-87dd-06bd76ea3d7d}, !- Schedule Ruleset Name
  1,                                      !- Rule Order
  {ba4d3fb7-3ee9-45c5-a0d6-d14a52666fe0}, !- Day Schedule Name
  ,                                       !- Apply Sunday
  ,                                       !- Apply Monday
  ,                                       !- Apply Tuesday
  ,                                       !- Apply Wednesday
  ,                                       !- Apply Thursday
  ,                                       !- Apply Friday
  Yes,                                    !- Apply Saturday
  DateRange,                              !- Date Specification Type
  1,                                      !- Start Month
  1,                                      !- Start Day
  12,                                     !- End Month
  31;                                     !- End Day

OS:Schedule:Day,
  {ba4d3fb7-3ee9-45c5-a0d6-d14a52666fe0}, !- Handle
  RetailStandalone BLDG_LIGHT_SCH Sat Day, !- Name
  {f61a7542-1282-4583-8387-aeb662f19b86}, !- Schedule Type Limits Name
  ,                                       !- Interpolate to Timestep
  7,                                      !- Hour 1
  0,                                      !- Minute 1
  0.05,                                   !- Value Until Time 1
  8,                                      !- Hour 2
  0,                                      !- Minute 2
  0.1,                                    !- Value Until Time 2
  9,                                      !- Hour 3
  0,                                      !- Minute 3
  0.3,                                    !- Value Until Time 3
  10,                                     !- Hour 4
  0,                                      !- Minute 4
  0.6,                                    !- Value Until Time 4
  18,                                     !- Hour 5
  0,                                      !- Minute 5
  0.9,                                    !- Value Until Time 5
  19,                                     !- Hour 6
  0,                                      !- Minute 6
  0.5,                                    !- Value Until Time 6
  21,                                     !- Hour 7
  0,                                      !- Minute 7
  0.3,                                    !- Value Until Time 7
  22,                                     !- Hour 8
  0,                                      !- Minute 8
  0.1,                                    !- Value Until Time 8
  24,                                     !- Hour 9
  0,                                      !- Minute 9
  0.05;                                   !- Value Until Time 9

OS:Schedule:Day,
  {aa876550-cfcd-4c3e-b3d2-792896084569}, !- Handle
  RetailStandalone BLDG_LIGHT_SCH Summer Design Day, !- Name
  {f61a7542-1282-4583-8387-aeb662f19b86}, !- Schedule Type Limits Name
  ,                                       !- Interpolate to Timestep
  24,                                     !- Hour 1
  0,                                      !- Minute 1
  1;                                      !- Value Until Time 1

OS:Schedule:Rule,
  {bbfdb345-30a4-4d82-933b-8763f05abeaf}, !- Handle
  Schedule Rule 18,                       !- Name
  {25cf07a4-0afe-4fbc-87dd-06bd76ea3d7d}, !- Schedule Ruleset Name
  0,                                      !- Rule Order
  {545c5e8d-6570-4dd2-8fdc-2ddf3fb781f1}, !- Day Schedule Name
  ,                                       !- Apply Sunday
  Yes,                                    !- Apply Monday
  Yes,                                    !- Apply Tuesday
  Yes,                                    !- Apply Wednesday
  Yes,                                    !- Apply Thursday
  Yes,                                    !- Apply Friday
  ,                                       !- Apply Saturday
  DateRange,                              !- Date Specification Type
  1,                                      !- Start Month
  1,                                      !- Start Day
  12,                                     !- End Month
  31;                                     !- End Day

OS:Schedule:Day,
  {545c5e8d-6570-4dd2-8fdc-2ddf3fb781f1}, !- Handle
  RetailStandalone BLDG_LIGHT_SCH Wkdy Day, !- Name
  {f61a7542-1282-4583-8387-aeb662f19b86}, !- Schedule Type Limits Name
  ,                                       !- Interpolate to Timestep
  7,                                      !- Hour 1
  0,                                      !- Minute 1
  0.05,                                   !- Value Until Time 1
  8,                                      !- Hour 2
  0,                                      !- Minute 2
  0.2,                                    !- Value Until Time 2
  9,                                      !- Hour 3
  0,                                      !- Minute 3
  0.4,                                    !- Value Until Time 3
  18,                                     !- Hour 4
  0,                                      !- Minute 4
  0.9,                                    !- Value Until Time 4
  21,                                     !- Hour 5
  0,                                      !- Minute 5
  0.5,                                    !- Value Until Time 5
  22,                                     !- Hour 6
  0,                                      !- Minute 6
  0.2,                                    !- Value Until Time 6
  24,                                     !- Hour 7
  0,                                      !- Minute 7
  0.05;                                   !- Value Until Time 7

OS:Schedule:Day,
  {719a6cfe-29aa-4abd-91e0-aa61a127005e}, !- Handle
  RetailStandalone BLDG_LIGHT_SCH Winter Design Day, !- Name
  {f61a7542-1282-4583-8387-aeb662f19b86}, !- Schedule Type Limits Name
  ,                                       !- Interpolate to Timestep
  24,                                     !- Hour 1
  0,                                      !- Minute 1
  0;                                      !- Value Until Time 1

OS:ThermostatSetpoint:DualSetpoint,
  {4c956855-e877-49d1-8ab6-eb8bb92d943d}, !- Handle
  Retail Retail Thermostat,               !- Name
  {39fa59b9-7216-4efc-ba75-9600bf411ca3}, !- Heating Setpoint Temperature Schedule Name
  {ccc105aa-ef17-4a33-a5b7-b434b1f65a13}; !- Cooling Setpoint Temperature Schedule Name

OS:SpaceInfiltration:DesignFlowRate,
  {66914ac7-efba-4046-bb4c-16a2dd01fb19}, !- Handle
  Back_Space Infiltration,                !- Name
  {3d4b9ba5-883d-4fc8-bf66-520e25258a41}, !- Space or SpaceType Name
  {8580473d-9528-4e18-ab73-a37d13d281d5}, !- Schedule Name
  Flow/ExteriorArea,                      !- Design Flow Rate Calculation Method
  ,                                       !- Design Flow Rate {m3/s}
  ,                                       !- Flow per Space Floor Area {m3/s-m2}
  0.0005359806566,                        !- Flow per Exterior Surface Area {m3/s-m2}
  ,                                       !- Air Changes per Hour {1/hr}
  0,                                      !- Constant Term Coefficient
  0,                                      !- Temperature Term Coefficient
  0.224,                                  !- Velocity Term Coefficient
  0;                                      !- Velocity Squared Term Coefficient

OS:SpaceInfiltration:DesignFlowRate,
  {6f411049-8647-422a-ba69-b5f6bce67ebb}, !- Handle
  Core_Retail Infiltration,               !- Name
  {e3918e2f-852e-438a-a248-c13d9fc146d0}, !- Space or SpaceType Name
  {8580473d-9528-4e18-ab73-a37d13d281d5}, !- Schedule Name
  Flow/ExteriorArea,                      !- Design Flow Rate Calculation Method
  ,                                       !- Design Flow Rate {m3/s}
  ,                                       !- Flow per Space Floor Area {m3/s-m2}
  0.0001869188038,                        !- Flow per Exterior Surface Area {m3/s-m2}
  ,                                       !- Air Changes per Hour {1/hr}
  0,                                      !- Constant Term Coefficient
  0,                                      !- Temperature Term Coefficient
  0.224,                                  !- Velocity Term Coefficient
  0;                                      !- Velocity Squared Term Coefficient

OS:SpaceInfiltration:DesignFlowRate,
  {200d5e46-392f-4648-b8d1-a46350742470}, !- Handle
  Front_Entry Infiltration,               !- Name
  {7f004107-3619-4e77-8241-17e92dc82fb2}, !- Space or SpaceType Name
  {8580473d-9528-4e18-ab73-a37d13d281d5}, !- Schedule Name
  Flow/ExteriorArea,                      !- Design Flow Rate Calculation Method
  ,                                       !- Design Flow Rate {m3/s}
  ,                                       !- Flow per Space Floor Area {m3/s-m2}
  0.0006870948647,                        !- Flow per Exterior Surface Area {m3/s-m2}
  ,                                       !- Air Changes per Hour {1/hr}
  0,                                      !- Constant Term Coefficient
  0,                                      !- Temperature Term Coefficient
  0.224,                                  !- Velocity Term Coefficient
  0;                                      !- Velocity Squared Term Coefficient

OS:SpaceInfiltration:DesignFlowRate,
  {8bde3fca-1a82-4e16-97ec-ddfbfa8c7817}, !- Handle
  Front_Retail Infiltration,              !- Name
  {5e7c1d0f-985d-4e7c-870a-fc6c94988ab0}, !- Space or SpaceType Name
  {8580473d-9528-4e18-ab73-a37d13d281d5}, !- Schedule Name
  Flow/ExteriorArea,                      !- Design Flow Rate Calculation Method
  ,                                       !- Design Flow Rate {m3/s}
  ,                                       !- Flow per Space Floor Area {m3/s-m2}
  0.0005712943857,                        !- Flow per Exterior Surface Area {m3/s-m2}
  ,                                       !- Air Changes per Hour {1/hr}
  0,                                      !- Constant Term Coefficient
  0,                                      !- Temperature Term Coefficient
  0.224,                                  !- Velocity Term Coefficient
  0;                                      !- Velocity Squared Term Coefficient

OS:SpaceInfiltration:DesignFlowRate,
  {e929283f-86da-42b1-a16c-010eaa993e5a}, !- Handle
  Point_Of_Sale Infiltration,             !- Name
  {5e3f23ce-ce46-4ddb-aa00-f04cd954fb88}, !- Space or SpaceType Name
  {8580473d-9528-4e18-ab73-a37d13d281d5}, !- Schedule Name
  Flow/ExteriorArea,                      !- Design Flow Rate Calculation Method
  ,                                       !- Design Flow Rate {m3/s}
  ,                                       !- Flow per Space Floor Area {m3/s-m2}
  0.0005712943857,                        !- Flow per Exterior Surface Area {m3/s-m2}
  ,                                       !- Air Changes per Hour {1/hr}
  0,                                      !- Constant Term Coefficient
  0,                                      !- Temperature Term Coefficient
  0.224,                                  !- Velocity Term Coefficient
  0;                                      !- Velocity Squared Term Coefficient

OS:SurfaceConvectionAlgorithm:Inside,
  {85246c8f-8338-4244-8d40-bb36436129f9}, !- Handle
  TARP;                                   !- Algorithm

OS:SurfaceConvectionAlgorithm:Outside,
  {ba3a46f3-1e9a-4390-888c-9fc9d8265dad}, !- Handle
  TARP;                                   !- Algorithm

OS:ThermalZone,
  {09cdfb60-a3b6-4a40-8c00-da1504ccc5df}, !- Handle
  Back_Space ZN,                          !- Name
  ,                                       !- Multiplier
  ,                                       !- Ceiling Height {m}
  ,                                       !- Volume {m3}
  ,                                       !- Floor Area {m2}
  ,                                       !- Zone Inside Convection Algorithm
  ,                                       !- Zone Outside Convection Algorithm
  ,                                       !- Zone Conditioning Equipment List Name
  {ef59ac1d-323c-4163-bb69-df444065da5a}, !- Zone Air Inlet Port List
  {a1232b6e-39ab-4226-bfe1-08de0750593a}, !- Zone Air Exhaust Port List
  {1bdb6dab-bf74-4e0a-93e2-6442c3839de9}, !- Zone Air Node Name
  {2fad6b1e-c547-439f-a8a2-83409d0b2db7}, !- Zone Return Air Port List
  ,                                       !- Primary Daylighting Control Name
  ,                                       !- Fraction of Zone Controlled by Primary Daylighting Control
  ,                                       !- Secondary Daylighting Control Name
  ,                                       !- Fraction of Zone Controlled by Secondary Daylighting Control
  ,                                       !- Illuminance Map Name
  ,                                       !- Group Rendering Name
  {f83091b7-146f-4135-97a8-6dafea122f1f}, !- Thermostat Name
  No;                                     !- Use Ideal Air Loads

OS:Node,
  {ff58c1ae-b11c-4b1d-b5c3-4f1bc2296d15}, !- Handle
  Back_Space ZN Zone Air Node,            !- Name
  {1bdb6dab-bf74-4e0a-93e2-6442c3839de9}, !- Inlet Port
  ;                                       !- Outlet Port

OS:Connection,
  {1bdb6dab-bf74-4e0a-93e2-6442c3839de9}, !- Handle
  {09cdfb60-a3b6-4a40-8c00-da1504ccc5df}, !- Source Object
  11,                                     !- Outlet Port
  {ff58c1ae-b11c-4b1d-b5c3-4f1bc2296d15}, !- Target Object
  2;                                      !- Inlet Port

OS:PortList,
  {ef59ac1d-323c-4163-bb69-df444065da5a}, !- Handle
  {09cdfb60-a3b6-4a40-8c00-da1504ccc5df}, !- HVAC Component
  {3c6e6dc8-80bf-4da3-8a75-d1215016e661}; !- Port 1

OS:PortList,
  {a1232b6e-39ab-4226-bfe1-08de0750593a}, !- Handle
  {09cdfb60-a3b6-4a40-8c00-da1504ccc5df}; !- HVAC Component

OS:PortList,
  {2fad6b1e-c547-439f-a8a2-83409d0b2db7}, !- Handle
  {09cdfb60-a3b6-4a40-8c00-da1504ccc5df}, !- HVAC Component
  {2597a14b-bfb7-4184-af38-d4c251c4c4ef}; !- Port 1

OS:Sizing:Zone,
  {0624d3a3-d2b7-4a4b-b93a-ece170f5bba5}, !- Handle
  {09cdfb60-a3b6-4a40-8c00-da1504ccc5df}, !- Zone or ZoneList Name
  SupplyAirTemperature,                   !- Zone Cooling Design Supply Air Temperature Input Method
  12.7777777777778,                       !- Zone Cooling Design Supply Air Temperature {C}
  11.11,                                  !- Zone Cooling Design Supply Air Temperature Difference {deltaC}
  SupplyAirTemperature,                   !- Zone Heating Design Supply Air Temperature Input Method
  50.0000000000001,                       !- Zone Heating Design Supply Air Temperature {C}
  11.11,                                  !- Zone Heating Design Supply Air Temperature Difference {deltaC}
  0.0085,                                 !- Zone Cooling Design Supply Air Humidity Ratio {kg-H2O/kg-air}
  0.008,                                  !- Zone Heating Design Supply Air Humidity Ratio {kg-H2O/kg-air}
  ,                                       !- Zone Heating Sizing Factor
  ,                                       !- Zone Cooling Sizing Factor
  DesignDay,                              !- Cooling Design Air Flow Method
  ,                                       !- Cooling Design Air Flow Rate {m3/s}
  ,                                       !- Cooling Minimum Air Flow per Zone Floor Area {m3/s-m2}
  ,                                       !- Cooling Minimum Air Flow {m3/s}
  ,                                       !- Cooling Minimum Air Flow Fraction
  DesignDay,                              !- Heating Design Air Flow Method
  ,                                       !- Heating Design Air Flow Rate {m3/s}
  ,                                       !- Heating Maximum Air Flow per Zone Floor Area {m3/s-m2}
  ,                                       !- Heating Maximum Air Flow {m3/s}
  ,                                       !- Heating Maximum Air Flow Fraction
  No,                                     !- Account for Dedicated Outdoor Air System
  NeutralSupplyAir,                       !- Dedicated Outdoor Air System Control Strategy
  autosize,                               !- Dedicated Outdoor Air Low Setpoint Temperature for Design {C}
  autosize,                               !- Dedicated Outdoor Air High Setpoint Temperature for Design {C}
  Sensible Load Only No Latent Load,      !- Zone Load Sizing Method
  HumidityRatioDifference,                !- Zone Latent Cooling Design Supply Air Humidity Ratio Input Method
  ,                                       !- Zone Dehumidification Design Supply Air Humidity Ratio {kgWater/kgDryAir}
  0.005,                                  !- Zone Cooling Design Supply Air Humidity Ratio Difference {kgWater/kgDryAir}
  HumidityRatioDifference,                !- Zone Latent Heating Design Supply Air Humidity Ratio Input Method
  ,                                       !- Zone Humidification Design Supply Air Humidity Ratio {kgWater/kgDryAir}
  0.005;                                  !- Zone Humidification Design Supply Air Humidity Ratio Difference {kgWater/kgDryAir}

OS:ZoneHVAC:EquipmentList,
  {1efd562b-d3d6-4bca-bf4b-8b8c2c04057d}, !- Handle
  Back_Space ZN Zone HVAC Equipment List, !- Name
  {09cdfb60-a3b6-4a40-8c00-da1504ccc5df}, !- Thermal Zone
  ,                                       !- Load Distribution Scheme
  {129317f0-682d-4d8e-a01f-08ef00e8726e}, !- Zone Equipment 1
  1,                                      !- Zone Equipment Cooling Sequence 1
  1,                                      !- Zone Equipment Heating or No-Load Sequence 1
  ,                                       !- Zone Equipment Sequential Cooling Fraction Schedule Name 1
  ;                                       !- Zone Equipment Sequential Heating Fraction Schedule Name 1

OS:ThermostatSetpoint:DualSetpoint,
  {f83091b7-146f-4135-97a8-6dafea122f1f}, !- Handle
  Retail Back_Space Thermostat 1,         !- Name
  {39fa59b9-7216-4efc-ba75-9600bf411ca3}, !- Heating Setpoint Temperature Schedule Name
  {ccc105aa-ef17-4a33-a5b7-b434b1f65a13}; !- Cooling Setpoint Temperature Schedule Name

OS:ThermalZone,
  {fe865cf2-a7e5-4263-a10e-1c0f9c600a45}, !- Handle
  Core_Retail ZN,                         !- Name
  ,                                       !- Multiplier
  ,                                       !- Ceiling Height {m}
  ,                                       !- Volume {m3}
  ,                                       !- Floor Area {m2}
  ,                                       !- Zone Inside Convection Algorithm
  ,                                       !- Zone Outside Convection Algorithm
  ,                                       !- Zone Conditioning Equipment List Name
  {b1504c9b-3127-4469-9502-e34ef2aa5c74}, !- Zone Air Inlet Port List
  {0023e708-53d0-4e51-a090-9856e4562f4b}, !- Zone Air Exhaust Port List
  {614bcae7-6f89-4520-825d-7bcf406f6cbe}, !- Zone Air Node Name
  {769157c1-dd8c-46c4-9b79-4a20d0157086}, !- Zone Return Air Port List
  ,                                       !- Primary Daylighting Control Name
  ,                                       !- Fraction of Zone Controlled by Primary Daylighting Control
  ,                                       !- Secondary Daylighting Control Name
  ,                                       !- Fraction of Zone Controlled by Secondary Daylighting Control
  ,                                       !- Illuminance Map Name
  ,                                       !- Group Rendering Name
  {870ebf59-79e4-4683-8d2d-5d3e574a44d3}, !- Thermostat Name
  No;                                     !- Use Ideal Air Loads

OS:Node,
  {208b69f6-5c75-41d7-bc17-8b3fb722aef7}, !- Handle
  Core_Retail ZN Zone Air Node,           !- Name
  {614bcae7-6f89-4520-825d-7bcf406f6cbe}, !- Inlet Port
  ;                                       !- Outlet Port

OS:Connection,
  {614bcae7-6f89-4520-825d-7bcf406f6cbe}, !- Handle
  {fe865cf2-a7e5-4263-a10e-1c0f9c600a45}, !- Source Object
  11,                                     !- Outlet Port
  {208b69f6-5c75-41d7-bc17-8b3fb722aef7}, !- Target Object
  2;                                      !- Inlet Port

OS:PortList,
  {b1504c9b-3127-4469-9502-e34ef2aa5c74}, !- Handle
  {fe865cf2-a7e5-4263-a10e-1c0f9c600a45}, !- HVAC Component
  {f4ca5c06-a638-4dd7-ac03-7a1af75fdd3a}; !- Port 1

OS:PortList,
  {0023e708-53d0-4e51-a090-9856e4562f4b}, !- Handle
  {fe865cf2-a7e5-4263-a10e-1c0f9c600a45}; !- HVAC Component

OS:PortList,
  {769157c1-dd8c-46c4-9b79-4a20d0157086}, !- Handle
  {fe865cf2-a7e5-4263-a10e-1c0f9c600a45}, !- HVAC Component
  {70c49b30-b24f-4c3b-87f4-606d3cb0ee75}; !- Port 1

OS:Sizing:Zone,
  {bfa7edd7-b64c-445b-81bf-0fc5882c26e8}, !- Handle
  {fe865cf2-a7e5-4263-a10e-1c0f9c600a45}, !- Zone or ZoneList Name
  SupplyAirTemperature,                   !- Zone Cooling Design Supply Air Temperature Input Method
  12.7777777777778,                       !- Zone Cooling Design Supply Air Temperature {C}
  11.11,                                  !- Zone Cooling Design Supply Air Temperature Difference {deltaC}
  SupplyAirTemperature,                   !- Zone Heating Design Supply Air Temperature Input Method
  50.0000000000001,                       !- Zone Heating Design Supply Air Temperature {C}
  11.11,                                  !- Zone Heating Design Supply Air Temperature Difference {deltaC}
  0.0085,                                 !- Zone Cooling Design Supply Air Humidity Ratio {kg-H2O/kg-air}
  0.008,                                  !- Zone Heating Design Supply Air Humidity Ratio {kg-H2O/kg-air}
  ,                                       !- Zone Heating Sizing Factor
  ,                                       !- Zone Cooling Sizing Factor
  DesignDay,                              !- Cooling Design Air Flow Method
  ,                                       !- Cooling Design Air Flow Rate {m3/s}
  ,                                       !- Cooling Minimum Air Flow per Zone Floor Area {m3/s-m2}
  ,                                       !- Cooling Minimum Air Flow {m3/s}
  ,                                       !- Cooling Minimum Air Flow Fraction
  DesignDay,                              !- Heating Design Air Flow Method
  ,                                       !- Heating Design Air Flow Rate {m3/s}
  ,                                       !- Heating Maximum Air Flow per Zone Floor Area {m3/s-m2}
  ,                                       !- Heating Maximum Air Flow {m3/s}
  ,                                       !- Heating Maximum Air Flow Fraction
  No,                                     !- Account for Dedicated Outdoor Air System
  NeutralSupplyAir,                       !- Dedicated Outdoor Air System Control Strategy
  autosize,                               !- Dedicated Outdoor Air Low Setpoint Temperature for Design {C}
  autosize,                               !- Dedicated Outdoor Air High Setpoint Temperature for Design {C}
  Sensible Load Only No Latent Load,      !- Zone Load Sizing Method
  HumidityRatioDifference,                !- Zone Latent Cooling Design Supply Air Humidity Ratio Input Method
  ,                                       !- Zone Dehumidification Design Supply Air Humidity Ratio {kgWater/kgDryAir}
  0.005,                                  !- Zone Cooling Design Supply Air Humidity Ratio Difference {kgWater/kgDryAir}
  HumidityRatioDifference,                !- Zone Latent Heating Design Supply Air Humidity Ratio Input Method
  ,                                       !- Zone Humidification Design Supply Air Humidity Ratio {kgWater/kgDryAir}
  0.005;                                  !- Zone Humidification Design Supply Air Humidity Ratio Difference {kgWater/kgDryAir}

OS:ZoneHVAC:EquipmentList,
  {2e323a7f-eac0-4ead-996f-1e33bb955bca}, !- Handle
  Core_Retail ZN Zone HVAC Equipment List, !- Name
  {fe865cf2-a7e5-4263-a10e-1c0f9c600a45}, !- Thermal Zone
  ,                                       !- Load Distribution Scheme
  {dfab3f38-7131-4b0c-a724-ec8f80c82193}, !- Zone Equipment 1
  1,                                      !- Zone Equipment Cooling Sequence 1
  1,                                      !- Zone Equipment Heating or No-Load Sequence 1
  ,                                       !- Zone Equipment Sequential Cooling Fraction Schedule Name 1
  ;                                       !- Zone Equipment Sequential Heating Fraction Schedule Name 1

OS:ThermostatSetpoint:DualSetpoint,
  {870ebf59-79e4-4683-8d2d-5d3e574a44d3}, !- Handle
  Retail Retail Thermostat 1,             !- Name
  {39fa59b9-7216-4efc-ba75-9600bf411ca3}, !- Heating Setpoint Temperature Schedule Name
  {ccc105aa-ef17-4a33-a5b7-b434b1f65a13}; !- Cooling Setpoint Temperature Schedule Name

OS:ThermalZone,
  {a399af1c-6b74-4ed6-ae7c-03c78f50c026}, !- Handle
  Front_Entry ZN,                         !- Name
  ,                                       !- Multiplier
  ,                                       !- Ceiling Height {m}
  ,                                       !- Volume {m3}
  ,                                       !- Floor Area {m2}
  ,                                       !- Zone Inside Convection Algorithm
  ,                                       !- Zone Outside Convection Algorithm
  ,                                       !- Zone Conditioning Equipment List Name
  {48dd831b-02a4-4943-8740-d68ec9530bef}, !- Zone Air Inlet Port List
  {fa3f6bf3-d855-4843-a573-ed95425e1785}, !- Zone Air Exhaust Port List
  {faa3a399-bbc2-4148-8e94-d70903c0e89b}, !- Zone Air Node Name
  {af57f824-81cb-4e27-ba8a-f24ea7964e50}, !- Zone Return Air Port List
  ,                                       !- Primary Daylighting Control Name
  ,                                       !- Fraction of Zone Controlled by Primary Daylighting Control
  ,                                       !- Secondary Daylighting Control Name
  ,                                       !- Fraction of Zone Controlled by Secondary Daylighting Control
  ,                                       !- Illuminance Map Name
  ,                                       !- Group Rendering Name
  {1a88781e-508a-4826-a11d-cdfc44ce59e0}, !- Thermostat Name
  No;                                     !- Use Ideal Air Loads

OS:Node,
  {93b0bf4e-a8e4-45d4-ac90-ddf55a094c3d}, !- Handle
  Front_Entry ZN Zone Air Node,           !- Name
  {faa3a399-bbc2-4148-8e94-d70903c0e89b}, !- Inlet Port
  ;                                       !- Outlet Port

OS:Connection,
  {faa3a399-bbc2-4148-8e94-d70903c0e89b}, !- Handle
  {a399af1c-6b74-4ed6-ae7c-03c78f50c026}, !- Source Object
  11,                                     !- Outlet Port
  {93b0bf4e-a8e4-45d4-ac90-ddf55a094c3d}, !- Target Object
  2;                                      !- Inlet Port

OS:PortList,
  {48dd831b-02a4-4943-8740-d68ec9530bef}, !- Handle
  {a399af1c-6b74-4ed6-ae7c-03c78f50c026}, !- HVAC Component
  {6aae3672-f6de-48e2-8d03-ab62de6aa9dd}; !- Port 1

OS:PortList,
  {fa3f6bf3-d855-4843-a573-ed95425e1785}, !- Handle
  {a399af1c-6b74-4ed6-ae7c-03c78f50c026}, !- HVAC Component
  {bf252ac8-43bd-4368-93a9-4153abf86e2a}; !- Port 1

OS:PortList,
  {af57f824-81cb-4e27-ba8a-f24ea7964e50}, !- Handle
  {a399af1c-6b74-4ed6-ae7c-03c78f50c026}; !- HVAC Component

OS:Sizing:Zone,
  {773cea94-4349-4250-ad70-df4f93eb2d28}, !- Handle
  {a399af1c-6b74-4ed6-ae7c-03c78f50c026}, !- Zone or ZoneList Name
  SupplyAirTemperature,                   !- Zone Cooling Design Supply Air Temperature Input Method
  14,                                     !- Zone Cooling Design Supply Air Temperature {C}
  11.11,                                  !- Zone Cooling Design Supply Air Temperature Difference {deltaC}
  SupplyAirTemperature,                   !- Zone Heating Design Supply Air Temperature Input Method
  50.0000000000001,                       !- Zone Heating Design Supply Air Temperature {C}
  11.11,                                  !- Zone Heating Design Supply Air Temperature Difference {deltaC}
  0.0085,                                 !- Zone Cooling Design Supply Air Humidity Ratio {kg-H2O/kg-air}
  0.008,                                  !- Zone Heating Design Supply Air Humidity Ratio {kg-H2O/kg-air}
  ,                                       !- Zone Heating Sizing Factor
  ,                                       !- Zone Cooling Sizing Factor
  DesignDay,                              !- Cooling Design Air Flow Method
  ,                                       !- Cooling Design Air Flow Rate {m3/s}
  ,                                       !- Cooling Minimum Air Flow per Zone Floor Area {m3/s-m2}
  ,                                       !- Cooling Minimum Air Flow {m3/s}
  ,                                       !- Cooling Minimum Air Flow Fraction
  DesignDay,                              !- Heating Design Air Flow Method
  ,                                       !- Heating Design Air Flow Rate {m3/s}
  ,                                       !- Heating Maximum Air Flow per Zone Floor Area {m3/s-m2}
  ,                                       !- Heating Maximum Air Flow {m3/s}
  ,                                       !- Heating Maximum Air Flow Fraction
  No,                                     !- Account for Dedicated Outdoor Air System
  NeutralSupplyAir,                       !- Dedicated Outdoor Air System Control Strategy
  autosize,                               !- Dedicated Outdoor Air Low Setpoint Temperature for Design {C}
  autosize,                               !- Dedicated Outdoor Air High Setpoint Temperature for Design {C}
  Sensible Load Only No Latent Load,      !- Zone Load Sizing Method
  HumidityRatioDifference,                !- Zone Latent Cooling Design Supply Air Humidity Ratio Input Method
  ,                                       !- Zone Dehumidification Design Supply Air Humidity Ratio {kgWater/kgDryAir}
  0.005,                                  !- Zone Cooling Design Supply Air Humidity Ratio Difference {kgWater/kgDryAir}
  HumidityRatioDifference,                !- Zone Latent Heating Design Supply Air Humidity Ratio Input Method
  ,                                       !- Zone Humidification Design Supply Air Humidity Ratio {kgWater/kgDryAir}
  0.005;                                  !- Zone Humidification Design Supply Air Humidity Ratio Difference {kgWater/kgDryAir}

OS:ZoneHVAC:EquipmentList,
  {a24b426d-86c7-41b1-bc5e-050fcbfa7813}, !- Handle
  Front_Entry ZN Zone HVAC Equipment List, !- Name
  {a399af1c-6b74-4ed6-ae7c-03c78f50c026}, !- Thermal Zone
  ,                                       !- Load Distribution Scheme
  {8b8038a0-37eb-4bd8-b274-36bf283ad61f}, !- Zone Equipment 1
  1,                                      !- Zone Equipment Cooling Sequence 1
  1,                                      !- Zone Equipment Heating or No-Load Sequence 1
  ,                                       !- Zone Equipment Sequential Cooling Fraction Schedule Name 1
  ;                                       !- Zone Equipment Sequential Heating Fraction Schedule Name 1

OS:ThermostatSetpoint:DualSetpoint,
  {1a88781e-508a-4826-a11d-cdfc44ce59e0}, !- Handle
  Retail Entry Thermostat 1,              !- Name
  {39fa59b9-7216-4efc-ba75-9600bf411ca3}, !- Heating Setpoint Temperature Schedule Name
  {98d8744a-295f-4a48-8962-35ffa05f1ef9}; !- Cooling Setpoint Temperature Schedule Name

OS:ThermalZone,
  {51dc6cd2-ccc7-4647-8821-bf4403f4a037}, !- Handle
  Front_Retail ZN,                        !- Name
  ,                                       !- Multiplier
  ,                                       !- Ceiling Height {m}
  ,                                       !- Volume {m3}
  ,                                       !- Floor Area {m2}
  ,                                       !- Zone Inside Convection Algorithm
  ,                                       !- Zone Outside Convection Algorithm
  ,                                       !- Zone Conditioning Equipment List Name
  {f2ede843-0ba5-4565-b507-e0b659314333}, !- Zone Air Inlet Port List
  {f05e4879-0386-4b36-93c0-ac330a14eb20}, !- Zone Air Exhaust Port List
  {eb52735c-14b5-48a8-a74d-1d3def681e46}, !- Zone Air Node Name
  {5c36d359-f1a5-4131-ae93-124a58d426d8}, !- Zone Return Air Port List
  ,                                       !- Primary Daylighting Control Name
  ,                                       !- Fraction of Zone Controlled by Primary Daylighting Control
  ,                                       !- Secondary Daylighting Control Name
  ,                                       !- Fraction of Zone Controlled by Secondary Daylighting Control
  ,                                       !- Illuminance Map Name
  ,                                       !- Group Rendering Name
  {0257307c-0d5c-457c-b498-2d86946e8830}, !- Thermostat Name
  No;                                     !- Use Ideal Air Loads

OS:Node,
  {4bd4c637-95cb-4986-a3c0-bbd3b9b79291}, !- Handle
  Front_Retail ZN Zone Air Node,          !- Name
  {eb52735c-14b5-48a8-a74d-1d3def681e46}, !- Inlet Port
  ;                                       !- Outlet Port

OS:Connection,
  {eb52735c-14b5-48a8-a74d-1d3def681e46}, !- Handle
  {51dc6cd2-ccc7-4647-8821-bf4403f4a037}, !- Source Object
  11,                                     !- Outlet Port
  {4bd4c637-95cb-4986-a3c0-bbd3b9b79291}, !- Target Object
  2;                                      !- Inlet Port

OS:PortList,
  {f2ede843-0ba5-4565-b507-e0b659314333}, !- Handle
  {51dc6cd2-ccc7-4647-8821-bf4403f4a037}, !- HVAC Component
  {5c154d65-1776-413c-8e5a-5d2ce9c6af7b}; !- Port 1

OS:PortList,
  {f05e4879-0386-4b36-93c0-ac330a14eb20}, !- Handle
  {51dc6cd2-ccc7-4647-8821-bf4403f4a037}; !- HVAC Component

OS:PortList,
  {5c36d359-f1a5-4131-ae93-124a58d426d8}, !- Handle
  {51dc6cd2-ccc7-4647-8821-bf4403f4a037}, !- HVAC Component
  {f7bd6374-0334-490f-b2ea-d85dfbe64764}; !- Port 1

OS:Sizing:Zone,
  {36fb72b5-ccf6-4f17-9b67-de94edacad46}, !- Handle
  {51dc6cd2-ccc7-4647-8821-bf4403f4a037}, !- Zone or ZoneList Name
  SupplyAirTemperature,                   !- Zone Cooling Design Supply Air Temperature Input Method
  12.7777777777778,                       !- Zone Cooling Design Supply Air Temperature {C}
  11.11,                                  !- Zone Cooling Design Supply Air Temperature Difference {deltaC}
  SupplyAirTemperature,                   !- Zone Heating Design Supply Air Temperature Input Method
  50.0000000000001,                       !- Zone Heating Design Supply Air Temperature {C}
  11.11,                                  !- Zone Heating Design Supply Air Temperature Difference {deltaC}
  0.0085,                                 !- Zone Cooling Design Supply Air Humidity Ratio {kg-H2O/kg-air}
  0.008,                                  !- Zone Heating Design Supply Air Humidity Ratio {kg-H2O/kg-air}
  ,                                       !- Zone Heating Sizing Factor
  ,                                       !- Zone Cooling Sizing Factor
  DesignDay,                              !- Cooling Design Air Flow Method
  ,                                       !- Cooling Design Air Flow Rate {m3/s}
  ,                                       !- Cooling Minimum Air Flow per Zone Floor Area {m3/s-m2}
  ,                                       !- Cooling Minimum Air Flow {m3/s}
  ,                                       !- Cooling Minimum Air Flow Fraction
  DesignDay,                              !- Heating Design Air Flow Method
  ,                                       !- Heating Design Air Flow Rate {m3/s}
  ,                                       !- Heating Maximum Air Flow per Zone Floor Area {m3/s-m2}
  ,                                       !- Heating Maximum Air Flow {m3/s}
  ,                                       !- Heating Maximum Air Flow Fraction
  No,                                     !- Account for Dedicated Outdoor Air System
  NeutralSupplyAir,                       !- Dedicated Outdoor Air System Control Strategy
  autosize,                               !- Dedicated Outdoor Air Low Setpoint Temperature for Design {C}
  autosize,                               !- Dedicated Outdoor Air High Setpoint Temperature for Design {C}
  Sensible Load Only No Latent Load,      !- Zone Load Sizing Method
  HumidityRatioDifference,                !- Zone Latent Cooling Design Supply Air Humidity Ratio Input Method
  ,                                       !- Zone Dehumidification Design Supply Air Humidity Ratio {kgWater/kgDryAir}
  0.005,                                  !- Zone Cooling Design Supply Air Humidity Ratio Difference {kgWater/kgDryAir}
  HumidityRatioDifference,                !- Zone Latent Heating Design Supply Air Humidity Ratio Input Method
  ,                                       !- Zone Humidification Design Supply Air Humidity Ratio {kgWater/kgDryAir}
  0.005;                                  !- Zone Humidification Design Supply Air Humidity Ratio Difference {kgWater/kgDryAir}

OS:ZoneHVAC:EquipmentList,
  {229ce0c7-03fa-407b-9943-d7689ca11db1}, !- Handle
  Front_Retail ZN Zone HVAC Equipment List, !- Name
  {51dc6cd2-ccc7-4647-8821-bf4403f4a037}, !- Thermal Zone
  ,                                       !- Load Distribution Scheme
  {8f46eb38-717d-497e-8fd8-7cfadd6bcbc5}, !- Zone Equipment 1
  1,                                      !- Zone Equipment Cooling Sequence 1
  1,                                      !- Zone Equipment Heating or No-Load Sequence 1
  ,                                       !- Zone Equipment Sequential Cooling Fraction Schedule Name 1
  ;                                       !- Zone Equipment Sequential Heating Fraction Schedule Name 1

OS:ThermostatSetpoint:DualSetpoint,
  {0257307c-0d5c-457c-b498-2d86946e8830}, !- Handle
  Retail Retail Thermostat 2,             !- Name
  {39fa59b9-7216-4efc-ba75-9600bf411ca3}, !- Heating Setpoint Temperature Schedule Name
  {ccc105aa-ef17-4a33-a5b7-b434b1f65a13}; !- Cooling Setpoint Temperature Schedule Name

OS:ThermalZone,
  {be761788-1be9-47b6-8cd9-701af7d49290}, !- Handle
  Point_Of_Sale ZN,                       !- Name
  ,                                       !- Multiplier
  ,                                       !- Ceiling Height {m}
  ,                                       !- Volume {m3}
  ,                                       !- Floor Area {m2}
  ,                                       !- Zone Inside Convection Algorithm
  ,                                       !- Zone Outside Convection Algorithm
  ,                                       !- Zone Conditioning Equipment List Name
  {eabd7d9b-7b2c-41cd-879e-eb71d615ddcf}, !- Zone Air Inlet Port List
  {79f27c12-2fc1-430c-8798-22ea294c4ddd}, !- Zone Air Exhaust Port List
  {ef7f3671-a413-494c-9ab9-0e9b96ba6f07}, !- Zone Air Node Name
  {67c94bc1-1180-41db-8c37-0f5cb78d9f1e}, !- Zone Return Air Port List
  ,                                       !- Primary Daylighting Control Name
  ,                                       !- Fraction of Zone Controlled by Primary Daylighting Control
  ,                                       !- Secondary Daylighting Control Name
  ,                                       !- Fraction of Zone Controlled by Secondary Daylighting Control
  ,                                       !- Illuminance Map Name
  ,                                       !- Group Rendering Name
  {83959502-e0d4-4749-93ef-c8bf1fe24cdf}, !- Thermostat Name
  No;                                     !- Use Ideal Air Loads

OS:Node,
  {f1412461-dca1-48eb-8a04-f88327910da7}, !- Handle
  Point_Of_Sale ZN Zone Air Node,         !- Name
  {ef7f3671-a413-494c-9ab9-0e9b96ba6f07}, !- Inlet Port
  ;                                       !- Outlet Port

OS:Connection,
  {ef7f3671-a413-494c-9ab9-0e9b96ba6f07}, !- Handle
  {be761788-1be9-47b6-8cd9-701af7d49290}, !- Source Object
  11,                                     !- Outlet Port
  {f1412461-dca1-48eb-8a04-f88327910da7}, !- Target Object
  2;                                      !- Inlet Port

OS:PortList,
  {eabd7d9b-7b2c-41cd-879e-eb71d615ddcf}, !- Handle
  {be761788-1be9-47b6-8cd9-701af7d49290}, !- HVAC Component
  {a06d8d22-48d8-4be3-9c52-e1197d60fa2b}; !- Port 1

OS:PortList,
  {79f27c12-2fc1-430c-8798-22ea294c4ddd}, !- Handle
  {be761788-1be9-47b6-8cd9-701af7d49290}; !- HVAC Component

OS:PortList,
  {67c94bc1-1180-41db-8c37-0f5cb78d9f1e}, !- Handle
  {be761788-1be9-47b6-8cd9-701af7d49290}, !- HVAC Component
  {5b486a49-48c8-454e-aa60-cff38969a658}; !- Port 1

OS:Sizing:Zone,
  {57bafb7a-d04e-4e86-bcd0-ee4aa30261a3}, !- Handle
  {be761788-1be9-47b6-8cd9-701af7d49290}, !- Zone or ZoneList Name
  SupplyAirTemperature,                   !- Zone Cooling Design Supply Air Temperature Input Method
  12.7777777777778,                       !- Zone Cooling Design Supply Air Temperature {C}
  11.11,                                  !- Zone Cooling Design Supply Air Temperature Difference {deltaC}
  SupplyAirTemperature,                   !- Zone Heating Design Supply Air Temperature Input Method
  50.0000000000001,                       !- Zone Heating Design Supply Air Temperature {C}
  11.11,                                  !- Zone Heating Design Supply Air Temperature Difference {deltaC}
  0.0085,                                 !- Zone Cooling Design Supply Air Humidity Ratio {kg-H2O/kg-air}
  0.008,                                  !- Zone Heating Design Supply Air Humidity Ratio {kg-H2O/kg-air}
  ,                                       !- Zone Heating Sizing Factor
  ,                                       !- Zone Cooling Sizing Factor
  DesignDay,                              !- Cooling Design Air Flow Method
  ,                                       !- Cooling Design Air Flow Rate {m3/s}
  ,                                       !- Cooling Minimum Air Flow per Zone Floor Area {m3/s-m2}
  ,                                       !- Cooling Minimum Air Flow {m3/s}
  ,                                       !- Cooling Minimum Air Flow Fraction
  DesignDay,                              !- Heating Design Air Flow Method
  ,                                       !- Heating Design Air Flow Rate {m3/s}
  ,                                       !- Heating Maximum Air Flow per Zone Floor Area {m3/s-m2}
  ,                                       !- Heating Maximum Air Flow {m3/s}
  ,                                       !- Heating Maximum Air Flow Fraction
  No,                                     !- Account for Dedicated Outdoor Air System
  NeutralSupplyAir,                       !- Dedicated Outdoor Air System Control Strategy
  autosize,                               !- Dedicated Outdoor Air Low Setpoint Temperature for Design {C}
  autosize,                               !- Dedicated Outdoor Air High Setpoint Temperature for Design {C}
  Sensible Load Only No Latent Load,      !- Zone Load Sizing Method
  HumidityRatioDifference,                !- Zone Latent Cooling Design Supply Air Humidity Ratio Input Method
  ,                                       !- Zone Dehumidification Design Supply Air Humidity Ratio {kgWater/kgDryAir}
  0.005,                                  !- Zone Cooling Design Supply Air Humidity Ratio Difference {kgWater/kgDryAir}
  HumidityRatioDifference,                !- Zone Latent Heating Design Supply Air Humidity Ratio Input Method
  ,                                       !- Zone Humidification Design Supply Air Humidity Ratio {kgWater/kgDryAir}
  0.005;                                  !- Zone Humidification Design Supply Air Humidity Ratio Difference {kgWater/kgDryAir}

OS:ZoneHVAC:EquipmentList,
  {555af556-a147-486e-bea5-2f300f70e5c0}, !- Handle
  Point_Of_Sale ZN Zone HVAC Equipment List, !- Name
  {be761788-1be9-47b6-8cd9-701af7d49290}, !- Thermal Zone
  ,                                       !- Load Distribution Scheme
  {9de025d2-28cf-4dea-98b0-9476e2afaf6d}, !- Zone Equipment 1
  1,                                      !- Zone Equipment Cooling Sequence 1
  1,                                      !- Zone Equipment Heating or No-Load Sequence 1
  ,                                       !- Zone Equipment Sequential Cooling Fraction Schedule Name 1
  ;                                       !- Zone Equipment Sequential Heating Fraction Schedule Name 1

OS:ThermostatSetpoint:DualSetpoint,
  {83959502-e0d4-4749-93ef-c8bf1fe24cdf}, !- Handle
  Retail Point_of_Sale Thermostat 1,      !- Name
  {39fa59b9-7216-4efc-ba75-9600bf411ca3}, !- Heating Setpoint Temperature Schedule Name
  {ccc105aa-ef17-4a33-a5b7-b434b1f65a13}; !- Cooling Setpoint Temperature Schedule Name

OS:Site:WaterMainsTemperature,
  {b1aa6d9d-7a47-4c2f-b4fa-978e5034e954}, !- Handle
  Correlation,                            !- Calculation Method
  ,                                       !- Temperature Schedule Name
  8.96666666666667,                       !- Annual Average Outdoor Air Temperature {C}
  26.2;                                   !- Maximum Difference In Monthly Average Outdoor Air Temperatures {deltaC}

OS:SizingPeriod:DesignDay,
  {658019b3-0c35-4e74-b476-b0e6eeaee69c}, !- Handle
  Buffalo.Niagara.Intl.AP_NY_USA Ann Clg .4% Condns DB=>MWB, !- Name
  30.3,                                   !- Maximum Dry-Bulb Temperature {C}
  9.3,                                    !- Daily Dry-Bulb Temperature Range {deltaC}
  98769,                                  !- Barometric Pressure {Pa}
  5.7,                                    !- Wind Speed {m/s}
  240,                                    !- Wind Direction {deg}
  ,                                       !- Sky Clearness
  No,                                     !- Rain Indicator
  No,                                     !- Snow Indicator
  21,                                     !- Day of Month
  7,                                      !- Month
  SummerDesignDay,                        !- Day Type
  No,                                     !- Daylight Saving Time Indicator
  Wetbulb,                                !- Humidity Condition Type
  ,                                       !- Humidity Condition Day Schedule Name
  21.8,                                   !- Wetbulb or DewPoint at Maximum Dry-Bulb {C}
  ,                                       !- Humidity Ratio at Maximum Dry-Bulb {kgWater/kgDryAir}
  ,                                       !- Enthalpy at Maximum Dry-Bulb {J/kg}
  DefaultMultipliers,                     !- Dry-Bulb Temperature Range Modifier Type
  ,                                       !- Dry-Bulb Temperature Range Modifier Day Schedule Name
  ASHRAETau,                              !- Solar Model Indicator
  ,                                       !- Beam Solar Day Schedule Name
  ,                                       !- Diffuse Solar Day Schedule Name
  0.462,                                  !- ASHRAE Clear Sky Optical Depth for Beam Irradiance {dimensionless}
  2.001;                                  !- ASHRAE Clear Sky Optical Depth for Diffuse Irradiance {dimensionless}

OS:SizingPeriod:DesignDay,
  {f687617c-b1e7-422e-a9c6-40ef6af13021}, !- Handle
  Buffalo.Niagara.Intl.AP_NY_USA Ann Htg 99.6% Condns DB, !- Name
  -16.3,                                  !- Maximum Dry-Bulb Temperature {C}
  0,                                      !- Daily Dry-Bulb Temperature Range {deltaC}
  98769,                                  !- Barometric Pressure {Pa}
  5.1,                                    !- Wind Speed {m/s}
  270,                                    !- Wind Direction {deg}
  0,                                      !- Sky Clearness
  No,                                     !- Rain Indicator
  No,                                     !- Snow Indicator
  21,                                     !- Day of Month
  1,                                      !- Month
  WinterDesignDay,                        !- Day Type
  No,                                     !- Daylight Saving Time Indicator
  Wetbulb,                                !- Humidity Condition Type
  ,                                       !- Humidity Condition Day Schedule Name
  -16.3,                                  !- Wetbulb or DewPoint at Maximum Dry-Bulb {C}
  ,                                       !- Humidity Ratio at Maximum Dry-Bulb {kgWater/kgDryAir}
  ,                                       !- Enthalpy at Maximum Dry-Bulb {J/kg}
  DefaultMultipliers,                     !- Dry-Bulb Temperature Range Modifier Type
  ,                                       !- Dry-Bulb Temperature Range Modifier Day Schedule Name
  ASHRAEClearSky;                         !- Solar Model Indicator

OS:Schedule:Ruleset,
  {82eac733-1a61-40df-810c-c9d81112405d}, !- Handle
  RetailStandalone HVACOperationSchd,     !- Name
  {096af5c0-3a24-41ac-a11f-a7a868822126}, !- Schedule Type Limits Name
  {dd4d195f-8582-4ee6-a26e-8441f05b4e03}, !- Default Day Schedule Name
  {623ff5bf-1cdc-4a4c-a66f-8d9c8f7d39ed}, !- Summer Design Day Schedule Name
  {e93895e3-c7db-4da1-94d1-cbbaf8ddf8e7}; !- Winter Design Day Schedule Name

OS:Schedule:Day,
  {dd4d195f-8582-4ee6-a26e-8441f05b4e03}, !- Handle
  RetailStandalone HVACOperationSchd Default, !- Name
  {096af5c0-3a24-41ac-a11f-a7a868822126}, !- Schedule Type Limits Name
  ,                                       !- Interpolate to Timestep
  8,                                      !- Hour 1
  0,                                      !- Minute 1
  0,                                      !- Value Until Time 1
  19,                                     !- Hour 2
  0,                                      !- Minute 2
  1,                                      !- Value Until Time 2
  24,                                     !- Hour 3
  0,                                      !- Minute 3
  0;                                      !- Value Until Time 3

OS:Schedule:Day,
  {623ff5bf-1cdc-4a4c-a66f-8d9c8f7d39ed}, !- Handle
  RetailStandalone HVACOperationSchd Summer Design Day, !- Name
  {096af5c0-3a24-41ac-a11f-a7a868822126}, !- Schedule Type Limits Name
  ,                                       !- Interpolate to Timestep
  6,                                      !- Hour 1
  0,                                      !- Minute 1
  0,                                      !- Value Until Time 1
  21,                                     !- Hour 2
  0,                                      !- Minute 2
  1,                                      !- Value Until Time 2
  24,                                     !- Hour 3
  0,                                      !- Minute 3
  0;                                      !- Value Until Time 3

OS:Schedule:Rule,
  {35086178-650a-451e-8893-a424ca1fa9b9}, !- Handle
  Schedule Rule 19,                       !- Name
  {82eac733-1a61-40df-810c-c9d81112405d}, !- Schedule Ruleset Name
  1,                                      !- Rule Order
  {899d2342-209c-4354-ba78-3e42fcd40bf4}, !- Day Schedule Name
  ,                                       !- Apply Sunday
  Yes,                                    !- Apply Monday
  Yes,                                    !- Apply Tuesday
  Yes,                                    !- Apply Wednesday
  Yes,                                    !- Apply Thursday
  Yes,                                    !- Apply Friday
  ,                                       !- Apply Saturday
  DateRange,                              !- Date Specification Type
  1,                                      !- Start Month
  1,                                      !- Start Day
  12,                                     !- End Month
  31;                                     !- End Day

OS:Schedule:Day,
  {899d2342-209c-4354-ba78-3e42fcd40bf4}, !- Handle
  RetailStandalone HVACOperationSchd SmrDsn|Wkdy Day, !- Name
  {096af5c0-3a24-41ac-a11f-a7a868822126}, !- Schedule Type Limits Name
  ,                                       !- Interpolate to Timestep
  6,                                      !- Hour 1
  0,                                      !- Minute 1
  0,                                      !- Value Until Time 1
  21,                                     !- Hour 2
  0,                                      !- Minute 2
  1,                                      !- Value Until Time 2
  24,                                     !- Hour 3
  0,                                      !- Minute 3
  0;                                      !- Value Until Time 3

OS:Schedule:Day,
  {e93895e3-c7db-4da1-94d1-cbbaf8ddf8e7}, !- Handle
  RetailStandalone HVACOperationSchd Winter Design Day, !- Name
  {096af5c0-3a24-41ac-a11f-a7a868822126}, !- Schedule Type Limits Name
  ,                                       !- Interpolate to Timestep
  6,                                      !- Hour 1
  0,                                      !- Minute 1
  0,                                      !- Value Until Time 1
  22,                                     !- Hour 2
  0,                                      !- Minute 2
  1,                                      !- Value Until Time 2
  24,                                     !- Hour 3
  0,                                      !- Minute 3
  0;                                      !- Value Until Time 3

OS:Schedule:Rule,
  {cc60cd0c-f49a-44ea-8905-f5c959e5f54e}, !- Handle
  Schedule Rule 20,                       !- Name
  {82eac733-1a61-40df-810c-c9d81112405d}, !- Schedule Ruleset Name
  0,                                      !- Rule Order
  {9222314a-87ec-483d-b237-f27781824adf}, !- Day Schedule Name
  ,                                       !- Apply Sunday
  ,                                       !- Apply Monday
  ,                                       !- Apply Tuesday
  ,                                       !- Apply Wednesday
  ,                                       !- Apply Thursday
  ,                                       !- Apply Friday
  Yes,                                    !- Apply Saturday
  DateRange,                              !- Date Specification Type
  1,                                      !- Start Month
  1,                                      !- Start Day
  12,                                     !- End Month
  31;                                     !- End Day

OS:Schedule:Day,
  {9222314a-87ec-483d-b237-f27781824adf}, !- Handle
  RetailStandalone HVACOperationSchd WntrDsn|Sat Day, !- Name
  {096af5c0-3a24-41ac-a11f-a7a868822126}, !- Schedule Type Limits Name
  ,                                       !- Interpolate to Timestep
  6,                                      !- Hour 1
  0,                                      !- Minute 1
  0,                                      !- Value Until Time 1
  22,                                     !- Hour 2
  0,                                      !- Minute 2
  1,                                      !- Value Until Time 2
  24,                                     !- Hour 3
  0,                                      !- Minute 3
  0;                                      !- Value Until Time 3

OS:Schedule:Ruleset,
  {dc5a90da-b20a-4a0f-b5f0-d4766b5fa0e9}, !- Handle
  RetailStandalone MinOA_MotorizedDamper_Sched, !- Name
  {f61a7542-1282-4583-8387-aeb662f19b86}, !- Schedule Type Limits Name
  {3b7af1c2-6271-4f75-a19b-c7afc839cbeb}, !- Default Day Schedule Name
  {076e539b-b9ca-4355-bb1e-093f51dd02c3}, !- Summer Design Day Schedule Name
  {0e629eb7-0f6e-4aaf-8234-3ef06516d7ab}; !- Winter Design Day Schedule Name

OS:Schedule:Day,
  {3b7af1c2-6271-4f75-a19b-c7afc839cbeb}, !- Handle
  RetailStandalone MinOA_MotorizedDamper_Sched Default, !- Name
  {f61a7542-1282-4583-8387-aeb662f19b86}, !- Schedule Type Limits Name
  ,                                       !- Interpolate to Timestep
  9,                                      !- Hour 1
  0,                                      !- Minute 1
  0,                                      !- Value Until Time 1
  19,                                     !- Hour 2
  0,                                      !- Minute 2
  1,                                      !- Value Until Time 2
  24,                                     !- Hour 3
  0,                                      !- Minute 3
  0;                                      !- Value Until Time 3

OS:Schedule:Rule,
  {ca5626cd-7a05-42cc-a0c9-ede126e7f5f5}, !- Handle
  Schedule Rule 21,                       !- Name
  {dc5a90da-b20a-4a0f-b5f0-d4766b5fa0e9}, !- Schedule Ruleset Name
  1,                                      !- Rule Order
  {ec59a4a5-3962-43f9-8426-9d8897214d84}, !- Day Schedule Name
  ,                                       !- Apply Sunday
  ,                                       !- Apply Monday
  ,                                       !- Apply Tuesday
  ,                                       !- Apply Wednesday
  ,                                       !- Apply Thursday
  ,                                       !- Apply Friday
  Yes,                                    !- Apply Saturday
  DateRange,                              !- Date Specification Type
  1,                                      !- Start Month
  1,                                      !- Start Day
  12,                                     !- End Month
  31;                                     !- End Day

OS:Schedule:Day,
  {ec59a4a5-3962-43f9-8426-9d8897214d84}, !- Handle
  RetailStandalone MinOA_MotorizedDamper_Sched Sat Day, !- Name
  {f61a7542-1282-4583-8387-aeb662f19b86}, !- Schedule Type Limits Name
  ,                                       !- Interpolate to Timestep
  7,                                      !- Hour 1
  0,                                      !- Minute 1
  0,                                      !- Value Until Time 1
  22,                                     !- Hour 2
  0,                                      !- Minute 2
  1,                                      !- Value Until Time 2
  24,                                     !- Hour 3
  0,                                      !- Minute 3
  0;                                      !- Value Until Time 3

OS:Schedule:Day,
  {076e539b-b9ca-4355-bb1e-093f51dd02c3}, !- Handle
  RetailStandalone MinOA_MotorizedDamper_Sched Summer Design Day, !- Name
  {f61a7542-1282-4583-8387-aeb662f19b86}, !- Schedule Type Limits Name
  ,                                       !- Interpolate to Timestep
  7,                                      !- Hour 1
  0,                                      !- Minute 1
  0,                                      !- Value Until Time 1
  21,                                     !- Hour 2
  0,                                      !- Minute 2
  1,                                      !- Value Until Time 2
  24,                                     !- Hour 3
  0,                                      !- Minute 3
  0;                                      !- Value Until Time 3

OS:Schedule:Rule,
  {804dc902-1c86-42d7-badd-951278255803}, !- Handle
  Schedule Rule 22,                       !- Name
  {dc5a90da-b20a-4a0f-b5f0-d4766b5fa0e9}, !- Schedule Ruleset Name
  0,                                      !- Rule Order
  {68b2fae1-670c-497e-bcd5-0ce93b1f5fc9}, !- Day Schedule Name
  ,                                       !- Apply Sunday
  Yes,                                    !- Apply Monday
  Yes,                                    !- Apply Tuesday
  Yes,                                    !- Apply Wednesday
  Yes,                                    !- Apply Thursday
  Yes,                                    !- Apply Friday
  ,                                       !- Apply Saturday
  DateRange,                              !- Date Specification Type
  1,                                      !- Start Month
  1,                                      !- Start Day
  12,                                     !- End Month
  31;                                     !- End Day

OS:Schedule:Day,
  {68b2fae1-670c-497e-bcd5-0ce93b1f5fc9}, !- Handle
  RetailStandalone MinOA_MotorizedDamper_Sched SmrDsn|Wkdy Day, !- Name
  {f61a7542-1282-4583-8387-aeb662f19b86}, !- Schedule Type Limits Name
  ,                                       !- Interpolate to Timestep
  7,                                      !- Hour 1
  0,                                      !- Minute 1
  0,                                      !- Value Until Time 1
  21,                                     !- Hour 2
  0,                                      !- Minute 2
  1,                                      !- Value Until Time 2
  24,                                     !- Hour 3
  0,                                      !- Minute 3
  0;                                      !- Value Until Time 3

OS:Schedule:Day,
  {0e629eb7-0f6e-4aaf-8234-3ef06516d7ab}, !- Handle
  RetailStandalone MinOA_MotorizedDamper_Sched Winter Design Day, !- Name
  {f61a7542-1282-4583-8387-aeb662f19b86}, !- Schedule Type Limits Name
  ,                                       !- Interpolate to Timestep
  24,                                     !- Hour 1
  0,                                      !- Minute 1
  1;                                      !- Value Until Time 1

OS:AirLoopHVAC,
  {8d8279d6-fa52-446c-956a-e438eb3c37be}, !- Handle
  Back_Space ZN PSZ-AC,                   !- Name
  ,                                       !- Controller List Name
  {82eac733-1a61-40df-810c-c9d81112405d}, !- Availability Schedule
  {97b34c38-b63c-4da8-bd70-10e1ae67799e}, !- Availability Manager List Name
  autosize,                               !- Design Supply Air Flow Rate {m3/s}
  1,                                      !- Design Return Air Flow Fraction of Supply Air Flow
  ,                                       !- Branch List Name
  ,                                       !- Connector List Name
  {03541a00-44b4-4cef-b5f1-4233b17a2197}, !- Supply Side Inlet Node Name
  {fe96a818-c75f-4c8d-a0ce-a7cf5159aea3}, !- Demand Side Outlet Node Name
  {1b987d13-9662-4287-9b8b-d9bc93fc5d94}, !- Demand Side Inlet Node A
  {dfb54d0c-e0ab-443d-ac8f-a87576b856a5}, !- Supply Side Outlet Node A
  ,                                       !- Demand Side Inlet Node B
  ,                                       !- Supply Side Outlet Node B
  ,                                       !- Return Air Bypass Flow Temperature Setpoint Schedule Name
  {e60a2e2f-0236-46ca-b7b7-c4842b84ae15}, !- Demand Mixer Name
  {034e49f3-4969-4827-96fa-6d3bbe2f2b75}, !- Demand Splitter A Name
  ,                                       !- Demand Splitter B Name
  ;                                       !- Supply Splitter Name

OS:Node,
  {7fc28c55-8d22-491d-9ec1-8bba3a8939ef}, !- Handle
  Back_Space ZN PSZ-AC Supply Inlet Node, !- Name
  {03541a00-44b4-4cef-b5f1-4233b17a2197}, !- Inlet Port
  {2749281f-07b5-4f51-9176-56a63cd21b2e}; !- Outlet Port

OS:Node,
  {3d10fc4c-5495-47b0-a4b9-943023917c1d}, !- Handle
  Back_Space ZN PSZ-AC Supply Outlet Node, !- Name
  {4b3ec2a2-cc73-4536-8522-6491585d77ec}, !- Inlet Port
  {dfb54d0c-e0ab-443d-ac8f-a87576b856a5}; !- Outlet Port

OS:Connection,
  {03541a00-44b4-4cef-b5f1-4233b17a2197}, !- Handle
  {8d8279d6-fa52-446c-956a-e438eb3c37be}, !- Source Object
  9,                                      !- Outlet Port
  {7fc28c55-8d22-491d-9ec1-8bba3a8939ef}, !- Target Object
  2;                                      !- Inlet Port

OS:Connection,
  {dfb54d0c-e0ab-443d-ac8f-a87576b856a5}, !- Handle
  {3d10fc4c-5495-47b0-a4b9-943023917c1d}, !- Source Object
  3,                                      !- Outlet Port
  {8d8279d6-fa52-446c-956a-e438eb3c37be}, !- Target Object
  12;                                     !- Inlet Port

OS:Node,
  {ebc18d11-b5b0-4166-8e00-49586f3e43d9}, !- Handle
  Back_Space ZN PSZ-AC Demand Inlet Node, !- Name
  {1b987d13-9662-4287-9b8b-d9bc93fc5d94}, !- Inlet Port
  {5f3eb6d6-248e-4883-ad78-fcf673ef1b41}; !- Outlet Port

OS:Node,
  {c2f332b9-88f7-4a77-a31e-f4374d0c0be0}, !- Handle
  Back_Space ZN PSZ-AC Demand Outlet Node, !- Name
  {cd622d5d-a1b2-40c4-8389-f6aa51cf1df6}, !- Inlet Port
  {fe96a818-c75f-4c8d-a0ce-a7cf5159aea3}; !- Outlet Port

OS:Node,
  {b28cfd87-9ae8-4d83-9bc8-5d785fdcfaec}, !- Handle
  Back_Space ZN PSZ-AC Diffuser Outlet Air Node, !- Name
  {94b6d283-ab4a-43e8-97c4-e47bbe3de5fa}, !- Inlet Port
  {3c6e6dc8-80bf-4da3-8a75-d1215016e661}; !- Outlet Port

OS:Connection,
  {1b987d13-9662-4287-9b8b-d9bc93fc5d94}, !- Handle
  {8d8279d6-fa52-446c-956a-e438eb3c37be}, !- Source Object
  11,                                     !- Outlet Port
  {ebc18d11-b5b0-4166-8e00-49586f3e43d9}, !- Target Object
  2;                                      !- Inlet Port

OS:Connection,
  {fe96a818-c75f-4c8d-a0ce-a7cf5159aea3}, !- Handle
  {c2f332b9-88f7-4a77-a31e-f4374d0c0be0}, !- Source Object
  3,                                      !- Outlet Port
  {8d8279d6-fa52-446c-956a-e438eb3c37be}, !- Target Object
  10;                                     !- Inlet Port

OS:AirLoopHVAC:ZoneSplitter,
  {034e49f3-4969-4827-96fa-6d3bbe2f2b75}, !- Handle
  Air Loop HVAC Zone Splitter 1,          !- Name
  {5f3eb6d6-248e-4883-ad78-fcf673ef1b41}, !- Inlet Node Name
  {bb89b935-3069-4a48-ba40-17d638517e5d}; !- Outlet Node Name 1

OS:AirLoopHVAC:ZoneMixer,
  {e60a2e2f-0236-46ca-b7b7-c4842b84ae15}, !- Handle
  Air Loop HVAC Zone Mixer 1,             !- Name
  {cd622d5d-a1b2-40c4-8389-f6aa51cf1df6}, !- Outlet Node Name
  {02ddaee0-ed69-46c0-baba-03fe9dcf8876}; !- Inlet Node Name 1

OS:Connection,
  {5f3eb6d6-248e-4883-ad78-fcf673ef1b41}, !- Handle
  {ebc18d11-b5b0-4166-8e00-49586f3e43d9}, !- Source Object
  3,                                      !- Outlet Port
  {034e49f3-4969-4827-96fa-6d3bbe2f2b75}, !- Target Object
  2;                                      !- Inlet Port

OS:Connection,
  {cd622d5d-a1b2-40c4-8389-f6aa51cf1df6}, !- Handle
  {e60a2e2f-0236-46ca-b7b7-c4842b84ae15}, !- Source Object
  2,                                      !- Outlet Port
  {c2f332b9-88f7-4a77-a31e-f4374d0c0be0}, !- Target Object
  2;                                      !- Inlet Port

OS:Sizing:System,
  {99db9247-baa4-40f9-857b-0dd92e188ea4}, !- Handle
  {8d8279d6-fa52-446c-956a-e438eb3c37be}, !- AirLoop Name
  Sensible,                               !- Type of Load to Size On
  Autosize,                               !- Design Outdoor Air Flow Rate {m3/s}
  1,                                      !- Central Heating Maximum System Air Flow Ratio
  7.22222222222229,                       !- Preheat Design Temperature {C}
  0.008,                                  !- Preheat Design Humidity Ratio {kg-H2O/kg-Air}
  12.7777777777778,                       !- Precool Design Temperature {C}
  0.008,                                  !- Precool Design Humidity Ratio {kg-H2O/kg-Air}
  12.7777777777778,                       !- Central Cooling Design Supply Air Temperature {C}
  50.0000000000001,                       !- Central Heating Design Supply Air Temperature {C}
  Coincident,                             !- Sizing Option
  No,                                     !- 100% Outdoor Air in Cooling
  No,                                     !- 100% Outdoor Air in Heating
  0.0085,                                 !- Central Cooling Design Supply Air Humidity Ratio {kg-H2O/kg-Air}
  0.008,                                  !- Central Heating Design Supply Air Humidity Ratio {kg-H2O/kg-Air}
  DesignDay,                              !- Cooling Design Air Flow Method
  ,                                       !- Cooling Design Air Flow Rate {m3/s}
  DesignDay,                              !- Heating Design Air Flow Method
  ,                                       !- Heating Design Air Flow Rate {m3/s}
  ZoneSum,                                !- System Outdoor Air Method
  1,                                      !- Zone Maximum Outdoor Air Fraction {dimensionless}
  0.0099676501,                           !- Cooling Supply Air Flow Rate Per Floor Area {m3/s-m2}
  1,                                      !- Cooling Fraction of Autosized Cooling Supply Air Flow Rate
  3.9475456e-05,                          !- Cooling Supply Air Flow Rate Per Unit Cooling Capacity {m3/s-W}
  0.0099676501,                           !- Heating Supply Air Flow Rate Per Floor Area {m3/s-m2}
  1,                                      !- Heating Fraction of Autosized Heating Supply Air Flow Rate
  1,                                      !- Heating Fraction of Autosized Cooling Supply Air Flow Rate
  3.1588213e-05,                          !- Heating Supply Air Flow Rate Per Unit Heating Capacity {m3/s-W}
  CoolingDesignCapacity,                  !- Cooling Design Capacity Method
  autosize,                               !- Cooling Design Capacity {W}
  234.7,                                  !- Cooling Design Capacity Per Floor Area {W/m2}
  1,                                      !- Fraction of Autosized Cooling Design Capacity
  HeatingDesignCapacity,                  !- Heating Design Capacity Method
  autosize,                               !- Heating Design Capacity {W}
  157,                                    !- Heating Design Capacity Per Floor Area {W/m2}
  1,                                      !- Fraction of Autosized Heating Design Capacity
  OnOff,                                  !- Central Cooling Capacity Control Method
  autosize;                               !- Occupant Diversity

OS:AvailabilityManagerAssignmentList,
  {97b34c38-b63c-4da8-bd70-10e1ae67799e}, !- Handle
  Air Loop HVAC 1 AvailabilityManagerAssignmentList, !- Name
  {855a424a-ffe2-4d9e-bdfc-08a4dcd577da}; !- Availability Manager Name 1

OS:SetpointManager:SingleZone:Reheat,
  {d18892f5-ba91-4830-aa8a-7de2056980bc}, !- Handle
  Back_Space ZN Setpoint Manager SZ Reheat, !- Name
  12.7777777777778,                       !- Minimum Supply Air Temperature {C}
  50.0000000000001,                       !- Maximum Supply Air Temperature {C}
  {09cdfb60-a3b6-4a40-8c00-da1504ccc5df}, !- Control Zone Name
  {3d10fc4c-5495-47b0-a4b9-943023917c1d}; !- Setpoint Node or NodeList Name

OS:Coil:Heating:Gas,
  {ed406c20-4b11-4df0-9e11-c8b237db1a7c}, !- Handle
  Back_Space ZN PSZ-AC Gas Htg Coil 260kBtu/hr 0.8 Combustion Eff, !- Name
  {f45a87a9-dcce-45e8-8cac-4a80c2948bca}, !- Availability Schedule Name
  0.793,                                  !- Gas Burner Efficiency
  AutoSize,                               !- Nominal Capacity {W}
  ,                                       !- Air Inlet Node Name
  ,                                       !- Air Outlet Node Name
  ,                                       !- Temperature Setpoint Node Name
  0,                                      !- On Cycle Parasitic Electric Load {W}
  ,                                       !- Part Load Fraction Correlation Curve Name
  0;                                      !- Off Cycle Parasitic Gas Load {W}

OS:Schedule:Constant,
  {65c1231a-ac72-491d-9bc1-d06e5c52564a}, !- Handle
  Always Off Discrete,                    !- Name
  {096af5c0-3a24-41ac-a11f-a7a868822126}, !- Schedule Type Limits Name
  0;                                      !- Value

OS:ScheduleTypeLimits,
  {096af5c0-3a24-41ac-a11f-a7a868822126}, !- Handle
  OnOff,                                  !- Name
  0,                                      !- Lower Limit Value
  1,                                      !- Upper Limit Value
  Discrete,                               !- Numeric Type
  Availability;                           !- Unit Type

OS:Coil:Heating:Electric,
  {b01bbc38-a2b7-4b09-acdb-fbb9ac6faa73}, !- Handle
  Back_Space ZN PSZ-AC No Heat,           !- Name
  {65c1231a-ac72-491d-9bc1-d06e5c52564a}, !- Availability Schedule Name
  1,                                      !- Efficiency
  0,                                      !- Nominal Capacity {W}
  ,                                       !- Air Inlet Node Name
  ;                                       !- Air Outlet Node Name

OS:Coil:Cooling:DX:TwoSpeed,
  {0e5e454b-8626-447c-8cec-5acc8f54b2f3}, !- Handle
  Back_Space ZN PSZ-AC 2spd DX AC Clg Coil 130kBtu/hr 10.1EER, !- Name
  {f45a87a9-dcce-45e8-8cac-4a80c2948bca}, !- Availability Schedule Name
  Autosize,                               !- Rated High Speed Total Cooling Capacity {W}
  Autosize,                               !- Rated High Speed Sensible Heat Ratio
  3.49917428015875,                       !- Rated High Speed COP {W/W}
  Autosize,                               !- Rated High Speed Air Flow Rate {m3/s}
  773.3,                                  !- Rated High Speed Evaporator Fan Power Per Volume Flow Rate 2017 {W/(m3/s)}
  934.4,                                  !- Rated High Speed Evaporator Fan Power Per Volume Flow Rate 2023 {W/(m3/s)}
  773.3,                                  !- Unit Internal Static Air Pressure {Pa}
  ,                                       !- Air Inlet Node Name
  ,                                       !- Air Outlet Node Name
  {81fb092d-159d-4057-897e-f3a08547c841}, !- Total Cooling Capacity Function of Temperature Curve Name
  {d25ad948-f4c1-4c07-a504-3c56af45fb53}, !- Total Cooling Capacity Function of Flow Fraction Curve Name
  {b57eb341-7a19-4390-bf80-db59f5a27ae7}, !- Energy Input Ratio Function of Temperature Curve Name
  {ddd56d57-c0b8-4d93-8c18-c321f1f48d8d}, !- Energy Input Ratio Function of Flow Fraction Curve Name
  {97224acd-f872-4332-ad47-0dc894bdbe7d}, !- Part Load Fraction Correlation Curve Name
  Autosize,                               !- Rated Low Speed Total Cooling Capacity {W}
  0.69,                                   !- Rated Low Speed Sensible Heat Ratio
  3.49917428015875,                       !- Rated Low Speed COP {W/W}
  Autosize,                               !- Rated Low Speed Air Flow Rate {m3/s}
  773.3,                                  !- Rated Low Speed Evaporator Fan Power Per Volume Flow Rate 2017 {W/(m3/s)}
  934.4,                                  !- Rated Low Speed Evaporator Fan Power Per Volume Flow Rate 2023 {W/(m3/s)}
  {81fb092d-159d-4057-897e-f3a08547c841}, !- Low Speed Total Cooling Capacity Function of Temperature Curve Name
  {b57eb341-7a19-4390-bf80-db59f5a27ae7}, !- Low Speed Energy Input Ratio Function of Temperature Curve Name
  ,                                       !- Condenser Air Inlet Node Name
  AirCooled,                              !- Condenser Type
  -25,                                    !- Minimum Outdoor Dry-Bulb Temperature for Compressor Operation {C}
  0.9,                                    !- High Speed Evaporative Condenser Effectiveness {dimensionless}
  Autosize,                               !- High Speed Evaporative Condenser Air Flow Rate {m3/s}
  Autosize,                               !- High Speed Evaporative Condenser Pump Rated Power Consumption {W}
  0.9,                                    !- Low Speed Evaporative Condenser Effectiveness {dimensionless}
  Autosize,                               !- Low Speed Evaporative Condenser Air Flow Rate {m3/s}
  Autosize,                               !- Low Speed Evaporative Condenser Pump Rated Power Consumption {W}
  ,                                       !- Supply Water Storage Tank Name
  ,                                       !- Condensate Collection Water Storage Tank Name
  10,                                     !- Basin Heater Capacity {W/K}
  2,                                      !- Basin Heater Setpoint Temperature {C}
  ;                                       !- Basin Heater Operating Schedule Name

OS:Fan:OnOff,
  {5de8e66a-887b-4d5f-8db5-31383b559912}, !- Handle
  Back_Space ZN PSZ-AC Fan,               !- Name
  {f45a87a9-dcce-45e8-8cac-4a80c2948bca}, !- Availability Schedule Name
  0.56875,                                !- Fan Total Efficiency
  622.722275,                             !- Pressure Rise {Pa}
  autosize,                               !- Maximum Flow Rate {m3/s}
  0.875,                                  !- Motor Efficiency
  1,                                      !- Motor In Airstream Fraction
  ,                                       !- Air Inlet Node Name
  ,                                       !- Air Outlet Node Name
  {b47995b9-442b-41e1-8d86-2916e4364ea1}, !- Fan Power Ratio Function of Speed Ratio Curve Name
  {c6604c54-98de-4b30-8004-a3d1d6e6cd5f}, !- Fan Efficiency Ratio Function of Speed Ratio Curve Name
  ;                                       !- End-Use Subcategory

OS:Curve:Exponent,
  {b47995b9-442b-41e1-8d86-2916e4364ea1}, !- Handle
  Fan On Off Power Curve,                 !- Name
  1,                                      !- Coefficient1 Constant
  0,                                      !- Coefficient2 Constant
  0,                                      !- Coefficient3 Constant
  0,                                      !- Minimum Value of x
  1,                                      !- Maximum Value of x
  ,                                       !- Minimum Curve Output
  ,                                       !- Maximum Curve Output
  ,                                       !- Input Unit Type for X
  ;                                       !- Output Unit Type

OS:Curve:Cubic,
  {c6604c54-98de-4b30-8004-a3d1d6e6cd5f}, !- Handle
  Fan On Off Efficiency Curve,            !- Name
  1,                                      !- Coefficient1 Constant
  0,                                      !- Coefficient2 x
  0,                                      !- Coefficient3 x**2
  0,                                      !- Coefficient4 x**3
  0,                                      !- Minimum Value of x
  1;                                      !- Maximum Value of x

OS:AirLoopHVAC:UnitarySystem,
  {85f9232f-26b5-488a-b7e4-85ab8d930e6a}, !- Handle
  Back_Space ZN PSZ-AC Unitary AC,        !- Name
  Load,                                   !- Control Type
  {09cdfb60-a3b6-4a40-8c00-da1504ccc5df}, !- Controlling Zone or Thermostat Location
  None,                                   !- Dehumidification Control Type
  {82eac733-1a61-40df-810c-c9d81112405d}, !- Availability Schedule Name
  {3aea1133-f90d-4caa-9c5f-928f95b4494f}, !- Air Inlet Node Name
  {4b3ec2a2-cc73-4536-8522-6491585d77ec}, !- Air Outlet Node Name
  {5de8e66a-887b-4d5f-8db5-31383b559912}, !- Supply Fan Name
  DrawThrough,                            !- Fan Placement
  {82eac733-1a61-40df-810c-c9d81112405d}, !- Supply Air Fan Operating Mode Schedule Name
  {ed406c20-4b11-4df0-9e11-c8b237db1a7c}, !- Heating Coil Name
  1,                                      !- DX Heating Coil Sizing Ratio
  {0e5e454b-8626-447c-8cec-5acc8f54b2f3}, !- Cooling Coil Name
  No,                                     !- Use DOAS DX Cooling Coil
  2,                                      !- DOAS DX Cooling Coil Leaving Minimum Air Temperature {C}
  SensibleOnlyLoadControl,                !- Latent Load Control
  {b01bbc38-a2b7-4b09-acdb-fbb9ac6faa73}, !- Supplemental Heating Coil Name
  SupplyAirFlowRate,                      !- Supply Air Flow Rate Method During Cooling Operation
  Autosize,                               !- Supply Air Flow Rate During Cooling Operation {m3/s}
  ,                                       !- Supply Air Flow Rate Per Floor Area During Cooling Operation {m3/s-m2}
  ,                                       !- Fraction of Autosized Design Cooling Supply Air Flow Rate
  ,                                       !- Design Supply Air Flow Rate Per Unit of Capacity During Cooling Operation {m3/s-W}
  SupplyAirFlowRate,                      !- Supply Air Flow Rate Method During Heating Operation
  Autosize,                               !- Supply Air Flow Rate During Heating Operation {m3/s}
  ,                                       !- Supply Air Flow Rate Per Floor Area during Heating Operation {m3/s-m2}
  ,                                       !- Fraction of Autosized Design Heating Supply Air Flow Rate
  ,                                       !- Design Supply Air Flow Rate Per Unit of Capacity During Heating Operation {m3/s-W}
  None,                                   !- Supply Air Flow Rate Method When No Cooling or Heating is Required
  ,                                       !- Supply Air Flow Rate When No Cooling or Heating is Required {m3/s}
  ,                                       !- Supply Air Flow Rate Per Floor Area When No Cooling or Heating is Required {m3/s-m2}
  ,                                       !- Fraction of Autosized Design Cooling Supply Air Flow Rate When No Cooling or Heating is Required
  ,                                       !- Fraction of Autosized Design Heating Supply Air Flow Rate When No Cooling or Heating is Required
  ,                                       !- Design Supply Air Flow Rate Per Unit of Capacity During Cooling Operation When No Cooling or Heating is Required {m3/s-W}
  ,                                       !- Design Supply Air Flow Rate Per Unit of Capacity During Heating Operation When No Cooling or Heating is Required {m3/s-W}
  80,                                     !- Maximum Supply Air Temperature {C}
  21,                                     !- Maximum Outdoor Dry-Bulb Temperature for Supplemental Heater Operation {C}
  ,                                       !- Outdoor Dry-Bulb Temperature Sensor Node Name
  0,                                      !- Ancilliary On-Cycle Electric Power {W}
  0;                                      !- Ancilliary Off-Cycle Electric Power {W}

OS:Connection,
  {4b3ec2a2-cc73-4536-8522-6491585d77ec}, !- Handle
  {85f9232f-26b5-488a-b7e4-85ab8d930e6a}, !- Source Object
  7,                                      !- Outlet Port
  {3d10fc4c-5495-47b0-a4b9-943023917c1d}, !- Target Object
  2;                                      !- Inlet Port

OS:Controller:OutdoorAir,
  {ba580c8d-c60e-45e9-9c14-a47eaa5e27d8}, !- Handle
  Back_Space ZN PSZ-AC OA System Controller, !- Name
  ,                                       !- Relief Air Outlet Node Name
  ,                                       !- Return Air Node Name
  ,                                       !- Mixed Air Node Name
  ,                                       !- Actuator Node Name
  autosize,                               !- Minimum Outdoor Air Flow Rate {m3/s}
  Autosize,                               !- Maximum Outdoor Air Flow Rate {m3/s}
  NoEconomizer,                           !- Economizer Control Type
  ModulateFlow,                           !- Economizer Control Action Type
  28,                                     !- Economizer Maximum Limit Dry-Bulb Temperature {C}
  64000,                                  !- Economizer Maximum Limit Enthalpy {J/kg}
  ,                                       !- Economizer Maximum Limit Dewpoint Temperature {C}
  ,                                       !- Electronic Enthalpy Limit Curve Name
  ,                                       !- Economizer Minimum Limit Dry-Bulb Temperature {C}
  LockoutWithCompressor,                  !- Lockout Type
  FixedMinimum,                           !- Minimum Limit Type
  {f45a87a9-dcce-45e8-8cac-4a80c2948bca}, !- Minimum Outdoor Air Schedule Name
  ,                                       !- Minimum Fraction of Outdoor Air Schedule Name
  {c1325893-f778-4e0f-9521-ce78bb0bc6e7}, !- Maximum Fraction of Outdoor Air Schedule Name
  {a1a1af01-7301-468f-8ab1-8eed28b52672}, !- Controller Mechanical Ventilation
  ,                                       !- Time of Day Economizer Control Schedule Name
  No,                                     !- High Humidity Control
  ,                                       !- Humidistat Control Zone Name
  ,                                       !- High Humidity Outdoor Air Flow Ratio
  ,                                       !- Control High Indoor Humidity Based on Outdoor Humidity Ratio
  BypassWhenWithinEconomizerLimits,       !- Heat Recovery Bypass Control Type
  InterlockedWithMechanicalCooling;       !- Economizer Operation Staging

OS:Controller:MechanicalVentilation,
  {a1a1af01-7301-468f-8ab1-8eed28b52672}, !- Handle
  Controller Mechanical Ventilation 1,    !- Name
  {f45a87a9-dcce-45e8-8cac-4a80c2948bca}, !- Availability Schedule
  ,                                       !- Demand Controlled Ventilation
  ;                                       !- System Outdoor Air Method

OS:AirLoopHVAC:OutdoorAirSystem,
  {4bc00907-6faa-4867-bd96-be21abe9412b}, !- Handle
  Back_Space ZN PSZ-AC OA System,         !- Name
  {ba580c8d-c60e-45e9-9c14-a47eaa5e27d8}, !- Controller Name
  ,                                       !- Outdoor Air Equipment List Name
  ,                                       !- Availability Manager List Name
  {86ea3db6-8dcd-4b2b-844d-92ac7c3a3540}, !- Mixed Air Node Name
  {3cd573bc-6fc5-4ba3-8a5b-4093e3379de8}, !- Outdoor Air Stream Node Name
  {2e4c9ee2-1bcc-4172-b1ec-064928eaac8f}, !- Relief Air Stream Node Name
  {2749281f-07b5-4f51-9176-56a63cd21b2e}; !- Return Air Stream Node Name

OS:Node,
  {89b96c50-bdc1-4974-ab65-8e73336e217d}, !- Handle
  Back_Space ZN PSZ-AC Outdoor Air Node,  !- Name
  ,                                       !- Inlet Port
  {3cd573bc-6fc5-4ba3-8a5b-4093e3379de8}; !- Outlet Port

OS:Connection,
  {3cd573bc-6fc5-4ba3-8a5b-4093e3379de8}, !- Handle
  {89b96c50-bdc1-4974-ab65-8e73336e217d}, !- Source Object
  3,                                      !- Outlet Port
  {4bc00907-6faa-4867-bd96-be21abe9412b}, !- Target Object
  6;                                      !- Inlet Port

OS:Node,
  {b1a72df1-49cf-4595-90e9-661c625bbf98}, !- Handle
  Back_Space ZN PSZ-AC Relief Air Node,   !- Name
  {2e4c9ee2-1bcc-4172-b1ec-064928eaac8f}, !- Inlet Port
  ;                                       !- Outlet Port

OS:Connection,
  {2e4c9ee2-1bcc-4172-b1ec-064928eaac8f}, !- Handle
  {4bc00907-6faa-4867-bd96-be21abe9412b}, !- Source Object
  7,                                      !- Outlet Port
  {b1a72df1-49cf-4595-90e9-661c625bbf98}, !- Target Object
  2;                                      !- Inlet Port

OS:Node,
  {23255a74-eb99-43a8-8a32-b379ffb74740}, !- Handle
  Back_Space ZN PSZ-AC Mixed Air Node,    !- Name
  {86ea3db6-8dcd-4b2b-844d-92ac7c3a3540}, !- Inlet Port
  {3aea1133-f90d-4caa-9c5f-928f95b4494f}; !- Outlet Port

OS:Connection,
  {2749281f-07b5-4f51-9176-56a63cd21b2e}, !- Handle
  {7fc28c55-8d22-491d-9ec1-8bba3a8939ef}, !- Source Object
  3,                                      !- Outlet Port
  {4bc00907-6faa-4867-bd96-be21abe9412b}, !- Target Object
  8;                                      !- Inlet Port

OS:Connection,
  {86ea3db6-8dcd-4b2b-844d-92ac7c3a3540}, !- Handle
  {4bc00907-6faa-4867-bd96-be21abe9412b}, !- Source Object
  5,                                      !- Outlet Port
  {23255a74-eb99-43a8-8a32-b379ffb74740}, !- Target Object
  2;                                      !- Inlet Port

OS:Connection,
  {3aea1133-f90d-4caa-9c5f-928f95b4494f}, !- Handle
  {23255a74-eb99-43a8-8a32-b379ffb74740}, !- Source Object
  3,                                      !- Outlet Port
  {85f9232f-26b5-488a-b7e4-85ab8d930e6a}, !- Target Object
  6;                                      !- Inlet Port

OS:AvailabilityManager:NightCycle,
  {855a424a-ffe2-4d9e-bdfc-08a4dcd577da}, !- Handle
  Availability Manager Night Cycle 1,     !- Name
  {f45a87a9-dcce-45e8-8cac-4a80c2948bca}, !- Applicability Schedule
  ,                                       !- Fan Schedule
  CycleOnAny,                             !- Control Type
  1,                                      !- Thermostat Tolerance {deltaC}
  ,                                       !- Cycling Run Time Control Type
  1800,                                   !- Cycling Run Time {s}
  {7699c410-19ae-403b-a96e-7f2baa843132}, !- Control Zone or Zone List Name
  {e4d9f7bd-1291-4bcb-b2eb-e7c1f6bf6e1d}, !- Cooling Control Zone or Zone List Name
  {d6aeb7a0-e7fa-42dc-8fda-0e360a89931e}, !- Heating Control Zone or Zone List Name
  {bcc1fb9e-9b6e-45d5-b475-aeef771c99da}; !- Heating Zone Fans Only Zone or Zone List Name

OS:ModelObjectList,
  {7699c410-19ae-403b-a96e-7f2baa843132}, !- Handle
  Availability Manager Night Cycle 1 Control Zone List; !- Name

OS:ModelObjectList,
  {e4d9f7bd-1291-4bcb-b2eb-e7c1f6bf6e1d}, !- Handle
  Availability Manager Night Cycle 1 Cooling Control Zone List; !- Name

OS:ModelObjectList,
  {d6aeb7a0-e7fa-42dc-8fda-0e360a89931e}, !- Handle
  Availability Manager Night Cycle 1 Heating Control Zone List; !- Name

OS:ModelObjectList,
  {bcc1fb9e-9b6e-45d5-b475-aeef771c99da}, !- Handle
  Availability Manager Night Cycle 1 Heating Zone Fans Only Zone List; !- Name

OS:AirTerminal:SingleDuct:ConstantVolume:NoReheat,
  {129317f0-682d-4d8e-a01f-08ef00e8726e}, !- Handle
  Back_Space ZN PSZ-AC Diffuser,          !- Name
  {f45a87a9-dcce-45e8-8cac-4a80c2948bca}, !- Availability Schedule Name
  {e6361211-ec7f-4acf-ab1e-5ee62e77a250}, !- Air Inlet Node Name
  {94b6d283-ab4a-43e8-97c4-e47bbe3de5fa}, !- Air Outlet Node Name
  AutoSize;                               !- Maximum Air Flow Rate {m3/s}

OS:Node,
  {42ebd880-83e4-454f-a57b-67d88cff2898}, !- Handle
  Back_Space ZN Return Air Node,          !- Name
  {2597a14b-bfb7-4184-af38-d4c251c4c4ef}, !- Inlet Port
  {02ddaee0-ed69-46c0-baba-03fe9dcf8876}; !- Outlet Port

OS:Connection,
  {3c6e6dc8-80bf-4da3-8a75-d1215016e661}, !- Handle
  {b28cfd87-9ae8-4d83-9bc8-5d785fdcfaec}, !- Source Object
  3,                                      !- Outlet Port
  {ef59ac1d-323c-4163-bb69-df444065da5a}, !- Target Object
  2;                                      !- Inlet Port

OS:Connection,
  {2597a14b-bfb7-4184-af38-d4c251c4c4ef}, !- Handle
  {2fad6b1e-c547-439f-a8a2-83409d0b2db7}, !- Source Object
  2,                                      !- Outlet Port
  {42ebd880-83e4-454f-a57b-67d88cff2898}, !- Target Object
  2;                                      !- Inlet Port

OS:Connection,
  {02ddaee0-ed69-46c0-baba-03fe9dcf8876}, !- Handle
  {42ebd880-83e4-454f-a57b-67d88cff2898}, !- Source Object
  3,                                      !- Outlet Port
  {e60a2e2f-0236-46ca-b7b7-c4842b84ae15}, !- Target Object
  3;                                      !- Inlet Port

OS:Node,
  {4c855d4b-ad81-450a-8916-2b62f4d887a8}, !- Handle
  Back_Space ZN PSZ-AC Diffuser Inlet Air Node, !- Name
  {bb89b935-3069-4a48-ba40-17d638517e5d}, !- Inlet Port
  {e6361211-ec7f-4acf-ab1e-5ee62e77a250}; !- Outlet Port

OS:Connection,
  {bb89b935-3069-4a48-ba40-17d638517e5d}, !- Handle
  {034e49f3-4969-4827-96fa-6d3bbe2f2b75}, !- Source Object
  3,                                      !- Outlet Port
  {4c855d4b-ad81-450a-8916-2b62f4d887a8}, !- Target Object
  2;                                      !- Inlet Port

OS:Connection,
  {e6361211-ec7f-4acf-ab1e-5ee62e77a250}, !- Handle
  {4c855d4b-ad81-450a-8916-2b62f4d887a8}, !- Source Object
  3,                                      !- Outlet Port
  {129317f0-682d-4d8e-a01f-08ef00e8726e}, !- Target Object
  3;                                      !- Inlet Port

OS:Connection,
  {94b6d283-ab4a-43e8-97c4-e47bbe3de5fa}, !- Handle
  {129317f0-682d-4d8e-a01f-08ef00e8726e}, !- Source Object
  4,                                      !- Outlet Port
  {b28cfd87-9ae8-4d83-9bc8-5d785fdcfaec}, !- Target Object
  2;                                      !- Inlet Port

OS:AirLoopHVAC,
  {e142f50a-deb3-4060-ab5a-ca3c2e5d2179}, !- Handle
  Core_Retail ZN PSZ-AC,                  !- Name
  ,                                       !- Controller List Name
  {82eac733-1a61-40df-810c-c9d81112405d}, !- Availability Schedule
  {3da74c51-6c32-4cdb-aeae-98064059fb0d}, !- Availability Manager List Name
  autosize,                               !- Design Supply Air Flow Rate {m3/s}
  1,                                      !- Design Return Air Flow Fraction of Supply Air Flow
  ,                                       !- Branch List Name
  ,                                       !- Connector List Name
  {ce21df36-7cae-472e-b683-e129b16e3c7c}, !- Supply Side Inlet Node Name
  {17a75853-333d-49ae-9052-149215ca2d44}, !- Demand Side Outlet Node Name
  {b11355aa-2f35-4cbe-b868-9f817dcda5a9}, !- Demand Side Inlet Node A
  {d0c794bc-d617-44f9-a264-d8655cc655a2}, !- Supply Side Outlet Node A
  ,                                       !- Demand Side Inlet Node B
  ,                                       !- Supply Side Outlet Node B
  ,                                       !- Return Air Bypass Flow Temperature Setpoint Schedule Name
  {b5b2b622-e696-46b6-a10c-3acec7efc010}, !- Demand Mixer Name
  {71e940de-cbfb-4cab-a1b6-106904b5b876}, !- Demand Splitter A Name
  ,                                       !- Demand Splitter B Name
  ;                                       !- Supply Splitter Name

OS:Node,
  {b032d65c-b1cc-442c-b4f2-51dfa1238e2e}, !- Handle
  Core_Retail ZN PSZ-AC Supply Inlet Node, !- Name
  {ce21df36-7cae-472e-b683-e129b16e3c7c}, !- Inlet Port
  {8d92a82b-819a-418d-a225-a3c3651e2ec6}; !- Outlet Port

OS:Node,
  {294a5470-5dc0-4afb-8392-a57f5d77f2d2}, !- Handle
  Core_Retail ZN PSZ-AC Supply Outlet Node, !- Name
  {393eb17f-4ff3-4fea-9899-cf143afbaab9}, !- Inlet Port
  {d0c794bc-d617-44f9-a264-d8655cc655a2}; !- Outlet Port

OS:Connection,
  {ce21df36-7cae-472e-b683-e129b16e3c7c}, !- Handle
  {e142f50a-deb3-4060-ab5a-ca3c2e5d2179}, !- Source Object
  9,                                      !- Outlet Port
  {b032d65c-b1cc-442c-b4f2-51dfa1238e2e}, !- Target Object
  2;                                      !- Inlet Port

OS:Connection,
  {d0c794bc-d617-44f9-a264-d8655cc655a2}, !- Handle
  {294a5470-5dc0-4afb-8392-a57f5d77f2d2}, !- Source Object
  3,                                      !- Outlet Port
  {e142f50a-deb3-4060-ab5a-ca3c2e5d2179}, !- Target Object
  12;                                     !- Inlet Port

OS:Node,
  {ed6e559e-21f6-4074-b0c7-da62e58b926e}, !- Handle
  Core_Retail ZN PSZ-AC Demand Inlet Node, !- Name
  {b11355aa-2f35-4cbe-b868-9f817dcda5a9}, !- Inlet Port
  {158d7356-7466-4819-86cc-96b18bb7fac8}; !- Outlet Port

OS:Node,
  {f2890a8e-50b8-4991-ac92-3c484141c514}, !- Handle
  Core_Retail ZN PSZ-AC Demand Outlet Node, !- Name
  {bfc3e38b-d6f6-4aaa-9042-f1d4038a3c27}, !- Inlet Port
  {17a75853-333d-49ae-9052-149215ca2d44}; !- Outlet Port

OS:Node,
  {3dc51f50-db07-4079-9eec-f631013fdd70}, !- Handle
  Core_Retail ZN PSZ-AC Diffuser Outlet Air Node, !- Name
  {ad3c113d-3de9-4f77-8bba-2679207ae6e5}, !- Inlet Port
  {f4ca5c06-a638-4dd7-ac03-7a1af75fdd3a}; !- Outlet Port

OS:Connection,
  {b11355aa-2f35-4cbe-b868-9f817dcda5a9}, !- Handle
  {e142f50a-deb3-4060-ab5a-ca3c2e5d2179}, !- Source Object
  11,                                     !- Outlet Port
  {ed6e559e-21f6-4074-b0c7-da62e58b926e}, !- Target Object
  2;                                      !- Inlet Port

OS:Connection,
  {17a75853-333d-49ae-9052-149215ca2d44}, !- Handle
  {f2890a8e-50b8-4991-ac92-3c484141c514}, !- Source Object
  3,                                      !- Outlet Port
  {e142f50a-deb3-4060-ab5a-ca3c2e5d2179}, !- Target Object
  10;                                     !- Inlet Port

OS:AirLoopHVAC:ZoneSplitter,
  {71e940de-cbfb-4cab-a1b6-106904b5b876}, !- Handle
  Air Loop HVAC Zone Splitter 2,          !- Name
  {158d7356-7466-4819-86cc-96b18bb7fac8}, !- Inlet Node Name
  {c6cb2b25-067a-4227-bb15-60e1d461b522}; !- Outlet Node Name 1

OS:AirLoopHVAC:ZoneMixer,
  {b5b2b622-e696-46b6-a10c-3acec7efc010}, !- Handle
  Air Loop HVAC Zone Mixer 2,             !- Name
  {bfc3e38b-d6f6-4aaa-9042-f1d4038a3c27}, !- Outlet Node Name
  {5dd297d1-338c-4433-8bba-80ee16ca3be8}; !- Inlet Node Name 1

OS:Connection,
  {158d7356-7466-4819-86cc-96b18bb7fac8}, !- Handle
  {ed6e559e-21f6-4074-b0c7-da62e58b926e}, !- Source Object
  3,                                      !- Outlet Port
  {71e940de-cbfb-4cab-a1b6-106904b5b876}, !- Target Object
  2;                                      !- Inlet Port

OS:Connection,
  {bfc3e38b-d6f6-4aaa-9042-f1d4038a3c27}, !- Handle
  {b5b2b622-e696-46b6-a10c-3acec7efc010}, !- Source Object
  2,                                      !- Outlet Port
  {f2890a8e-50b8-4991-ac92-3c484141c514}, !- Target Object
  2;                                      !- Inlet Port

OS:Sizing:System,
  {6b93af94-9a90-492e-b4fe-c544c2481ddc}, !- Handle
  {e142f50a-deb3-4060-ab5a-ca3c2e5d2179}, !- AirLoop Name
  Sensible,                               !- Type of Load to Size On
  Autosize,                               !- Design Outdoor Air Flow Rate {m3/s}
  1,                                      !- Central Heating Maximum System Air Flow Ratio
  7.22222222222229,                       !- Preheat Design Temperature {C}
  0.008,                                  !- Preheat Design Humidity Ratio {kg-H2O/kg-Air}
  12.7777777777778,                       !- Precool Design Temperature {C}
  0.008,                                  !- Precool Design Humidity Ratio {kg-H2O/kg-Air}
  12.7777777777778,                       !- Central Cooling Design Supply Air Temperature {C}
  50.0000000000001,                       !- Central Heating Design Supply Air Temperature {C}
  Coincident,                             !- Sizing Option
  No,                                     !- 100% Outdoor Air in Cooling
  No,                                     !- 100% Outdoor Air in Heating
  0.0085,                                 !- Central Cooling Design Supply Air Humidity Ratio {kg-H2O/kg-Air}
  0.008,                                  !- Central Heating Design Supply Air Humidity Ratio {kg-H2O/kg-Air}
  DesignDay,                              !- Cooling Design Air Flow Method
  ,                                       !- Cooling Design Air Flow Rate {m3/s}
  DesignDay,                              !- Heating Design Air Flow Method
  ,                                       !- Heating Design Air Flow Rate {m3/s}
  ZoneSum,                                !- System Outdoor Air Method
  1,                                      !- Zone Maximum Outdoor Air Fraction {dimensionless}
  0.0099676501,                           !- Cooling Supply Air Flow Rate Per Floor Area {m3/s-m2}
  1,                                      !- Cooling Fraction of Autosized Cooling Supply Air Flow Rate
  3.9475456e-05,                          !- Cooling Supply Air Flow Rate Per Unit Cooling Capacity {m3/s-W}
  0.0099676501,                           !- Heating Supply Air Flow Rate Per Floor Area {m3/s-m2}
  1,                                      !- Heating Fraction of Autosized Heating Supply Air Flow Rate
  1,                                      !- Heating Fraction of Autosized Cooling Supply Air Flow Rate
  3.1588213e-05,                          !- Heating Supply Air Flow Rate Per Unit Heating Capacity {m3/s-W}
  CoolingDesignCapacity,                  !- Cooling Design Capacity Method
  autosize,                               !- Cooling Design Capacity {W}
  234.7,                                  !- Cooling Design Capacity Per Floor Area {W/m2}
  1,                                      !- Fraction of Autosized Cooling Design Capacity
  HeatingDesignCapacity,                  !- Heating Design Capacity Method
  autosize,                               !- Heating Design Capacity {W}
  157,                                    !- Heating Design Capacity Per Floor Area {W/m2}
  1,                                      !- Fraction of Autosized Heating Design Capacity
  OnOff,                                  !- Central Cooling Capacity Control Method
  autosize;                               !- Occupant Diversity

OS:AvailabilityManagerAssignmentList,
  {3da74c51-6c32-4cdb-aeae-98064059fb0d}, !- Handle
  Air Loop HVAC 1 AvailabilityManagerAssignmentList 1, !- Name
  {cf64dfdb-9a83-4ccc-87a3-c9d606b012ee}; !- Availability Manager Name 1

OS:SetpointManager:SingleZone:Reheat,
  {7c0ddb7d-b186-406a-9d7b-f9a880891af3}, !- Handle
  Core_Retail ZN Setpoint Manager SZ Reheat, !- Name
  12.7777777777778,                       !- Minimum Supply Air Temperature {C}
  50.0000000000001,                       !- Maximum Supply Air Temperature {C}
  {fe865cf2-a7e5-4263-a10e-1c0f9c600a45}, !- Control Zone Name
  {294a5470-5dc0-4afb-8392-a57f5d77f2d2}; !- Setpoint Node or NodeList Name

OS:Coil:Heating:Gas,
  {98b848aa-5b21-4276-9536-d80c7461e917}, !- Handle
  Core_Retail ZN PSZ-AC Gas Htg Coil 1297kBtu/hr 0.8 Combustion Eff, !- Name
  {f45a87a9-dcce-45e8-8cac-4a80c2948bca}, !- Availability Schedule Name
  0.793,                                  !- Gas Burner Efficiency
  AutoSize,                               !- Nominal Capacity {W}
  ,                                       !- Air Inlet Node Name
  ,                                       !- Air Outlet Node Name
  ,                                       !- Temperature Setpoint Node Name
  0,                                      !- On Cycle Parasitic Electric Load {W}
  ,                                       !- Part Load Fraction Correlation Curve Name
  0;                                      !- Off Cycle Parasitic Gas Load {W}

OS:Coil:Heating:Electric,
  {08adb894-ef70-4f45-8b01-1d5d4d9eac8b}, !- Handle
  Core_Retail ZN PSZ-AC No Heat,          !- Name
  {65c1231a-ac72-491d-9bc1-d06e5c52564a}, !- Availability Schedule Name
  1,                                      !- Efficiency
  0,                                      !- Nominal Capacity {W}
  ,                                       !- Air Inlet Node Name
  ;                                       !- Air Outlet Node Name

OS:Coil:Cooling:DX:TwoSpeed,
  {0b36698d-da29-4483-bf3c-2c512b565424}, !- Handle
  Core_Retail ZN PSZ-AC 2spd DX AC Clg Coil 629kBtu/hr 9.3EER, !- Name
  {f45a87a9-dcce-45e8-8cac-4a80c2948bca}, !- Availability Schedule Name
  Autosize,                               !- Rated High Speed Total Cooling Capacity {W}
  Autosize,                               !- Rated High Speed Sensible Heat Ratio
  3.23281304104627,                       !- Rated High Speed COP {W/W}
  Autosize,                               !- Rated High Speed Air Flow Rate {m3/s}
  773.3,                                  !- Rated High Speed Evaporator Fan Power Per Volume Flow Rate 2017 {W/(m3/s)}
  934.4,                                  !- Rated High Speed Evaporator Fan Power Per Volume Flow Rate 2023 {W/(m3/s)}
  773.3,                                  !- Unit Internal Static Air Pressure {Pa}
  ,                                       !- Air Inlet Node Name
  ,                                       !- Air Outlet Node Name
  {81fb092d-159d-4057-897e-f3a08547c841}, !- Total Cooling Capacity Function of Temperature Curve Name
  {d25ad948-f4c1-4c07-a504-3c56af45fb53}, !- Total Cooling Capacity Function of Flow Fraction Curve Name
  {b57eb341-7a19-4390-bf80-db59f5a27ae7}, !- Energy Input Ratio Function of Temperature Curve Name
  {ddd56d57-c0b8-4d93-8c18-c321f1f48d8d}, !- Energy Input Ratio Function of Flow Fraction Curve Name
  {97224acd-f872-4332-ad47-0dc894bdbe7d}, !- Part Load Fraction Correlation Curve Name
  Autosize,                               !- Rated Low Speed Total Cooling Capacity {W}
  0.69,                                   !- Rated Low Speed Sensible Heat Ratio
  3.23281304104627,                       !- Rated Low Speed COP {W/W}
  Autosize,                               !- Rated Low Speed Air Flow Rate {m3/s}
  773.3,                                  !- Rated Low Speed Evaporator Fan Power Per Volume Flow Rate 2017 {W/(m3/s)}
  934.4,                                  !- Rated Low Speed Evaporator Fan Power Per Volume Flow Rate 2023 {W/(m3/s)}
  {81fb092d-159d-4057-897e-f3a08547c841}, !- Low Speed Total Cooling Capacity Function of Temperature Curve Name
  {b57eb341-7a19-4390-bf80-db59f5a27ae7}, !- Low Speed Energy Input Ratio Function of Temperature Curve Name
  ,                                       !- Condenser Air Inlet Node Name
  AirCooled,                              !- Condenser Type
  -25,                                    !- Minimum Outdoor Dry-Bulb Temperature for Compressor Operation {C}
  0.9,                                    !- High Speed Evaporative Condenser Effectiveness {dimensionless}
  Autosize,                               !- High Speed Evaporative Condenser Air Flow Rate {m3/s}
  Autosize,                               !- High Speed Evaporative Condenser Pump Rated Power Consumption {W}
  0.9,                                    !- Low Speed Evaporative Condenser Effectiveness {dimensionless}
  Autosize,                               !- Low Speed Evaporative Condenser Air Flow Rate {m3/s}
  Autosize,                               !- Low Speed Evaporative Condenser Pump Rated Power Consumption {W}
  ,                                       !- Supply Water Storage Tank Name
  ,                                       !- Condensate Collection Water Storage Tank Name
  10,                                     !- Basin Heater Capacity {W/K}
  2,                                      !- Basin Heater Setpoint Temperature {C}
  ;                                       !- Basin Heater Operating Schedule Name

OS:Fan:OnOff,
  {60d917c6-577e-4c8a-a538-d737d1ef6d2b}, !- Handle
  Core_Retail ZN PSZ-AC Fan,              !- Name
  {f45a87a9-dcce-45e8-8cac-4a80c2948bca}, !- Availability Schedule Name
  0.5915,                                 !- Fan Total Efficiency
  1110.9365386,                           !- Pressure Rise {Pa}
  autosize,                               !- Maximum Flow Rate {m3/s}
  0.91,                                   !- Motor Efficiency
  1,                                      !- Motor In Airstream Fraction
  ,                                       !- Air Inlet Node Name
  ,                                       !- Air Outlet Node Name
  {b4dfa064-1d7f-401e-8ac6-3fe829b87a94}, !- Fan Power Ratio Function of Speed Ratio Curve Name
  {99784685-e39a-4f07-99a6-6484643a470f}, !- Fan Efficiency Ratio Function of Speed Ratio Curve Name
  ;                                       !- End-Use Subcategory

OS:Curve:Exponent,
  {b4dfa064-1d7f-401e-8ac6-3fe829b87a94}, !- Handle
  Fan On Off Power Curve 1,               !- Name
  1,                                      !- Coefficient1 Constant
  0,                                      !- Coefficient2 Constant
  0,                                      !- Coefficient3 Constant
  0,                                      !- Minimum Value of x
  1,                                      !- Maximum Value of x
  ,                                       !- Minimum Curve Output
  ,                                       !- Maximum Curve Output
  ,                                       !- Input Unit Type for X
  ;                                       !- Output Unit Type

OS:Curve:Cubic,
  {99784685-e39a-4f07-99a6-6484643a470f}, !- Handle
  Fan On Off Efficiency Curve 1,          !- Name
  1,                                      !- Coefficient1 Constant
  0,                                      !- Coefficient2 x
  0,                                      !- Coefficient3 x**2
  0,                                      !- Coefficient4 x**3
  0,                                      !- Minimum Value of x
  1;                                      !- Maximum Value of x

OS:AirLoopHVAC:UnitarySystem,
  {c909867c-bb1c-4751-be3c-d615264445b6}, !- Handle
  Core_Retail ZN PSZ-AC Unitary AC,       !- Name
  Load,                                   !- Control Type
  {fe865cf2-a7e5-4263-a10e-1c0f9c600a45}, !- Controlling Zone or Thermostat Location
  None,                                   !- Dehumidification Control Type
  {82eac733-1a61-40df-810c-c9d81112405d}, !- Availability Schedule Name
  {3ced05fa-43c3-4882-b4ec-d17ea872d300}, !- Air Inlet Node Name
  {393eb17f-4ff3-4fea-9899-cf143afbaab9}, !- Air Outlet Node Name
  {60d917c6-577e-4c8a-a538-d737d1ef6d2b}, !- Supply Fan Name
  DrawThrough,                            !- Fan Placement
  {82eac733-1a61-40df-810c-c9d81112405d}, !- Supply Air Fan Operating Mode Schedule Name
  {98b848aa-5b21-4276-9536-d80c7461e917}, !- Heating Coil Name
  1,                                      !- DX Heating Coil Sizing Ratio
  {0b36698d-da29-4483-bf3c-2c512b565424}, !- Cooling Coil Name
  No,                                     !- Use DOAS DX Cooling Coil
  2,                                      !- DOAS DX Cooling Coil Leaving Minimum Air Temperature {C}
  SensibleOnlyLoadControl,                !- Latent Load Control
  {08adb894-ef70-4f45-8b01-1d5d4d9eac8b}, !- Supplemental Heating Coil Name
  SupplyAirFlowRate,                      !- Supply Air Flow Rate Method During Cooling Operation
  Autosize,                               !- Supply Air Flow Rate During Cooling Operation {m3/s}
  ,                                       !- Supply Air Flow Rate Per Floor Area During Cooling Operation {m3/s-m2}
  ,                                       !- Fraction of Autosized Design Cooling Supply Air Flow Rate
  ,                                       !- Design Supply Air Flow Rate Per Unit of Capacity During Cooling Operation {m3/s-W}
  SupplyAirFlowRate,                      !- Supply Air Flow Rate Method During Heating Operation
  Autosize,                               !- Supply Air Flow Rate During Heating Operation {m3/s}
  ,                                       !- Supply Air Flow Rate Per Floor Area during Heating Operation {m3/s-m2}
  ,                                       !- Fraction of Autosized Design Heating Supply Air Flow Rate
  ,                                       !- Design Supply Air Flow Rate Per Unit of Capacity During Heating Operation {m3/s-W}
  None,                                   !- Supply Air Flow Rate Method When No Cooling or Heating is Required
  ,                                       !- Supply Air Flow Rate When No Cooling or Heating is Required {m3/s}
  ,                                       !- Supply Air Flow Rate Per Floor Area When No Cooling or Heating is Required {m3/s-m2}
  ,                                       !- Fraction of Autosized Design Cooling Supply Air Flow Rate When No Cooling or Heating is Required
  ,                                       !- Fraction of Autosized Design Heating Supply Air Flow Rate When No Cooling or Heating is Required
  ,                                       !- Design Supply Air Flow Rate Per Unit of Capacity During Cooling Operation When No Cooling or Heating is Required {m3/s-W}
  ,                                       !- Design Supply Air Flow Rate Per Unit of Capacity During Heating Operation When No Cooling or Heating is Required {m3/s-W}
  80,                                     !- Maximum Supply Air Temperature {C}
  21,                                     !- Maximum Outdoor Dry-Bulb Temperature for Supplemental Heater Operation {C}
  ,                                       !- Outdoor Dry-Bulb Temperature Sensor Node Name
  0,                                      !- Ancilliary On-Cycle Electric Power {W}
  0;                                      !- Ancilliary Off-Cycle Electric Power {W}

OS:Connection,
  {393eb17f-4ff3-4fea-9899-cf143afbaab9}, !- Handle
  {c909867c-bb1c-4751-be3c-d615264445b6}, !- Source Object
  7,                                      !- Outlet Port
  {294a5470-5dc0-4afb-8392-a57f5d77f2d2}, !- Target Object
  2;                                      !- Inlet Port

OS:Controller:OutdoorAir,
  {0c2ae38c-3cc6-4c3f-8687-4d57b4855e3f}, !- Handle
  Core_Retail ZN PSZ-AC OA System Controller, !- Name
  ,                                       !- Relief Air Outlet Node Name
  ,                                       !- Return Air Node Name
  ,                                       !- Mixed Air Node Name
  ,                                       !- Actuator Node Name
  autosize,                               !- Minimum Outdoor Air Flow Rate {m3/s}
  Autosize,                               !- Maximum Outdoor Air Flow Rate {m3/s}
  FixedDryBulb,                           !- Economizer Control Type
  ModulateFlow,                           !- Economizer Control Action Type
  21.1111111111111,                       !- Economizer Maximum Limit Dry-Bulb Temperature {C}
  ,                                       !- Economizer Maximum Limit Enthalpy {J/kg}
  ,                                       !- Economizer Maximum Limit Dewpoint Temperature {C}
  ,                                       !- Electronic Enthalpy Limit Curve Name
  ,                                       !- Economizer Minimum Limit Dry-Bulb Temperature {C}
  LockoutWithCompressor,                  !- Lockout Type
  FixedMinimum,                           !- Minimum Limit Type
  {dc5a90da-b20a-4a0f-b5f0-d4766b5fa0e9}, !- Minimum Outdoor Air Schedule Name
  ,                                       !- Minimum Fraction of Outdoor Air Schedule Name
  {2c0e114c-4db4-4366-b466-3d54053f0eb0}, !- Maximum Fraction of Outdoor Air Schedule Name
  {7a90d62f-c5af-40e6-a16d-6e54fe6d38d6}, !- Controller Mechanical Ventilation
  ,                                       !- Time of Day Economizer Control Schedule Name
  No,                                     !- High Humidity Control
  ,                                       !- Humidistat Control Zone Name
  ,                                       !- High Humidity Outdoor Air Flow Ratio
  ,                                       !- Control High Indoor Humidity Based on Outdoor Humidity Ratio
  BypassWhenWithinEconomizerLimits,       !- Heat Recovery Bypass Control Type
  InterlockedWithMechanicalCooling;       !- Economizer Operation Staging

OS:Controller:MechanicalVentilation,
  {7a90d62f-c5af-40e6-a16d-6e54fe6d38d6}, !- Handle
  Controller Mechanical Ventilation 2,    !- Name
  {f45a87a9-dcce-45e8-8cac-4a80c2948bca}, !- Availability Schedule
  ,                                       !- Demand Controlled Ventilation
  ;                                       !- System Outdoor Air Method

OS:AirLoopHVAC:OutdoorAirSystem,
  {a554392c-6f76-443e-a81e-79e82751a9df}, !- Handle
  Core_Retail ZN PSZ-AC OA System,        !- Name
  {0c2ae38c-3cc6-4c3f-8687-4d57b4855e3f}, !- Controller Name
  ,                                       !- Outdoor Air Equipment List Name
  ,                                       !- Availability Manager List Name
  {a3a4925e-e2ba-40d2-b4cf-8fa4301176d3}, !- Mixed Air Node Name
  {b8138b1d-2eae-4690-8137-ff428c00112f}, !- Outdoor Air Stream Node Name
  {973b36e2-9043-4c23-97f1-c867dc78ad2d}, !- Relief Air Stream Node Name
  {8d92a82b-819a-418d-a225-a3c3651e2ec6}; !- Return Air Stream Node Name

OS:Node,
  {6db8b35e-83df-4dde-8634-e7d50eca1618}, !- Handle
  Core_Retail ZN PSZ-AC Outdoor Air Node, !- Name
  ,                                       !- Inlet Port
  {b8138b1d-2eae-4690-8137-ff428c00112f}; !- Outlet Port

OS:Connection,
  {b8138b1d-2eae-4690-8137-ff428c00112f}, !- Handle
  {6db8b35e-83df-4dde-8634-e7d50eca1618}, !- Source Object
  3,                                      !- Outlet Port
  {a554392c-6f76-443e-a81e-79e82751a9df}, !- Target Object
  6;                                      !- Inlet Port

OS:Node,
  {07d77397-4b1b-4d43-ae71-4ae5cf8725c9}, !- Handle
  Core_Retail ZN PSZ-AC Relief Air Node,  !- Name
  {973b36e2-9043-4c23-97f1-c867dc78ad2d}, !- Inlet Port
  ;                                       !- Outlet Port

OS:Connection,
  {973b36e2-9043-4c23-97f1-c867dc78ad2d}, !- Handle
  {a554392c-6f76-443e-a81e-79e82751a9df}, !- Source Object
  7,                                      !- Outlet Port
  {07d77397-4b1b-4d43-ae71-4ae5cf8725c9}, !- Target Object
  2;                                      !- Inlet Port

OS:Node,
  {72d8349c-db70-4175-942d-51a1d8e3da49}, !- Handle
  Core_Retail ZN PSZ-AC Mixed Air Node,   !- Name
  {a3a4925e-e2ba-40d2-b4cf-8fa4301176d3}, !- Inlet Port
  {3ced05fa-43c3-4882-b4ec-d17ea872d300}; !- Outlet Port

OS:Connection,
  {8d92a82b-819a-418d-a225-a3c3651e2ec6}, !- Handle
  {b032d65c-b1cc-442c-b4f2-51dfa1238e2e}, !- Source Object
  3,                                      !- Outlet Port
  {a554392c-6f76-443e-a81e-79e82751a9df}, !- Target Object
  8;                                      !- Inlet Port

OS:Connection,
  {a3a4925e-e2ba-40d2-b4cf-8fa4301176d3}, !- Handle
  {a554392c-6f76-443e-a81e-79e82751a9df}, !- Source Object
  5,                                      !- Outlet Port
  {72d8349c-db70-4175-942d-51a1d8e3da49}, !- Target Object
  2;                                      !- Inlet Port

OS:Connection,
  {3ced05fa-43c3-4882-b4ec-d17ea872d300}, !- Handle
  {72d8349c-db70-4175-942d-51a1d8e3da49}, !- Source Object
  3,                                      !- Outlet Port
  {c909867c-bb1c-4751-be3c-d615264445b6}, !- Target Object
  6;                                      !- Inlet Port

OS:AvailabilityManager:NightCycle,
  {cf64dfdb-9a83-4ccc-87a3-c9d606b012ee}, !- Handle
  Availability Manager Night Cycle 2,     !- Name
  {f45a87a9-dcce-45e8-8cac-4a80c2948bca}, !- Applicability Schedule
  ,                                       !- Fan Schedule
  CycleOnAny,                             !- Control Type
  1,                                      !- Thermostat Tolerance {deltaC}
  ,                                       !- Cycling Run Time Control Type
  1800,                                   !- Cycling Run Time {s}
  {49bfa56a-8944-4b6c-b4bf-fcfcbe29799f}, !- Control Zone or Zone List Name
  {5e8126d0-0201-4d48-8b58-04d0d0273c26}, !- Cooling Control Zone or Zone List Name
  {9ba7e0d8-fc4f-4b51-8039-7c02c280c2ad}, !- Heating Control Zone or Zone List Name
  {ae365602-8133-4213-8cf3-399e2352ca67}; !- Heating Zone Fans Only Zone or Zone List Name

OS:ModelObjectList,
  {49bfa56a-8944-4b6c-b4bf-fcfcbe29799f}, !- Handle
  Availability Manager Night Cycle 2 Control Zone List; !- Name

OS:ModelObjectList,
  {5e8126d0-0201-4d48-8b58-04d0d0273c26}, !- Handle
  Availability Manager Night Cycle 2 Cooling Control Zone List; !- Name

OS:ModelObjectList,
  {9ba7e0d8-fc4f-4b51-8039-7c02c280c2ad}, !- Handle
  Availability Manager Night Cycle 2 Heating Control Zone List; !- Name

OS:ModelObjectList,
  {ae365602-8133-4213-8cf3-399e2352ca67}, !- Handle
  Availability Manager Night Cycle 2 Heating Zone Fans Only Zone List; !- Name

OS:AirTerminal:SingleDuct:ConstantVolume:NoReheat,
  {dfab3f38-7131-4b0c-a724-ec8f80c82193}, !- Handle
  Core_Retail ZN PSZ-AC Diffuser,         !- Name
  {f45a87a9-dcce-45e8-8cac-4a80c2948bca}, !- Availability Schedule Name
  {37b31832-fc55-4320-8f06-ce9f41672346}, !- Air Inlet Node Name
  {ad3c113d-3de9-4f77-8bba-2679207ae6e5}, !- Air Outlet Node Name
  AutoSize;                               !- Maximum Air Flow Rate {m3/s}

OS:Node,
  {414018c8-99a3-4302-a479-02d74741804a}, !- Handle
  Core_Retail ZN Return Air Node,         !- Name
  {70c49b30-b24f-4c3b-87f4-606d3cb0ee75}, !- Inlet Port
  {5dd297d1-338c-4433-8bba-80ee16ca3be8}; !- Outlet Port

OS:Connection,
  {f4ca5c06-a638-4dd7-ac03-7a1af75fdd3a}, !- Handle
  {3dc51f50-db07-4079-9eec-f631013fdd70}, !- Source Object
  3,                                      !- Outlet Port
  {b1504c9b-3127-4469-9502-e34ef2aa5c74}, !- Target Object
  2;                                      !- Inlet Port

OS:Connection,
  {70c49b30-b24f-4c3b-87f4-606d3cb0ee75}, !- Handle
  {769157c1-dd8c-46c4-9b79-4a20d0157086}, !- Source Object
  2,                                      !- Outlet Port
  {414018c8-99a3-4302-a479-02d74741804a}, !- Target Object
  2;                                      !- Inlet Port

OS:Connection,
  {5dd297d1-338c-4433-8bba-80ee16ca3be8}, !- Handle
  {414018c8-99a3-4302-a479-02d74741804a}, !- Source Object
  3,                                      !- Outlet Port
  {b5b2b622-e696-46b6-a10c-3acec7efc010}, !- Target Object
  3;                                      !- Inlet Port

OS:Node,
  {725528e6-5325-4830-9f8a-d2b2c6978357}, !- Handle
  Core_Retail ZN PSZ-AC Diffuser Inlet Air Node, !- Name
  {c6cb2b25-067a-4227-bb15-60e1d461b522}, !- Inlet Port
  {37b31832-fc55-4320-8f06-ce9f41672346}; !- Outlet Port

OS:Connection,
  {c6cb2b25-067a-4227-bb15-60e1d461b522}, !- Handle
  {71e940de-cbfb-4cab-a1b6-106904b5b876}, !- Source Object
  3,                                      !- Outlet Port
  {725528e6-5325-4830-9f8a-d2b2c6978357}, !- Target Object
  2;                                      !- Inlet Port

OS:Connection,
  {37b31832-fc55-4320-8f06-ce9f41672346}, !- Handle
  {725528e6-5325-4830-9f8a-d2b2c6978357}, !- Source Object
  3,                                      !- Outlet Port
  {dfab3f38-7131-4b0c-a724-ec8f80c82193}, !- Target Object
  3;                                      !- Inlet Port

OS:Connection,
  {ad3c113d-3de9-4f77-8bba-2679207ae6e5}, !- Handle
  {dfab3f38-7131-4b0c-a724-ec8f80c82193}, !- Source Object
  4,                                      !- Outlet Port
  {3dc51f50-db07-4079-9eec-f631013fdd70}, !- Target Object
  2;                                      !- Inlet Port

OS:AirLoopHVAC,
  {6a3c448e-ad0b-48f2-92d4-fbec2ac3f047}, !- Handle
  Point_Of_Sale ZN PSZ-AC,                !- Name
  ,                                       !- Controller List Name
  {82eac733-1a61-40df-810c-c9d81112405d}, !- Availability Schedule
  {e1ef3b7d-ead6-404e-a4fa-d36ef544a717}, !- Availability Manager List Name
  autosize,                               !- Design Supply Air Flow Rate {m3/s}
  1,                                      !- Design Return Air Flow Fraction of Supply Air Flow
  ,                                       !- Branch List Name
  ,                                       !- Connector List Name
  {e7f57107-b253-490b-80ab-52f88caa77c5}, !- Supply Side Inlet Node Name
  {0e91c768-6f8c-4703-b1e9-a65d9b999623}, !- Demand Side Outlet Node Name
  {3fc60d67-745d-4a1c-8e33-bd46a9e2be0b}, !- Demand Side Inlet Node A
  {25d4ac62-53fd-45ad-9b75-bbdb0554bbba}, !- Supply Side Outlet Node A
  ,                                       !- Demand Side Inlet Node B
  ,                                       !- Supply Side Outlet Node B
  ,                                       !- Return Air Bypass Flow Temperature Setpoint Schedule Name
  {5612e02c-0195-491e-b071-d7b220f2c13c}, !- Demand Mixer Name
  {7bc9a8a6-7336-4ceb-a4b0-61c632efef0b}, !- Demand Splitter A Name
  ,                                       !- Demand Splitter B Name
  ;                                       !- Supply Splitter Name

OS:Node,
  {534f5430-ba3a-4f5e-9eef-a76830a77b79}, !- Handle
  Point_Of_Sale ZN PSZ-AC Supply Inlet Node, !- Name
  {e7f57107-b253-490b-80ab-52f88caa77c5}, !- Inlet Port
  {ea96a0ef-ed36-46ec-af7b-396c8a3086e9}; !- Outlet Port

OS:Node,
  {dd540aeb-45d0-4abb-9953-cd30d3d002dc}, !- Handle
  Point_Of_Sale ZN PSZ-AC Supply Outlet Node, !- Name
  {b1060864-3090-45e1-8cb8-c73faeddca2c}, !- Inlet Port
  {25d4ac62-53fd-45ad-9b75-bbdb0554bbba}; !- Outlet Port

OS:Connection,
  {e7f57107-b253-490b-80ab-52f88caa77c5}, !- Handle
  {6a3c448e-ad0b-48f2-92d4-fbec2ac3f047}, !- Source Object
  9,                                      !- Outlet Port
  {534f5430-ba3a-4f5e-9eef-a76830a77b79}, !- Target Object
  2;                                      !- Inlet Port

OS:Connection,
  {25d4ac62-53fd-45ad-9b75-bbdb0554bbba}, !- Handle
  {dd540aeb-45d0-4abb-9953-cd30d3d002dc}, !- Source Object
  3,                                      !- Outlet Port
  {6a3c448e-ad0b-48f2-92d4-fbec2ac3f047}, !- Target Object
  12;                                     !- Inlet Port

OS:Node,
  {5484fe08-8ea0-406f-9de8-3b02388475b3}, !- Handle
  Point_Of_Sale ZN PSZ-AC Demand Inlet Node, !- Name
  {3fc60d67-745d-4a1c-8e33-bd46a9e2be0b}, !- Inlet Port
  {c25a5640-3a37-4168-9b5d-37e1938ca0eb}; !- Outlet Port

OS:Node,
  {38b257a2-a1aa-4ef5-85fe-c1670ebbbd12}, !- Handle
  Point_Of_Sale ZN PSZ-AC Demand Outlet Node, !- Name
  {e09f5045-59dc-4b6f-a332-ec1bc30fc779}, !- Inlet Port
  {0e91c768-6f8c-4703-b1e9-a65d9b999623}; !- Outlet Port

OS:Node,
  {87f8ebc7-e2e2-48bc-b57d-dcad710292c8}, !- Handle
  Point_Of_Sale ZN PSZ-AC Diffuser Outlet Air Node, !- Name
  {908c48f6-8224-4a96-b4cf-3f7b5c5c3caf}, !- Inlet Port
  {a06d8d22-48d8-4be3-9c52-e1197d60fa2b}; !- Outlet Port

OS:Connection,
  {3fc60d67-745d-4a1c-8e33-bd46a9e2be0b}, !- Handle
  {6a3c448e-ad0b-48f2-92d4-fbec2ac3f047}, !- Source Object
  11,                                     !- Outlet Port
  {5484fe08-8ea0-406f-9de8-3b02388475b3}, !- Target Object
  2;                                      !- Inlet Port

OS:Connection,
  {0e91c768-6f8c-4703-b1e9-a65d9b999623}, !- Handle
  {38b257a2-a1aa-4ef5-85fe-c1670ebbbd12}, !- Source Object
  3,                                      !- Outlet Port
  {6a3c448e-ad0b-48f2-92d4-fbec2ac3f047}, !- Target Object
  10;                                     !- Inlet Port

OS:AirLoopHVAC:ZoneSplitter,
  {7bc9a8a6-7336-4ceb-a4b0-61c632efef0b}, !- Handle
  Air Loop HVAC Zone Splitter 3,          !- Name
  {c25a5640-3a37-4168-9b5d-37e1938ca0eb}, !- Inlet Node Name
  {7f63b377-4d51-44e3-bc54-df5b332515f7}; !- Outlet Node Name 1

OS:AirLoopHVAC:ZoneMixer,
  {5612e02c-0195-491e-b071-d7b220f2c13c}, !- Handle
  Air Loop HVAC Zone Mixer 3,             !- Name
  {e09f5045-59dc-4b6f-a332-ec1bc30fc779}, !- Outlet Node Name
  {f3638248-ab5c-45cf-92be-fc0fcf043958}; !- Inlet Node Name 1

OS:Connection,
  {c25a5640-3a37-4168-9b5d-37e1938ca0eb}, !- Handle
  {5484fe08-8ea0-406f-9de8-3b02388475b3}, !- Source Object
  3,                                      !- Outlet Port
  {7bc9a8a6-7336-4ceb-a4b0-61c632efef0b}, !- Target Object
  2;                                      !- Inlet Port

OS:Connection,
  {e09f5045-59dc-4b6f-a332-ec1bc30fc779}, !- Handle
  {5612e02c-0195-491e-b071-d7b220f2c13c}, !- Source Object
  2,                                      !- Outlet Port
  {38b257a2-a1aa-4ef5-85fe-c1670ebbbd12}, !- Target Object
  2;                                      !- Inlet Port

OS:Sizing:System,
  {beb22e5c-8014-47ca-89fb-74831624a9f4}, !- Handle
  {6a3c448e-ad0b-48f2-92d4-fbec2ac3f047}, !- AirLoop Name
  Sensible,                               !- Type of Load to Size On
  Autosize,                               !- Design Outdoor Air Flow Rate {m3/s}
  1,                                      !- Central Heating Maximum System Air Flow Ratio
  7.22222222222229,                       !- Preheat Design Temperature {C}
  0.008,                                  !- Preheat Design Humidity Ratio {kg-H2O/kg-Air}
  12.7777777777778,                       !- Precool Design Temperature {C}
  0.008,                                  !- Precool Design Humidity Ratio {kg-H2O/kg-Air}
  12.7777777777778,                       !- Central Cooling Design Supply Air Temperature {C}
  50.0000000000001,                       !- Central Heating Design Supply Air Temperature {C}
  Coincident,                             !- Sizing Option
  No,                                     !- 100% Outdoor Air in Cooling
  No,                                     !- 100% Outdoor Air in Heating
  0.0085,                                 !- Central Cooling Design Supply Air Humidity Ratio {kg-H2O/kg-Air}
  0.008,                                  !- Central Heating Design Supply Air Humidity Ratio {kg-H2O/kg-Air}
  DesignDay,                              !- Cooling Design Air Flow Method
  ,                                       !- Cooling Design Air Flow Rate {m3/s}
  DesignDay,                              !- Heating Design Air Flow Method
  ,                                       !- Heating Design Air Flow Rate {m3/s}
  ZoneSum,                                !- System Outdoor Air Method
  1,                                      !- Zone Maximum Outdoor Air Fraction {dimensionless}
  0.0099676501,                           !- Cooling Supply Air Flow Rate Per Floor Area {m3/s-m2}
  1,                                      !- Cooling Fraction of Autosized Cooling Supply Air Flow Rate
  3.9475456e-05,                          !- Cooling Supply Air Flow Rate Per Unit Cooling Capacity {m3/s-W}
  0.0099676501,                           !- Heating Supply Air Flow Rate Per Floor Area {m3/s-m2}
  1,                                      !- Heating Fraction of Autosized Heating Supply Air Flow Rate
  1,                                      !- Heating Fraction of Autosized Cooling Supply Air Flow Rate
  3.1588213e-05,                          !- Heating Supply Air Flow Rate Per Unit Heating Capacity {m3/s-W}
  CoolingDesignCapacity,                  !- Cooling Design Capacity Method
  autosize,                               !- Cooling Design Capacity {W}
  234.7,                                  !- Cooling Design Capacity Per Floor Area {W/m2}
  1,                                      !- Fraction of Autosized Cooling Design Capacity
  HeatingDesignCapacity,                  !- Heating Design Capacity Method
  autosize,                               !- Heating Design Capacity {W}
  157,                                    !- Heating Design Capacity Per Floor Area {W/m2}
  1,                                      !- Fraction of Autosized Heating Design Capacity
  OnOff,                                  !- Central Cooling Capacity Control Method
  autosize;                               !- Occupant Diversity

OS:AvailabilityManagerAssignmentList,
  {e1ef3b7d-ead6-404e-a4fa-d36ef544a717}, !- Handle
  Air Loop HVAC 1 AvailabilityManagerAssignmentList 2, !- Name
  {cf2204c6-8cb8-4e30-ae6a-39bb857fe172}; !- Availability Manager Name 1

OS:SetpointManager:SingleZone:Reheat,
  {911d0bfd-8d45-40b6-a442-1e101058f568}, !- Handle
  Point_Of_Sale ZN Setpoint Manager SZ Reheat, !- Name
  12.7777777777778,                       !- Minimum Supply Air Temperature {C}
  50.0000000000001,                       !- Maximum Supply Air Temperature {C}
  {be761788-1be9-47b6-8cd9-701af7d49290}, !- Control Zone Name
  {dd540aeb-45d0-4abb-9953-cd30d3d002dc}; !- Setpoint Node or NodeList Name

OS:Coil:Heating:Gas,
  {24f98e26-52c4-4721-b9c4-4ae4c5514e27}, !- Handle
  Point_Of_Sale ZN PSZ-AC Gas Htg Coil 197kBtu/hr 0.8 Thermal Eff, !- Name
  {f45a87a9-dcce-45e8-8cac-4a80c2948bca}, !- Availability Schedule Name
  0.8,                                    !- Gas Burner Efficiency
  AutoSize,                               !- Nominal Capacity {W}
  ,                                       !- Air Inlet Node Name
  ,                                       !- Air Outlet Node Name
  ,                                       !- Temperature Setpoint Node Name
  0,                                      !- On Cycle Parasitic Electric Load {W}
  ,                                       !- Part Load Fraction Correlation Curve Name
  0;                                      !- Off Cycle Parasitic Gas Load {W}

OS:Coil:Heating:Electric,
  {daef918b-f94e-4be9-85c3-a23663dec45d}, !- Handle
  Point_Of_Sale ZN PSZ-AC No Heat,        !- Name
  {65c1231a-ac72-491d-9bc1-d06e5c52564a}, !- Availability Schedule Name
  1,                                      !- Efficiency
  0,                                      !- Nominal Capacity {W}
  ,                                       !- Air Inlet Node Name
  ;                                       !- Air Outlet Node Name

OS:Coil:Cooling:DX:TwoSpeed,
  {253dfa0a-7637-4919-ad55-e6fc6c0151a0}, !- Handle
  Point_Of_Sale ZN PSZ-AC 2spd DX AC Clg Coil 92kBtu/hr 10.1EER, !- Name
  {f45a87a9-dcce-45e8-8cac-4a80c2948bca}, !- Availability Schedule Name
  Autosize,                               !- Rated High Speed Total Cooling Capacity {W}
  Autosize,                               !- Rated High Speed Sensible Heat Ratio
  3.49917428015875,                       !- Rated High Speed COP {W/W}
  Autosize,                               !- Rated High Speed Air Flow Rate {m3/s}
  773.3,                                  !- Rated High Speed Evaporator Fan Power Per Volume Flow Rate 2017 {W/(m3/s)}
  934.4,                                  !- Rated High Speed Evaporator Fan Power Per Volume Flow Rate 2023 {W/(m3/s)}
  773.3,                                  !- Unit Internal Static Air Pressure {Pa}
  ,                                       !- Air Inlet Node Name
  ,                                       !- Air Outlet Node Name
  {81fb092d-159d-4057-897e-f3a08547c841}, !- Total Cooling Capacity Function of Temperature Curve Name
  {d25ad948-f4c1-4c07-a504-3c56af45fb53}, !- Total Cooling Capacity Function of Flow Fraction Curve Name
  {b57eb341-7a19-4390-bf80-db59f5a27ae7}, !- Energy Input Ratio Function of Temperature Curve Name
  {ddd56d57-c0b8-4d93-8c18-c321f1f48d8d}, !- Energy Input Ratio Function of Flow Fraction Curve Name
  {97224acd-f872-4332-ad47-0dc894bdbe7d}, !- Part Load Fraction Correlation Curve Name
  Autosize,                               !- Rated Low Speed Total Cooling Capacity {W}
  0.69,                                   !- Rated Low Speed Sensible Heat Ratio
  3.49917428015875,                       !- Rated Low Speed COP {W/W}
  Autosize,                               !- Rated Low Speed Air Flow Rate {m3/s}
  773.3,                                  !- Rated Low Speed Evaporator Fan Power Per Volume Flow Rate 2017 {W/(m3/s)}
  934.4,                                  !- Rated Low Speed Evaporator Fan Power Per Volume Flow Rate 2023 {W/(m3/s)}
  {81fb092d-159d-4057-897e-f3a08547c841}, !- Low Speed Total Cooling Capacity Function of Temperature Curve Name
  {b57eb341-7a19-4390-bf80-db59f5a27ae7}, !- Low Speed Energy Input Ratio Function of Temperature Curve Name
  ,                                       !- Condenser Air Inlet Node Name
  AirCooled,                              !- Condenser Type
  -25,                                    !- Minimum Outdoor Dry-Bulb Temperature for Compressor Operation {C}
  0.9,                                    !- High Speed Evaporative Condenser Effectiveness {dimensionless}
  Autosize,                               !- High Speed Evaporative Condenser Air Flow Rate {m3/s}
  Autosize,                               !- High Speed Evaporative Condenser Pump Rated Power Consumption {W}
  0.9,                                    !- Low Speed Evaporative Condenser Effectiveness {dimensionless}
  Autosize,                               !- Low Speed Evaporative Condenser Air Flow Rate {m3/s}
  Autosize,                               !- Low Speed Evaporative Condenser Pump Rated Power Consumption {W}
  ,                                       !- Supply Water Storage Tank Name
  ,                                       !- Condensate Collection Water Storage Tank Name
  10,                                     !- Basin Heater Capacity {W/K}
  2,                                      !- Basin Heater Setpoint Temperature {C}
  ;                                       !- Basin Heater Operating Schedule Name

OS:Fan:OnOff,
  {dd530487-ef7e-4384-ba77-82d4244998e1}, !- Handle
  Point_Of_Sale ZN PSZ-AC Fan,            !- Name
  {f45a87a9-dcce-45e8-8cac-4a80c2948bca}, !- Availability Schedule Name
  0.546,                                  !- Fan Total Efficiency
  622.722275,                             !- Pressure Rise {Pa}
  autosize,                               !- Maximum Flow Rate {m3/s}
  0.84,                                   !- Motor Efficiency
  1,                                      !- Motor In Airstream Fraction
  ,                                       !- Air Inlet Node Name
  ,                                       !- Air Outlet Node Name
  {6bcc9543-d954-49ad-975c-3ca20eb10c31}, !- Fan Power Ratio Function of Speed Ratio Curve Name
  {2f38e784-ef4d-4709-ac02-f535106eb5aa}, !- Fan Efficiency Ratio Function of Speed Ratio Curve Name
  ;                                       !- End-Use Subcategory

OS:Curve:Exponent,
  {6bcc9543-d954-49ad-975c-3ca20eb10c31}, !- Handle
  Fan On Off Power Curve 2,               !- Name
  1,                                      !- Coefficient1 Constant
  0,                                      !- Coefficient2 Constant
  0,                                      !- Coefficient3 Constant
  0,                                      !- Minimum Value of x
  1,                                      !- Maximum Value of x
  ,                                       !- Minimum Curve Output
  ,                                       !- Maximum Curve Output
  ,                                       !- Input Unit Type for X
  ;                                       !- Output Unit Type

OS:Curve:Cubic,
  {2f38e784-ef4d-4709-ac02-f535106eb5aa}, !- Handle
  Fan On Off Efficiency Curve 2,          !- Name
  1,                                      !- Coefficient1 Constant
  0,                                      !- Coefficient2 x
  0,                                      !- Coefficient3 x**2
  0,                                      !- Coefficient4 x**3
  0,                                      !- Minimum Value of x
  1;                                      !- Maximum Value of x

OS:AirLoopHVAC:UnitarySystem,
  {e1825e32-b54f-4f4a-bdb8-9cc5c6527e2e}, !- Handle
  Point_Of_Sale ZN PSZ-AC Unitary AC,     !- Name
  Load,                                   !- Control Type
  {be761788-1be9-47b6-8cd9-701af7d49290}, !- Controlling Zone or Thermostat Location
  None,                                   !- Dehumidification Control Type
  {82eac733-1a61-40df-810c-c9d81112405d}, !- Availability Schedule Name
  {9efce2bc-808a-43ce-be06-f1d5aad06bb2}, !- Air Inlet Node Name
  {b1060864-3090-45e1-8cb8-c73faeddca2c}, !- Air Outlet Node Name
  {dd530487-ef7e-4384-ba77-82d4244998e1}, !- Supply Fan Name
  DrawThrough,                            !- Fan Placement
  {82eac733-1a61-40df-810c-c9d81112405d}, !- Supply Air Fan Operating Mode Schedule Name
  {24f98e26-52c4-4721-b9c4-4ae4c5514e27}, !- Heating Coil Name
  1,                                      !- DX Heating Coil Sizing Ratio
  {253dfa0a-7637-4919-ad55-e6fc6c0151a0}, !- Cooling Coil Name
  No,                                     !- Use DOAS DX Cooling Coil
  2,                                      !- DOAS DX Cooling Coil Leaving Minimum Air Temperature {C}
  SensibleOnlyLoadControl,                !- Latent Load Control
  {daef918b-f94e-4be9-85c3-a23663dec45d}, !- Supplemental Heating Coil Name
  SupplyAirFlowRate,                      !- Supply Air Flow Rate Method During Cooling Operation
  Autosize,                               !- Supply Air Flow Rate During Cooling Operation {m3/s}
  ,                                       !- Supply Air Flow Rate Per Floor Area During Cooling Operation {m3/s-m2}
  ,                                       !- Fraction of Autosized Design Cooling Supply Air Flow Rate
  ,                                       !- Design Supply Air Flow Rate Per Unit of Capacity During Cooling Operation {m3/s-W}
  SupplyAirFlowRate,                      !- Supply Air Flow Rate Method During Heating Operation
  Autosize,                               !- Supply Air Flow Rate During Heating Operation {m3/s}
  ,                                       !- Supply Air Flow Rate Per Floor Area during Heating Operation {m3/s-m2}
  ,                                       !- Fraction of Autosized Design Heating Supply Air Flow Rate
  ,                                       !- Design Supply Air Flow Rate Per Unit of Capacity During Heating Operation {m3/s-W}
  None,                                   !- Supply Air Flow Rate Method When No Cooling or Heating is Required
  ,                                       !- Supply Air Flow Rate When No Cooling or Heating is Required {m3/s}
  ,                                       !- Supply Air Flow Rate Per Floor Area When No Cooling or Heating is Required {m3/s-m2}
  ,                                       !- Fraction of Autosized Design Cooling Supply Air Flow Rate When No Cooling or Heating is Required
  ,                                       !- Fraction of Autosized Design Heating Supply Air Flow Rate When No Cooling or Heating is Required
  ,                                       !- Design Supply Air Flow Rate Per Unit of Capacity During Cooling Operation When No Cooling or Heating is Required {m3/s-W}
  ,                                       !- Design Supply Air Flow Rate Per Unit of Capacity During Heating Operation When No Cooling or Heating is Required {m3/s-W}
  80,                                     !- Maximum Supply Air Temperature {C}
  21,                                     !- Maximum Outdoor Dry-Bulb Temperature for Supplemental Heater Operation {C}
  ,                                       !- Outdoor Dry-Bulb Temperature Sensor Node Name
  0,                                      !- Ancilliary On-Cycle Electric Power {W}
  0;                                      !- Ancilliary Off-Cycle Electric Power {W}

OS:Connection,
  {b1060864-3090-45e1-8cb8-c73faeddca2c}, !- Handle
  {e1825e32-b54f-4f4a-bdb8-9cc5c6527e2e}, !- Source Object
  7,                                      !- Outlet Port
  {dd540aeb-45d0-4abb-9953-cd30d3d002dc}, !- Target Object
  2;                                      !- Inlet Port

OS:Controller:OutdoorAir,
  {adacd01f-6b6e-483b-b27c-d814da694743}, !- Handle
  Point_Of_Sale ZN PSZ-AC OA System Controller, !- Name
  ,                                       !- Relief Air Outlet Node Name
  ,                                       !- Return Air Node Name
  ,                                       !- Mixed Air Node Name
  ,                                       !- Actuator Node Name
  autosize,                               !- Minimum Outdoor Air Flow Rate {m3/s}
  Autosize,                               !- Maximum Outdoor Air Flow Rate {m3/s}
  NoEconomizer,                           !- Economizer Control Type
  ModulateFlow,                           !- Economizer Control Action Type
  28,                                     !- Economizer Maximum Limit Dry-Bulb Temperature {C}
  64000,                                  !- Economizer Maximum Limit Enthalpy {J/kg}
  ,                                       !- Economizer Maximum Limit Dewpoint Temperature {C}
  ,                                       !- Electronic Enthalpy Limit Curve Name
  ,                                       !- Economizer Minimum Limit Dry-Bulb Temperature {C}
  LockoutWithCompressor,                  !- Lockout Type
  FixedMinimum,                           !- Minimum Limit Type
  {f45a87a9-dcce-45e8-8cac-4a80c2948bca}, !- Minimum Outdoor Air Schedule Name
  ,                                       !- Minimum Fraction of Outdoor Air Schedule Name
  {571116c7-a9ce-4ab9-9cfa-dfb388dc918d}, !- Maximum Fraction of Outdoor Air Schedule Name
  {093d778d-1160-450a-a6c5-4840f6adcc2d}, !- Controller Mechanical Ventilation
  ,                                       !- Time of Day Economizer Control Schedule Name
  No,                                     !- High Humidity Control
  ,                                       !- Humidistat Control Zone Name
  ,                                       !- High Humidity Outdoor Air Flow Ratio
  ,                                       !- Control High Indoor Humidity Based on Outdoor Humidity Ratio
  BypassWhenWithinEconomizerLimits,       !- Heat Recovery Bypass Control Type
  InterlockedWithMechanicalCooling;       !- Economizer Operation Staging

OS:Controller:MechanicalVentilation,
  {093d778d-1160-450a-a6c5-4840f6adcc2d}, !- Handle
  Controller Mechanical Ventilation 3,    !- Name
  {f45a87a9-dcce-45e8-8cac-4a80c2948bca}, !- Availability Schedule
  ,                                       !- Demand Controlled Ventilation
  ;                                       !- System Outdoor Air Method

OS:AirLoopHVAC:OutdoorAirSystem,
  {621a5256-128f-415e-9038-be5a4daa7473}, !- Handle
  Point_Of_Sale ZN PSZ-AC OA System,      !- Name
  {adacd01f-6b6e-483b-b27c-d814da694743}, !- Controller Name
  ,                                       !- Outdoor Air Equipment List Name
  ,                                       !- Availability Manager List Name
  {4d1199fb-c4e8-4803-a48e-badb341fe07f}, !- Mixed Air Node Name
  {5dc3c716-fd48-4974-bf52-fe541c751898}, !- Outdoor Air Stream Node Name
  {868889f0-ffc0-4a05-b70d-478c86f758da}, !- Relief Air Stream Node Name
  {ea96a0ef-ed36-46ec-af7b-396c8a3086e9}; !- Return Air Stream Node Name

OS:Node,
  {19156a1d-058b-42af-8157-1d1c867ec2a6}, !- Handle
  Point_Of_Sale ZN PSZ-AC Outdoor Air Node, !- Name
  ,                                       !- Inlet Port
  {5dc3c716-fd48-4974-bf52-fe541c751898}; !- Outlet Port

OS:Connection,
  {5dc3c716-fd48-4974-bf52-fe541c751898}, !- Handle
  {19156a1d-058b-42af-8157-1d1c867ec2a6}, !- Source Object
  3,                                      !- Outlet Port
  {621a5256-128f-415e-9038-be5a4daa7473}, !- Target Object
  6;                                      !- Inlet Port

OS:Node,
  {e3ec39f4-7ea4-458a-8019-5dc19026ff67}, !- Handle
  Point_Of_Sale ZN PSZ-AC Relief Air Node, !- Name
  {868889f0-ffc0-4a05-b70d-478c86f758da}, !- Inlet Port
  ;                                       !- Outlet Port

OS:Connection,
  {868889f0-ffc0-4a05-b70d-478c86f758da}, !- Handle
  {621a5256-128f-415e-9038-be5a4daa7473}, !- Source Object
  7,                                      !- Outlet Port
  {e3ec39f4-7ea4-458a-8019-5dc19026ff67}, !- Target Object
  2;                                      !- Inlet Port

OS:Node,
  {75b1110c-3cb2-417a-a321-252b534558aa}, !- Handle
  Point_Of_Sale ZN PSZ-AC Mixed Air Node, !- Name
  {4d1199fb-c4e8-4803-a48e-badb341fe07f}, !- Inlet Port
  {9efce2bc-808a-43ce-be06-f1d5aad06bb2}; !- Outlet Port

OS:Connection,
  {ea96a0ef-ed36-46ec-af7b-396c8a3086e9}, !- Handle
  {534f5430-ba3a-4f5e-9eef-a76830a77b79}, !- Source Object
  3,                                      !- Outlet Port
  {621a5256-128f-415e-9038-be5a4daa7473}, !- Target Object
  8;                                      !- Inlet Port

OS:Connection,
  {4d1199fb-c4e8-4803-a48e-badb341fe07f}, !- Handle
  {621a5256-128f-415e-9038-be5a4daa7473}, !- Source Object
  5,                                      !- Outlet Port
  {75b1110c-3cb2-417a-a321-252b534558aa}, !- Target Object
  2;                                      !- Inlet Port

OS:Connection,
  {9efce2bc-808a-43ce-be06-f1d5aad06bb2}, !- Handle
  {75b1110c-3cb2-417a-a321-252b534558aa}, !- Source Object
  3,                                      !- Outlet Port
  {e1825e32-b54f-4f4a-bdb8-9cc5c6527e2e}, !- Target Object
  6;                                      !- Inlet Port

OS:AvailabilityManager:NightCycle,
  {cf2204c6-8cb8-4e30-ae6a-39bb857fe172}, !- Handle
  Availability Manager Night Cycle 3,     !- Name
  {f45a87a9-dcce-45e8-8cac-4a80c2948bca}, !- Applicability Schedule
  ,                                       !- Fan Schedule
  CycleOnAny,                             !- Control Type
  1,                                      !- Thermostat Tolerance {deltaC}
  ,                                       !- Cycling Run Time Control Type
  1800,                                   !- Cycling Run Time {s}
  {73ef2a1a-e2f8-4a93-9d9c-455d891a7391}, !- Control Zone or Zone List Name
  {edbd5dff-7548-414f-92de-f0519eee4ad4}, !- Cooling Control Zone or Zone List Name
  {c7072ff7-dae8-401e-9bb0-76c47de3a7a8}, !- Heating Control Zone or Zone List Name
  {e3387f27-1ad6-4c6a-9de8-216dbe5670fb}; !- Heating Zone Fans Only Zone or Zone List Name

OS:ModelObjectList,
  {73ef2a1a-e2f8-4a93-9d9c-455d891a7391}, !- Handle
  Availability Manager Night Cycle 3 Control Zone List; !- Name

OS:ModelObjectList,
  {edbd5dff-7548-414f-92de-f0519eee4ad4}, !- Handle
  Availability Manager Night Cycle 3 Cooling Control Zone List; !- Name

OS:ModelObjectList,
  {c7072ff7-dae8-401e-9bb0-76c47de3a7a8}, !- Handle
  Availability Manager Night Cycle 3 Heating Control Zone List; !- Name

OS:ModelObjectList,
  {e3387f27-1ad6-4c6a-9de8-216dbe5670fb}, !- Handle
  Availability Manager Night Cycle 3 Heating Zone Fans Only Zone List; !- Name

OS:AirTerminal:SingleDuct:ConstantVolume:NoReheat,
  {9de025d2-28cf-4dea-98b0-9476e2afaf6d}, !- Handle
  Point_Of_Sale ZN PSZ-AC Diffuser,       !- Name
  {f45a87a9-dcce-45e8-8cac-4a80c2948bca}, !- Availability Schedule Name
  {8e5f4741-1cc5-4926-99fd-d50cb8ccc9e5}, !- Air Inlet Node Name
  {908c48f6-8224-4a96-b4cf-3f7b5c5c3caf}, !- Air Outlet Node Name
  AutoSize;                               !- Maximum Air Flow Rate {m3/s}

OS:Node,
  {f76d0194-daac-4e41-a41e-14fc71d3d3d9}, !- Handle
  Point_Of_Sale ZN Return Air Node,       !- Name
  {5b486a49-48c8-454e-aa60-cff38969a658}, !- Inlet Port
  {f3638248-ab5c-45cf-92be-fc0fcf043958}; !- Outlet Port

OS:Connection,
  {a06d8d22-48d8-4be3-9c52-e1197d60fa2b}, !- Handle
  {87f8ebc7-e2e2-48bc-b57d-dcad710292c8}, !- Source Object
  3,                                      !- Outlet Port
  {eabd7d9b-7b2c-41cd-879e-eb71d615ddcf}, !- Target Object
  2;                                      !- Inlet Port

OS:Connection,
  {5b486a49-48c8-454e-aa60-cff38969a658}, !- Handle
  {67c94bc1-1180-41db-8c37-0f5cb78d9f1e}, !- Source Object
  2,                                      !- Outlet Port
  {f76d0194-daac-4e41-a41e-14fc71d3d3d9}, !- Target Object
  2;                                      !- Inlet Port

OS:Connection,
  {f3638248-ab5c-45cf-92be-fc0fcf043958}, !- Handle
  {f76d0194-daac-4e41-a41e-14fc71d3d3d9}, !- Source Object
  3,                                      !- Outlet Port
  {5612e02c-0195-491e-b071-d7b220f2c13c}, !- Target Object
  3;                                      !- Inlet Port

OS:Node,
  {abc65bc3-9871-4379-8126-bc2be9663f46}, !- Handle
  Point_Of_Sale ZN PSZ-AC Diffuser Inlet Air Node, !- Name
  {7f63b377-4d51-44e3-bc54-df5b332515f7}, !- Inlet Port
  {8e5f4741-1cc5-4926-99fd-d50cb8ccc9e5}; !- Outlet Port

OS:Connection,
  {7f63b377-4d51-44e3-bc54-df5b332515f7}, !- Handle
  {7bc9a8a6-7336-4ceb-a4b0-61c632efef0b}, !- Source Object
  3,                                      !- Outlet Port
  {abc65bc3-9871-4379-8126-bc2be9663f46}, !- Target Object
  2;                                      !- Inlet Port

OS:Connection,
  {8e5f4741-1cc5-4926-99fd-d50cb8ccc9e5}, !- Handle
  {abc65bc3-9871-4379-8126-bc2be9663f46}, !- Source Object
  3,                                      !- Outlet Port
  {9de025d2-28cf-4dea-98b0-9476e2afaf6d}, !- Target Object
  3;                                      !- Inlet Port

OS:Connection,
  {908c48f6-8224-4a96-b4cf-3f7b5c5c3caf}, !- Handle
  {9de025d2-28cf-4dea-98b0-9476e2afaf6d}, !- Source Object
  4,                                      !- Outlet Port
  {87f8ebc7-e2e2-48bc-b57d-dcad710292c8}, !- Target Object
  2;                                      !- Inlet Port

OS:AirLoopHVAC,
  {9a2ffece-b2aa-4f98-a552-2747fd0c9018}, !- Handle
  Front_Retail ZN PSZ-AC,                 !- Name
  ,                                       !- Controller List Name
  {82eac733-1a61-40df-810c-c9d81112405d}, !- Availability Schedule
  {8e6ca2e2-643d-40d4-8443-2461cc7ea470}, !- Availability Manager List Name
  autosize,                               !- Design Supply Air Flow Rate {m3/s}
  1,                                      !- Design Return Air Flow Fraction of Supply Air Flow
  ,                                       !- Branch List Name
  ,                                       !- Connector List Name
  {a98fcaf7-8735-41e7-92f2-8fc3df7f2247}, !- Supply Side Inlet Node Name
  {6c50b4f6-3c19-472c-9251-1405ff53a5d1}, !- Demand Side Outlet Node Name
  {fb2e9b5c-cc66-4e9c-acbf-149adedaa6b7}, !- Demand Side Inlet Node A
  {fcf058e6-740c-4a59-b29b-186b48387865}, !- Supply Side Outlet Node A
  ,                                       !- Demand Side Inlet Node B
  ,                                       !- Supply Side Outlet Node B
  ,                                       !- Return Air Bypass Flow Temperature Setpoint Schedule Name
  {908996ce-7452-4cf9-871b-6e2514615986}, !- Demand Mixer Name
  {d2496c67-964b-479d-a81b-a0eb6cae5241}, !- Demand Splitter A Name
  ,                                       !- Demand Splitter B Name
  ;                                       !- Supply Splitter Name

OS:Node,
  {bda22d4d-6949-45a1-a829-42ce8a913c56}, !- Handle
  Front_Retail ZN PSZ-AC Supply Inlet Node, !- Name
  {a98fcaf7-8735-41e7-92f2-8fc3df7f2247}, !- Inlet Port
  {0749a724-5772-48e9-bbc2-9fbb46b3f8a2}; !- Outlet Port

OS:Node,
  {603f2a4d-b253-43b0-a5d8-057edafda770}, !- Handle
  Front_Retail ZN PSZ-AC Supply Outlet Node, !- Name
  {c9dc067f-54b9-4202-bee8-81688876f251}, !- Inlet Port
  {fcf058e6-740c-4a59-b29b-186b48387865}; !- Outlet Port

OS:Connection,
  {a98fcaf7-8735-41e7-92f2-8fc3df7f2247}, !- Handle
  {9a2ffece-b2aa-4f98-a552-2747fd0c9018}, !- Source Object
  9,                                      !- Outlet Port
  {bda22d4d-6949-45a1-a829-42ce8a913c56}, !- Target Object
  2;                                      !- Inlet Port

OS:Connection,
  {fcf058e6-740c-4a59-b29b-186b48387865}, !- Handle
  {603f2a4d-b253-43b0-a5d8-057edafda770}, !- Source Object
  3,                                      !- Outlet Port
  {9a2ffece-b2aa-4f98-a552-2747fd0c9018}, !- Target Object
  12;                                     !- Inlet Port

OS:Node,
  {933bec70-a758-4df8-be9f-5910650de74f}, !- Handle
  Front_Retail ZN PSZ-AC Demand Inlet Node, !- Name
  {fb2e9b5c-cc66-4e9c-acbf-149adedaa6b7}, !- Inlet Port
  {b22458a9-d2ec-43ff-9c63-f2fee8ff2437}; !- Outlet Port

OS:Node,
  {561241d8-fcb2-414d-a04f-41413fc60c16}, !- Handle
  Front_Retail ZN PSZ-AC Demand Outlet Node, !- Name
  {b013616a-ddba-4a47-924d-2b44fef97262}, !- Inlet Port
  {6c50b4f6-3c19-472c-9251-1405ff53a5d1}; !- Outlet Port

OS:Node,
  {850191c3-71f3-4c44-aefa-8baa1c8c4ae9}, !- Handle
  Front_Retail ZN PSZ-AC Diffuser Outlet Air Node, !- Name
  {74088760-10e5-41fa-bb0f-723dbfb37e61}, !- Inlet Port
  {5c154d65-1776-413c-8e5a-5d2ce9c6af7b}; !- Outlet Port

OS:Connection,
  {fb2e9b5c-cc66-4e9c-acbf-149adedaa6b7}, !- Handle
  {9a2ffece-b2aa-4f98-a552-2747fd0c9018}, !- Source Object
  11,                                     !- Outlet Port
  {933bec70-a758-4df8-be9f-5910650de74f}, !- Target Object
  2;                                      !- Inlet Port

OS:Connection,
  {6c50b4f6-3c19-472c-9251-1405ff53a5d1}, !- Handle
  {561241d8-fcb2-414d-a04f-41413fc60c16}, !- Source Object
  3,                                      !- Outlet Port
  {9a2ffece-b2aa-4f98-a552-2747fd0c9018}, !- Target Object
  10;                                     !- Inlet Port

OS:AirLoopHVAC:ZoneSplitter,
  {d2496c67-964b-479d-a81b-a0eb6cae5241}, !- Handle
  Air Loop HVAC Zone Splitter 4,          !- Name
  {b22458a9-d2ec-43ff-9c63-f2fee8ff2437}, !- Inlet Node Name
  {2cbd1211-30fa-480e-b068-8180f1608cd4}; !- Outlet Node Name 1

OS:AirLoopHVAC:ZoneMixer,
  {908996ce-7452-4cf9-871b-6e2514615986}, !- Handle
  Air Loop HVAC Zone Mixer 4,             !- Name
  {b013616a-ddba-4a47-924d-2b44fef97262}, !- Outlet Node Name
  {92d4ddf7-e269-4453-afbb-40295b9c34ba}; !- Inlet Node Name 1

OS:Connection,
  {b22458a9-d2ec-43ff-9c63-f2fee8ff2437}, !- Handle
  {933bec70-a758-4df8-be9f-5910650de74f}, !- Source Object
  3,                                      !- Outlet Port
  {d2496c67-964b-479d-a81b-a0eb6cae5241}, !- Target Object
  2;                                      !- Inlet Port

OS:Connection,
  {b013616a-ddba-4a47-924d-2b44fef97262}, !- Handle
  {908996ce-7452-4cf9-871b-6e2514615986}, !- Source Object
  2,                                      !- Outlet Port
  {561241d8-fcb2-414d-a04f-41413fc60c16}, !- Target Object
  2;                                      !- Inlet Port

OS:Sizing:System,
  {844659d2-f432-49e3-b85e-836c05b07626}, !- Handle
  {9a2ffece-b2aa-4f98-a552-2747fd0c9018}, !- AirLoop Name
  Sensible,                               !- Type of Load to Size On
  Autosize,                               !- Design Outdoor Air Flow Rate {m3/s}
  1,                                      !- Central Heating Maximum System Air Flow Ratio
  7.22222222222229,                       !- Preheat Design Temperature {C}
  0.008,                                  !- Preheat Design Humidity Ratio {kg-H2O/kg-Air}
  12.7777777777778,                       !- Precool Design Temperature {C}
  0.008,                                  !- Precool Design Humidity Ratio {kg-H2O/kg-Air}
  12.7777777777778,                       !- Central Cooling Design Supply Air Temperature {C}
  50.0000000000001,                       !- Central Heating Design Supply Air Temperature {C}
  Coincident,                             !- Sizing Option
  No,                                     !- 100% Outdoor Air in Cooling
  No,                                     !- 100% Outdoor Air in Heating
  0.0085,                                 !- Central Cooling Design Supply Air Humidity Ratio {kg-H2O/kg-Air}
  0.008,                                  !- Central Heating Design Supply Air Humidity Ratio {kg-H2O/kg-Air}
  DesignDay,                              !- Cooling Design Air Flow Method
  ,                                       !- Cooling Design Air Flow Rate {m3/s}
  DesignDay,                              !- Heating Design Air Flow Method
  ,                                       !- Heating Design Air Flow Rate {m3/s}
  ZoneSum,                                !- System Outdoor Air Method
  1,                                      !- Zone Maximum Outdoor Air Fraction {dimensionless}
  0.0099676501,                           !- Cooling Supply Air Flow Rate Per Floor Area {m3/s-m2}
  1,                                      !- Cooling Fraction of Autosized Cooling Supply Air Flow Rate
  3.9475456e-05,                          !- Cooling Supply Air Flow Rate Per Unit Cooling Capacity {m3/s-W}
  0.0099676501,                           !- Heating Supply Air Flow Rate Per Floor Area {m3/s-m2}
  1,                                      !- Heating Fraction of Autosized Heating Supply Air Flow Rate
  1,                                      !- Heating Fraction of Autosized Cooling Supply Air Flow Rate
  3.1588213e-05,                          !- Heating Supply Air Flow Rate Per Unit Heating Capacity {m3/s-W}
  CoolingDesignCapacity,                  !- Cooling Design Capacity Method
  autosize,                               !- Cooling Design Capacity {W}
  234.7,                                  !- Cooling Design Capacity Per Floor Area {W/m2}
  1,                                      !- Fraction of Autosized Cooling Design Capacity
  HeatingDesignCapacity,                  !- Heating Design Capacity Method
  autosize,                               !- Heating Design Capacity {W}
  157,                                    !- Heating Design Capacity Per Floor Area {W/m2}
  1,                                      !- Fraction of Autosized Heating Design Capacity
  OnOff,                                  !- Central Cooling Capacity Control Method
  autosize;                               !- Occupant Diversity

OS:AvailabilityManagerAssignmentList,
  {8e6ca2e2-643d-40d4-8443-2461cc7ea470}, !- Handle
  Air Loop HVAC 1 AvailabilityManagerAssignmentList 3, !- Name
  {81a6b890-f686-42f1-b5d8-e628841a172b}; !- Availability Manager Name 1

OS:SetpointManager:SingleZone:Reheat,
  {5f904489-1cf9-433f-8d7b-ff64eb715d56}, !- Handle
  Front_Retail ZN Setpoint Manager SZ Reheat, !- Name
  12.7777777777778,                       !- Minimum Supply Air Temperature {C}
  50.0000000000001,                       !- Maximum Supply Air Temperature {C}
  {51dc6cd2-ccc7-4647-8821-bf4403f4a037}, !- Control Zone Name
  {603f2a4d-b253-43b0-a5d8-057edafda770}; !- Setpoint Node or NodeList Name

OS:Coil:Heating:Gas,
  {5cf73841-f88a-485a-b354-58ad8e59d8de}, !- Handle
  Front_Retail ZN PSZ-AC Gas Htg Coil 171kBtu/hr 0.8 Thermal Eff, !- Name
  {f45a87a9-dcce-45e8-8cac-4a80c2948bca}, !- Availability Schedule Name
  0.8,                                    !- Gas Burner Efficiency
  AutoSize,                               !- Nominal Capacity {W}
  ,                                       !- Air Inlet Node Name
  ,                                       !- Air Outlet Node Name
  ,                                       !- Temperature Setpoint Node Name
  0,                                      !- On Cycle Parasitic Electric Load {W}
  ,                                       !- Part Load Fraction Correlation Curve Name
  0;                                      !- Off Cycle Parasitic Gas Load {W}

OS:Coil:Heating:Electric,
  {aca88b14-9340-49b1-9aa1-d69571dc1e3f}, !- Handle
  Front_Retail ZN PSZ-AC No Heat,         !- Name
  {65c1231a-ac72-491d-9bc1-d06e5c52564a}, !- Availability Schedule Name
  1,                                      !- Efficiency
  0,                                      !- Nominal Capacity {W}
  ,                                       !- Air Inlet Node Name
  ;                                       !- Air Outlet Node Name

OS:Coil:Cooling:DX:TwoSpeed,
  {1ad9c69f-6d4d-48d4-ba23-016914b82c1f}, !- Handle
  Front_Retail ZN PSZ-AC 2spd DX AC Clg Coil 81kBtu/hr 10.1EER, !- Name
  {f45a87a9-dcce-45e8-8cac-4a80c2948bca}, !- Availability Schedule Name
  Autosize,                               !- Rated High Speed Total Cooling Capacity {W}
  Autosize,                               !- Rated High Speed Sensible Heat Ratio
  3.49917428015875,                       !- Rated High Speed COP {W/W}
  Autosize,                               !- Rated High Speed Air Flow Rate {m3/s}
  773.3,                                  !- Rated High Speed Evaporator Fan Power Per Volume Flow Rate 2017 {W/(m3/s)}
  934.4,                                  !- Rated High Speed Evaporator Fan Power Per Volume Flow Rate 2023 {W/(m3/s)}
  773.3,                                  !- Unit Internal Static Air Pressure {Pa}
  ,                                       !- Air Inlet Node Name
  ,                                       !- Air Outlet Node Name
  {81fb092d-159d-4057-897e-f3a08547c841}, !- Total Cooling Capacity Function of Temperature Curve Name
  {d25ad948-f4c1-4c07-a504-3c56af45fb53}, !- Total Cooling Capacity Function of Flow Fraction Curve Name
  {b57eb341-7a19-4390-bf80-db59f5a27ae7}, !- Energy Input Ratio Function of Temperature Curve Name
  {ddd56d57-c0b8-4d93-8c18-c321f1f48d8d}, !- Energy Input Ratio Function of Flow Fraction Curve Name
  {97224acd-f872-4332-ad47-0dc894bdbe7d}, !- Part Load Fraction Correlation Curve Name
  Autosize,                               !- Rated Low Speed Total Cooling Capacity {W}
  0.69,                                   !- Rated Low Speed Sensible Heat Ratio
  3.49917428015875,                       !- Rated Low Speed COP {W/W}
  Autosize,                               !- Rated Low Speed Air Flow Rate {m3/s}
  773.3,                                  !- Rated Low Speed Evaporator Fan Power Per Volume Flow Rate 2017 {W/(m3/s)}
  934.4,                                  !- Rated Low Speed Evaporator Fan Power Per Volume Flow Rate 2023 {W/(m3/s)}
  {81fb092d-159d-4057-897e-f3a08547c841}, !- Low Speed Total Cooling Capacity Function of Temperature Curve Name
  {b57eb341-7a19-4390-bf80-db59f5a27ae7}, !- Low Speed Energy Input Ratio Function of Temperature Curve Name
  ,                                       !- Condenser Air Inlet Node Name
  AirCooled,                              !- Condenser Type
  -25,                                    !- Minimum Outdoor Dry-Bulb Temperature for Compressor Operation {C}
  0.9,                                    !- High Speed Evaporative Condenser Effectiveness {dimensionless}
  Autosize,                               !- High Speed Evaporative Condenser Air Flow Rate {m3/s}
  Autosize,                               !- High Speed Evaporative Condenser Pump Rated Power Consumption {W}
  0.9,                                    !- Low Speed Evaporative Condenser Effectiveness {dimensionless}
  Autosize,                               !- Low Speed Evaporative Condenser Air Flow Rate {m3/s}
  Autosize,                               !- Low Speed Evaporative Condenser Pump Rated Power Consumption {W}
  ,                                       !- Supply Water Storage Tank Name
  ,                                       !- Condensate Collection Water Storage Tank Name
  10,                                     !- Basin Heater Capacity {W/K}
  2,                                      !- Basin Heater Setpoint Temperature {C}
  ;                                       !- Basin Heater Operating Schedule Name

OS:Fan:OnOff,
  {873efb8c-5358-42ef-9df0-48f72eb77ab2}, !- Handle
  Front_Retail ZN PSZ-AC Fan,             !- Name
  {f45a87a9-dcce-45e8-8cac-4a80c2948bca}, !- Availability Schedule Name
  0.546,                                  !- Fan Total Efficiency
  622.722275,                             !- Pressure Rise {Pa}
  autosize,                               !- Maximum Flow Rate {m3/s}
  0.84,                                   !- Motor Efficiency
  1,                                      !- Motor In Airstream Fraction
  ,                                       !- Air Inlet Node Name
  ,                                       !- Air Outlet Node Name
  {c75702f5-898e-4510-bddb-be612e1dd044}, !- Fan Power Ratio Function of Speed Ratio Curve Name
  {86c0c876-7be5-4d5c-88fd-3649ba659bc9}, !- Fan Efficiency Ratio Function of Speed Ratio Curve Name
  ;                                       !- End-Use Subcategory

OS:Curve:Exponent,
  {c75702f5-898e-4510-bddb-be612e1dd044}, !- Handle
  Fan On Off Power Curve 3,               !- Name
  1,                                      !- Coefficient1 Constant
  0,                                      !- Coefficient2 Constant
  0,                                      !- Coefficient3 Constant
  0,                                      !- Minimum Value of x
  1,                                      !- Maximum Value of x
  ,                                       !- Minimum Curve Output
  ,                                       !- Maximum Curve Output
  ,                                       !- Input Unit Type for X
  ;                                       !- Output Unit Type

OS:Curve:Cubic,
  {86c0c876-7be5-4d5c-88fd-3649ba659bc9}, !- Handle
  Fan On Off Efficiency Curve 3,          !- Name
  1,                                      !- Coefficient1 Constant
  0,                                      !- Coefficient2 x
  0,                                      !- Coefficient3 x**2
  0,                                      !- Coefficient4 x**3
  0,                                      !- Minimum Value of x
  1;                                      !- Maximum Value of x

OS:AirLoopHVAC:UnitarySystem,
  {0eb2daee-3933-4810-8dfe-83fa2b6b8caf}, !- Handle
  Front_Retail ZN PSZ-AC Unitary AC,      !- Name
  Load,                                   !- Control Type
  {51dc6cd2-ccc7-4647-8821-bf4403f4a037}, !- Controlling Zone or Thermostat Location
  None,                                   !- Dehumidification Control Type
  {82eac733-1a61-40df-810c-c9d81112405d}, !- Availability Schedule Name
  {46e55662-3918-499d-8957-f58db2f7cc3c}, !- Air Inlet Node Name
  {c9dc067f-54b9-4202-bee8-81688876f251}, !- Air Outlet Node Name
  {873efb8c-5358-42ef-9df0-48f72eb77ab2}, !- Supply Fan Name
  DrawThrough,                            !- Fan Placement
  {82eac733-1a61-40df-810c-c9d81112405d}, !- Supply Air Fan Operating Mode Schedule Name
  {5cf73841-f88a-485a-b354-58ad8e59d8de}, !- Heating Coil Name
  1,                                      !- DX Heating Coil Sizing Ratio
  {1ad9c69f-6d4d-48d4-ba23-016914b82c1f}, !- Cooling Coil Name
  No,                                     !- Use DOAS DX Cooling Coil
  2,                                      !- DOAS DX Cooling Coil Leaving Minimum Air Temperature {C}
  SensibleOnlyLoadControl,                !- Latent Load Control
  {aca88b14-9340-49b1-9aa1-d69571dc1e3f}, !- Supplemental Heating Coil Name
  SupplyAirFlowRate,                      !- Supply Air Flow Rate Method During Cooling Operation
  Autosize,                               !- Supply Air Flow Rate During Cooling Operation {m3/s}
  ,                                       !- Supply Air Flow Rate Per Floor Area During Cooling Operation {m3/s-m2}
  ,                                       !- Fraction of Autosized Design Cooling Supply Air Flow Rate
  ,                                       !- Design Supply Air Flow Rate Per Unit of Capacity During Cooling Operation {m3/s-W}
  SupplyAirFlowRate,                      !- Supply Air Flow Rate Method During Heating Operation
  Autosize,                               !- Supply Air Flow Rate During Heating Operation {m3/s}
  ,                                       !- Supply Air Flow Rate Per Floor Area during Heating Operation {m3/s-m2}
  ,                                       !- Fraction of Autosized Design Heating Supply Air Flow Rate
  ,                                       !- Design Supply Air Flow Rate Per Unit of Capacity During Heating Operation {m3/s-W}
  None,                                   !- Supply Air Flow Rate Method When No Cooling or Heating is Required
  ,                                       !- Supply Air Flow Rate When No Cooling or Heating is Required {m3/s}
  ,                                       !- Supply Air Flow Rate Per Floor Area When No Cooling or Heating is Required {m3/s-m2}
  ,                                       !- Fraction of Autosized Design Cooling Supply Air Flow Rate When No Cooling or Heating is Required
  ,                                       !- Fraction of Autosized Design Heating Supply Air Flow Rate When No Cooling or Heating is Required
  ,                                       !- Design Supply Air Flow Rate Per Unit of Capacity During Cooling Operation When No Cooling or Heating is Required {m3/s-W}
  ,                                       !- Design Supply Air Flow Rate Per Unit of Capacity During Heating Operation When No Cooling or Heating is Required {m3/s-W}
  80,                                     !- Maximum Supply Air Temperature {C}
  21,                                     !- Maximum Outdoor Dry-Bulb Temperature for Supplemental Heater Operation {C}
  ,                                       !- Outdoor Dry-Bulb Temperature Sensor Node Name
  0,                                      !- Ancilliary On-Cycle Electric Power {W}
  0;                                      !- Ancilliary Off-Cycle Electric Power {W}

OS:Connection,
  {c9dc067f-54b9-4202-bee8-81688876f251}, !- Handle
  {0eb2daee-3933-4810-8dfe-83fa2b6b8caf}, !- Source Object
  7,                                      !- Outlet Port
  {603f2a4d-b253-43b0-a5d8-057edafda770}, !- Target Object
  2;                                      !- Inlet Port

OS:Controller:OutdoorAir,
  {7ec31ab5-7591-46bc-8956-3fc8125a66cf}, !- Handle
  Front_Retail ZN PSZ-AC OA System Controller, !- Name
  ,                                       !- Relief Air Outlet Node Name
  ,                                       !- Return Air Node Name
  ,                                       !- Mixed Air Node Name
  ,                                       !- Actuator Node Name
  autosize,                               !- Minimum Outdoor Air Flow Rate {m3/s}
  Autosize,                               !- Maximum Outdoor Air Flow Rate {m3/s}
  NoEconomizer,                           !- Economizer Control Type
  ModulateFlow,                           !- Economizer Control Action Type
  28,                                     !- Economizer Maximum Limit Dry-Bulb Temperature {C}
  64000,                                  !- Economizer Maximum Limit Enthalpy {J/kg}
  ,                                       !- Economizer Maximum Limit Dewpoint Temperature {C}
  ,                                       !- Electronic Enthalpy Limit Curve Name
  ,                                       !- Economizer Minimum Limit Dry-Bulb Temperature {C}
  LockoutWithCompressor,                  !- Lockout Type
  FixedMinimum,                           !- Minimum Limit Type
  {f45a87a9-dcce-45e8-8cac-4a80c2948bca}, !- Minimum Outdoor Air Schedule Name
  ,                                       !- Minimum Fraction of Outdoor Air Schedule Name
  {fcec0171-1a01-4035-bd6d-3dd738420217}, !- Maximum Fraction of Outdoor Air Schedule Name
  {ae64b2ad-c622-49ff-aa0e-014f976eaf30}, !- Controller Mechanical Ventilation
  ,                                       !- Time of Day Economizer Control Schedule Name
  No,                                     !- High Humidity Control
  ,                                       !- Humidistat Control Zone Name
  ,                                       !- High Humidity Outdoor Air Flow Ratio
  ,                                       !- Control High Indoor Humidity Based on Outdoor Humidity Ratio
  BypassWhenWithinEconomizerLimits,       !- Heat Recovery Bypass Control Type
  InterlockedWithMechanicalCooling;       !- Economizer Operation Staging

OS:Controller:MechanicalVentilation,
  {ae64b2ad-c622-49ff-aa0e-014f976eaf30}, !- Handle
  Controller Mechanical Ventilation 4,    !- Name
  {f45a87a9-dcce-45e8-8cac-4a80c2948bca}, !- Availability Schedule
  ,                                       !- Demand Controlled Ventilation
  ;                                       !- System Outdoor Air Method

OS:AirLoopHVAC:OutdoorAirSystem,
  {30a2a89e-ed1a-4948-8bfc-5f4f91569afc}, !- Handle
  Front_Retail ZN PSZ-AC OA System,       !- Name
  {7ec31ab5-7591-46bc-8956-3fc8125a66cf}, !- Controller Name
  ,                                       !- Outdoor Air Equipment List Name
  ,                                       !- Availability Manager List Name
  {fd03af6c-5068-454f-b7f3-46be9c511911}, !- Mixed Air Node Name
  {c9446b81-488f-452d-944f-a09966f07c53}, !- Outdoor Air Stream Node Name
  {21497171-bf11-47be-9a31-d03388d0629f}, !- Relief Air Stream Node Name
  {0749a724-5772-48e9-bbc2-9fbb46b3f8a2}; !- Return Air Stream Node Name

OS:Node,
  {85c84cd4-2e1f-451b-bda3-7ef20ce2b486}, !- Handle
  Front_Retail ZN PSZ-AC Outdoor Air Node, !- Name
  ,                                       !- Inlet Port
  {c9446b81-488f-452d-944f-a09966f07c53}; !- Outlet Port

OS:Connection,
  {c9446b81-488f-452d-944f-a09966f07c53}, !- Handle
  {85c84cd4-2e1f-451b-bda3-7ef20ce2b486}, !- Source Object
  3,                                      !- Outlet Port
  {30a2a89e-ed1a-4948-8bfc-5f4f91569afc}, !- Target Object
  6;                                      !- Inlet Port

OS:Node,
  {96c6b1ae-6167-4117-a47a-87e5afd9426f}, !- Handle
  Front_Retail ZN PSZ-AC Relief Air Node, !- Name
  {21497171-bf11-47be-9a31-d03388d0629f}, !- Inlet Port
  ;                                       !- Outlet Port

OS:Connection,
  {21497171-bf11-47be-9a31-d03388d0629f}, !- Handle
  {30a2a89e-ed1a-4948-8bfc-5f4f91569afc}, !- Source Object
  7,                                      !- Outlet Port
  {96c6b1ae-6167-4117-a47a-87e5afd9426f}, !- Target Object
  2;                                      !- Inlet Port

OS:Node,
  {5747b243-4813-4eae-84c5-a0a0ff56264c}, !- Handle
  Front_Retail ZN PSZ-AC Mixed Air Node,  !- Name
  {fd03af6c-5068-454f-b7f3-46be9c511911}, !- Inlet Port
  {46e55662-3918-499d-8957-f58db2f7cc3c}; !- Outlet Port

OS:Connection,
  {0749a724-5772-48e9-bbc2-9fbb46b3f8a2}, !- Handle
  {bda22d4d-6949-45a1-a829-42ce8a913c56}, !- Source Object
  3,                                      !- Outlet Port
  {30a2a89e-ed1a-4948-8bfc-5f4f91569afc}, !- Target Object
  8;                                      !- Inlet Port

OS:Connection,
  {fd03af6c-5068-454f-b7f3-46be9c511911}, !- Handle
  {30a2a89e-ed1a-4948-8bfc-5f4f91569afc}, !- Source Object
  5,                                      !- Outlet Port
  {5747b243-4813-4eae-84c5-a0a0ff56264c}, !- Target Object
  2;                                      !- Inlet Port

OS:Connection,
  {46e55662-3918-499d-8957-f58db2f7cc3c}, !- Handle
  {5747b243-4813-4eae-84c5-a0a0ff56264c}, !- Source Object
  3,                                      !- Outlet Port
  {0eb2daee-3933-4810-8dfe-83fa2b6b8caf}, !- Target Object
  6;                                      !- Inlet Port

OS:AvailabilityManager:NightCycle,
  {81a6b890-f686-42f1-b5d8-e628841a172b}, !- Handle
  Availability Manager Night Cycle 4,     !- Name
  {f45a87a9-dcce-45e8-8cac-4a80c2948bca}, !- Applicability Schedule
  ,                                       !- Fan Schedule
  CycleOnAny,                             !- Control Type
  1,                                      !- Thermostat Tolerance {deltaC}
  ,                                       !- Cycling Run Time Control Type
  1800,                                   !- Cycling Run Time {s}
  {9199635d-955c-41a9-b621-768862470b53}, !- Control Zone or Zone List Name
  {03585588-8f50-4151-857f-e3152d4be771}, !- Cooling Control Zone or Zone List Name
  {a56a5a15-45af-4e88-905d-54f2478c0e02}, !- Heating Control Zone or Zone List Name
  {88cba4bd-a94f-4b52-b3a6-d4bacb6c478a}; !- Heating Zone Fans Only Zone or Zone List Name

OS:ModelObjectList,
  {9199635d-955c-41a9-b621-768862470b53}, !- Handle
  Availability Manager Night Cycle 4 Control Zone List; !- Name

OS:ModelObjectList,
  {03585588-8f50-4151-857f-e3152d4be771}, !- Handle
  Availability Manager Night Cycle 4 Cooling Control Zone List; !- Name

OS:ModelObjectList,
  {a56a5a15-45af-4e88-905d-54f2478c0e02}, !- Handle
  Availability Manager Night Cycle 4 Heating Control Zone List; !- Name

OS:ModelObjectList,
  {88cba4bd-a94f-4b52-b3a6-d4bacb6c478a}, !- Handle
  Availability Manager Night Cycle 4 Heating Zone Fans Only Zone List; !- Name

OS:AirTerminal:SingleDuct:ConstantVolume:NoReheat,
  {8f46eb38-717d-497e-8fd8-7cfadd6bcbc5}, !- Handle
  Front_Retail ZN PSZ-AC Diffuser,        !- Name
  {f45a87a9-dcce-45e8-8cac-4a80c2948bca}, !- Availability Schedule Name
  {33abdef9-bff3-4261-a3ae-df2741a85387}, !- Air Inlet Node Name
  {74088760-10e5-41fa-bb0f-723dbfb37e61}, !- Air Outlet Node Name
  AutoSize;                               !- Maximum Air Flow Rate {m3/s}

OS:Node,
  {85b99a56-cd0f-41eb-ae4a-9f8f50399581}, !- Handle
  Front_Retail ZN Return Air Node,        !- Name
  {f7bd6374-0334-490f-b2ea-d85dfbe64764}, !- Inlet Port
  {92d4ddf7-e269-4453-afbb-40295b9c34ba}; !- Outlet Port

OS:Connection,
  {5c154d65-1776-413c-8e5a-5d2ce9c6af7b}, !- Handle
  {850191c3-71f3-4c44-aefa-8baa1c8c4ae9}, !- Source Object
  3,                                      !- Outlet Port
  {f2ede843-0ba5-4565-b507-e0b659314333}, !- Target Object
  2;                                      !- Inlet Port

OS:Connection,
  {f7bd6374-0334-490f-b2ea-d85dfbe64764}, !- Handle
  {5c36d359-f1a5-4131-ae93-124a58d426d8}, !- Source Object
  2,                                      !- Outlet Port
  {85b99a56-cd0f-41eb-ae4a-9f8f50399581}, !- Target Object
  2;                                      !- Inlet Port

OS:Connection,
  {92d4ddf7-e269-4453-afbb-40295b9c34ba}, !- Handle
  {85b99a56-cd0f-41eb-ae4a-9f8f50399581}, !- Source Object
  3,                                      !- Outlet Port
  {908996ce-7452-4cf9-871b-6e2514615986}, !- Target Object
  3;                                      !- Inlet Port

OS:Node,
  {d9a8b89a-4f7f-4e3d-a64c-bea3dde85cd0}, !- Handle
  Front_Retail ZN PSZ-AC Diffuser Inlet Air Node, !- Name
  {2cbd1211-30fa-480e-b068-8180f1608cd4}, !- Inlet Port
  {33abdef9-bff3-4261-a3ae-df2741a85387}; !- Outlet Port

OS:Connection,
  {2cbd1211-30fa-480e-b068-8180f1608cd4}, !- Handle
  {d2496c67-964b-479d-a81b-a0eb6cae5241}, !- Source Object
  3,                                      !- Outlet Port
  {d9a8b89a-4f7f-4e3d-a64c-bea3dde85cd0}, !- Target Object
  2;                                      !- Inlet Port

OS:Connection,
  {33abdef9-bff3-4261-a3ae-df2741a85387}, !- Handle
  {d9a8b89a-4f7f-4e3d-a64c-bea3dde85cd0}, !- Source Object
  3,                                      !- Outlet Port
  {8f46eb38-717d-497e-8fd8-7cfadd6bcbc5}, !- Target Object
  3;                                      !- Inlet Port

OS:Connection,
  {74088760-10e5-41fa-bb0f-723dbfb37e61}, !- Handle
  {8f46eb38-717d-497e-8fd8-7cfadd6bcbc5}, !- Source Object
  4,                                      !- Outlet Port
  {850191c3-71f3-4c44-aefa-8baa1c8c4ae9}, !- Target Object
  2;                                      !- Inlet Port

OS:Schedule:Ruleset,
  {0b287109-5f46-41a9-b978-5f068b3c60ed}, !- Handle
  RetailStandalone FrontEntry_FanSched,   !- Name
  {096af5c0-3a24-41ac-a11f-a7a868822126}, !- Schedule Type Limits Name
  {ab53ec8b-e717-438a-aba0-c4680d9a7b6c}, !- Default Day Schedule Name
  {795c4b17-6a15-46c7-96b8-47a7c8852420}, !- Summer Design Day Schedule Name
  {e73e3f80-e5bd-4dcc-b7ec-b631fbdd4286}; !- Winter Design Day Schedule Name

OS:Schedule:Day,
  {ab53ec8b-e717-438a-aba0-c4680d9a7b6c}, !- Handle
  RetailStandalone FrontEntry_FanSched Default, !- Name
  {096af5c0-3a24-41ac-a11f-a7a868822126}, !- Schedule Type Limits Name
  ,                                       !- Interpolate to Timestep
  24,                                     !- Hour 1
  0,                                      !- Minute 1
  1;                                      !- Value Until Time 1

OS:Schedule:Day,
  {e73e3f80-e5bd-4dcc-b7ec-b631fbdd4286}, !- Handle
  RetailStandalone FrontEntry_FanSched Winter Design Day, !- Name
  {096af5c0-3a24-41ac-a11f-a7a868822126}, !- Schedule Type Limits Name
  ,                                       !- Interpolate to Timestep
  24,                                     !- Hour 1
  0,                                      !- Minute 1
  1;                                      !- Value Until Time 1

OS:Schedule:Day,
  {795c4b17-6a15-46c7-96b8-47a7c8852420}, !- Handle
  RetailStandalone FrontEntry_FanSched Summer Design Day, !- Name
  {096af5c0-3a24-41ac-a11f-a7a868822126}, !- Schedule Type Limits Name
  ,                                       !- Interpolate to Timestep
  24,                                     !- Hour 1
  0,                                      !- Minute 1
  1;                                      !- Value Until Time 1

OS:Fan:ConstantVolume,
  {2cef798d-29cb-436d-a564-df42765d671f}, !- Handle
  Front_Entry ZN UnitHeater Fan,          !- Name
  {0b287109-5f46-41a9-b978-5f068b3c60ed}, !- Availability Schedule Name
  0.58175,                                !- Fan Total Efficiency
  1110.537996344,                         !- Pressure Rise {Pa}
  AutoSize,                               !- Maximum Flow Rate {m3/s}
  0.895,                                  !- Motor Efficiency
  1,                                      !- Motor In Airstream Fraction
  ,                                       !- Air Inlet Node Name
  ,                                       !- Air Outlet Node Name
  ;                                       !- End-Use Subcategory

OS:Coil:Heating:Gas,
  {f23c18ce-1000-4d80-a4ff-4e4131b52107}, !- Handle
  Front_Entry ZN UnitHeater Gas Htg Coil 299kBtu/hr 0.8 Combustion Eff, !- Name
  {0b287109-5f46-41a9-b978-5f068b3c60ed}, !- Availability Schedule Name
  0.793,                                  !- Gas Burner Efficiency
  AutoSize,                               !- Nominal Capacity {W}
  ,                                       !- Air Inlet Node Name
  ,                                       !- Air Outlet Node Name
  ,                                       !- Temperature Setpoint Node Name
  0,                                      !- On Cycle Parasitic Electric Load {W}
  ,                                       !- Part Load Fraction Correlation Curve Name
  0;                                      !- Off Cycle Parasitic Gas Load {W}

OS:ZoneHVAC:UnitHeater,
  {8b8038a0-37eb-4bd8-b274-36bf283ad61f}, !- Handle
  Front_Entry ZN Unit Heater,             !- Name
  {0b287109-5f46-41a9-b978-5f068b3c60ed}, !- Availability Schedule Name
  {3504c1e6-f31e-48ce-9ce9-437b55ff7d72}, !- Air Inlet Node Name
  {ead2654e-24ba-4f83-aa3e-9da3b3b9df46}, !- Air Outlet Node Name
  {2cef798d-29cb-436d-a564-df42765d671f}, !- Supply Air Fan Name
  autosize,                               !- Maximum Supply Air Flow Rate {m3/s}
  OnOff,                                  !- Fan Control Type
  {f23c18ce-1000-4d80-a4ff-4e4131b52107}, !- Heating Coil Name
  autosize,                               !- Maximum Hot Water Flow Rate {m3/s}
  0,                                      !- Minimum Hot Water Flow Rate {m3/s}
  0.001,                                  !- Heating Convergence Tolerance
  ;                                       !- Availability Manager List Name

OS:Node,
  {611b988e-cbff-492b-8095-5c9c3f1c7b3c}, !- Handle
  Front_Entry ZN Unit Heater Inlet Air Node, !- Name
  {bf252ac8-43bd-4368-93a9-4153abf86e2a}, !- Inlet Port
  {3504c1e6-f31e-48ce-9ce9-437b55ff7d72}; !- Outlet Port

OS:Connection,
  {bf252ac8-43bd-4368-93a9-4153abf86e2a}, !- Handle
  {fa3f6bf3-d855-4843-a573-ed95425e1785}, !- Source Object
  2,                                      !- Outlet Port
  {611b988e-cbff-492b-8095-5c9c3f1c7b3c}, !- Target Object
  2;                                      !- Inlet Port

OS:Connection,
  {3504c1e6-f31e-48ce-9ce9-437b55ff7d72}, !- Handle
  {611b988e-cbff-492b-8095-5c9c3f1c7b3c}, !- Source Object
  3,                                      !- Outlet Port
  {8b8038a0-37eb-4bd8-b274-36bf283ad61f}, !- Target Object
  3;                                      !- Inlet Port

OS:Node,
  {2b02f6e5-2c3c-4dec-9c3f-1bdb9c39389f}, !- Handle
  Front_Entry ZN Unit Heater Outlet Air Node, !- Name
  {ead2654e-24ba-4f83-aa3e-9da3b3b9df46}, !- Inlet Port
  {6aae3672-f6de-48e2-8d03-ab62de6aa9dd}; !- Outlet Port

OS:Connection,
  {6aae3672-f6de-48e2-8d03-ab62de6aa9dd}, !- Handle
  {2b02f6e5-2c3c-4dec-9c3f-1bdb9c39389f}, !- Source Object
  3,                                      !- Outlet Port
  {48dd831b-02a4-4943-8740-d68ec9530bef}, !- Target Object
  2;                                      !- Inlet Port

OS:Connection,
  {ead2654e-24ba-4f83-aa3e-9da3b3b9df46}, !- Handle
  {8b8038a0-37eb-4bd8-b274-36bf283ad61f}, !- Source Object
  4,                                      !- Outlet Port
  {2b02f6e5-2c3c-4dec-9c3f-1bdb9c39389f}, !- Target Object
  2;                                      !- Inlet Port

OS:Material:NoMass,
  {c174c0b6-d149-4155-a46a-0c540a686765}, !- Handle
  CP02 CARPET PAD,                        !- Name
  VeryRough,                              !- Roughness
  0.21648,                                !- Thermal Resistance {m2-K/W}
  0.9,                                    !- Thermal Absorptance
  0.7,                                    !- Solar Absorptance
  0.8;                                    !- Visible Absorptance

OS:Material,
  {111e0b8c-332d-4aee-b3d6-cf2950f450fa}, !- Handle
  100mm Normalweight concrete floor,      !- Name
  MediumSmooth,                           !- Roughness
  0.1016,                                 !- Thickness {m}
  2.31,                                   !- Conductivity {W/m-K}
  2322,                                   !- Density {kg/m3}
  832;                                    !- Specific Heat {J/kg-K}

OS:Material:NoMass,
  {99eeae9a-4d72-44c3-a1e4-d0fe43f8073d}, !- Handle
  Nonres_Floor_Insulation,                !- Name
  MediumSmooth,                           !- Roughness
  2.88291975297193,                       !- Thermal Resistance {m2-K/W}
  0.9,                                    !- Thermal Absorptance
  0.7,                                    !- Solar Absorptance
  0.7;                                    !- Visible Absorptance

OS:Material,
  {bb24d357-6835-4024-ab61-b41b024eee44}, !- Handle
  G01 13mm gypsum board,                  !- Name
  Smooth,                                 !- Roughness
  0.0127,                                 !- Thickness {m}
  0.16,                                   !- Conductivity {W/m-K}
  800,                                    !- Density {kg/m3}
  1090,                                   !- Specific Heat {J/kg-K}
  0.9,                                    !- Thermal Absorptance
  0.7,                                    !- Solar Absorptance
  0.5;                                    !- Visible Absorptance

OS:Material:NoMass,
  {1b3e5f88-31b5-46af-a560-b5e77977a89c}, !- Handle
  CP02 CARPET PAD 1,                      !- Name
  VeryRough,                              !- Roughness
  0.21648,                                !- Thermal Resistance {m2-K/W}
  0.9,                                    !- Thermal Absorptance
  0.7,                                    !- Solar Absorptance
  0.8;                                    !- Visible Absorptance

OS:Material,
  {a7aeac35-689d-4c5e-8c43-d8fa28f037ac}, !- Handle
  M10 200mm concrete block basement wall, !- Name
  MediumRough,                            !- Roughness
  0.2032,                                 !- Thickness {m}
  1.326,                                  !- Conductivity {W/m-K}
  1842,                                   !- Density {kg/m3}
  912;                                    !- Specific Heat {J/kg-K}

OS:Construction:FfactorGroundFloor,
  {2b6b95d3-6a97-48f5-bde6-842649b0e901}, !- Handle
  Foundation F 126 Perim 5854 Area 160048, !- Name
  1.26343630645112,                       !- F-Factor {W/m-K}
  1600.4829,                              !- Area {m2}
  58.54;                                  !- PerimeterExposed {m}

OS:Construction:FfactorGroundFloor,
  {a992d7d4-7d33-4928-89b1-b9fb6f20ef56}, !- Handle
  Foundation F 126 Perim 6827 Area 37989, !- Name
  1.26343630645112,                       !- F-Factor {W/m-K}
  379.89,                                 !- Area {m2}
  68.27;                                  !- PerimeterExposed {m}

OS:Construction:FfactorGroundFloor,
  {f30513b3-d016-40fc-975b-331805efbf82}, !- Handle
  Foundation F 126 Perim 3114 Area 15081, !- Name
  1.26343630645112,                       !- F-Factor {W/m-K}
  150.81,                                 !- Area {m2}
  31.135;                                 !- PerimeterExposed {m}

OS:Construction:FfactorGroundFloor,
  {432ee6c8-fc43-42ea-b8fa-37a1a564500c}, !- Handle
  Foundation F 126 Perim 40 Area 120,     !- Name
  1.26343630645112,                       !- F-Factor {W/m-K}
  12,                                     !- Area {m2}
  4;                                      !- PerimeterExposed {m}

OS:DefaultConstructionSet,
  {bb7e6b03-0755-4932-9de0-f67b26599497}, !- Handle
  90.1-2004 - Retail - ASHRAE 169-2013-5A, !- Name
  {aed8fdec-7821-4719-9e57-a6dd468779a1}, !- Default Exterior Surface Constructions Name
  {8416b5fc-1608-4d56-b227-35bed3a88e38}, !- Default Interior Surface Constructions Name
  {da8c3135-c53d-4873-92a3-9a30ef9dc06d}, !- Default Ground Contact Surface Constructions Name
  {31c384de-8d8e-4dcc-af39-55cd17e1c2b4}, !- Default Exterior SubSurface Constructions Name
  {65a66dec-04e3-49a7-8537-450373b91cb2}, !- Default Interior SubSurface Constructions Name
  {e4576a2a-149e-4b64-8f15-808dbbb93169}, !- Interior Partition Construction Name
  ,                                       !- Space Shading Construction Name
  ,                                       !- Building Shading Construction Name
  ,                                       !- Site Shading Construction Name
  ;                                       !- Adiabatic Surface Construction Name

OS:DefaultSurfaceConstructions,
  {aed8fdec-7821-4719-9e57-a6dd468779a1}, !- Handle
  Default Surface Constructions 1,        !- Name
  {4b687078-3fec-43f8-9400-eb715e29c564}, !- Floor Construction Name
  {57d202eb-cd28-4203-b130-62c36feaadee}, !- Wall Construction Name
  {255a89e6-878d-4791-9691-09bcd427b7d2}; !- Roof Ceiling Construction Name

OS:Construction,
  {4b687078-3fec-43f8-9400-eb715e29c564}, !- Handle
  Typical Insulated Exterior Mass Floor R-11.49, !- Name
  ,                                       !- Surface Rendering Name
  {c325ca1f-4c01-405c-b1dd-d564b1a1221c}, !- Layer 1
  {91bf5a8a-f7cf-4b9a-8668-af64fdfb720b}, !- Layer 2
  {731222c9-3839-49f3-ab81-305cdcc27c6e}; !- Layer 3

OS:Material:NoMass,
  {c325ca1f-4c01-405c-b1dd-d564b1a1221c}, !- Handle
  Typical Insulation R-8.93,              !- Name
  Smooth,                                 !- Roughness
  1.57183221366242,                       !- Thermal Resistance {m2-K/W}
  0.9,                                    !- Thermal Absorptance
  0.7,                                    !- Solar Absorptance
  0.7;                                    !- Visible Absorptance

OS:Material,
  {91bf5a8a-f7cf-4b9a-8668-af64fdfb720b}, !- Handle
  4 in. Normalweight Concrete Floor,      !- Name
  MediumRough,                            !- Roughness
  0.1016,                                 !- Thickness {m}
  2.31,                                   !- Conductivity {W/m-K}
  2321.99999999999,                       !- Density {kg/m3}
  831.999999999997,                       !- Specific Heat {J/kg-K}
  0.9,                                    !- Thermal Absorptance
  0.7,                                    !- Solar Absorptance
  0.7;                                    !- Visible Absorptance

OS:Material:NoMass,
  {731222c9-3839-49f3-ab81-305cdcc27c6e}, !- Handle
  Typical Carpet Pad,                     !- Name
  Smooth,                                 !- Roughness
  0.216479986995276,                      !- Thermal Resistance {m2-K/W}
  0.9,                                    !- Thermal Absorptance
  0.7,                                    !- Solar Absorptance
  0.8;                                    !- Visible Absorptance

OS:StandardsInformation:Construction,
  {86b8c2f1-85fe-4dd7-a098-19bdfd753925}, !- Handle
  {4b687078-3fec-43f8-9400-eb715e29c564}, !- Construction Name
  ExteriorFloor,                          !- Intended Surface Type
  Mass;                                   !- Standards Construction Type

OS:Construction,
  {57d202eb-cd28-4203-b130-62c36feaadee}, !- Handle
  Typical Insulated Exterior Mass Wall R-8.13, !- Name
  ,                                       !- Surface Rendering Name
  {5bf173e7-8c18-4d1b-bda5-18edf6d79333}, !- Layer 1
  {e7f2973d-c355-4b90-ad93-243b65e91a16}, !- Layer 2
  {192e3b12-6439-4334-9402-74d0ebf98e97}, !- Layer 3
  {04934fbe-1a3d-4e7b-a7e6-703d0ac9c3ce}; !- Layer 4

OS:Material,
  {5bf173e7-8c18-4d1b-bda5-18edf6d79333}, !- Handle
  1IN Stucco,                             !- Name
  Smooth,                                 !- Roughness
  0.0253,                                 !- Thickness {m}
  0.691799999999999,                      !- Conductivity {W/m-K}
  1858,                                   !- Density {kg/m3}
  836.999999999999,                       !- Specific Heat {J/kg-K}
  0.9,                                    !- Thermal Absorptance
  0.7,                                    !- Solar Absorptance
  0.92;                                   !- Visible Absorptance

OS:Material,
  {e7f2973d-c355-4b90-ad93-243b65e91a16}, !- Handle
  8IN CONCRETE HW RefBldg,                !- Name
  Rough,                                  !- Roughness
  0.2032,                                 !- Thickness {m}
  1.311,                                  !- Conductivity {W/m-K}
  2240,                                   !- Density {kg/m3}
  836.800000000001,                       !- Specific Heat {J/kg-K}
  0.9,                                    !- Thermal Absorptance
  0.7,                                    !- Solar Absorptance
  0.7;                                    !- Visible Absorptance

OS:Material:NoMass,
  {192e3b12-6439-4334-9402-74d0ebf98e97}, !- Handle
  Typical Insulation R-5.74,              !- Name
  Smooth,                                 !- Roughness
  1.01115400561992,                       !- Thermal Resistance {m2-K/W}
  0.9,                                    !- Thermal Absorptance
  0.7,                                    !- Solar Absorptance
  0.7;                                    !- Visible Absorptance

OS:Material,
  {04934fbe-1a3d-4e7b-a7e6-703d0ac9c3ce}, !- Handle
  1/2IN Gypsum,                           !- Name
  Smooth,                                 !- Roughness
  0.0127,                                 !- Thickness {m}
  0.16,                                   !- Conductivity {W/m-K}
  784.9,                                  !- Density {kg/m3}
  830.000000000001,                       !- Specific Heat {J/kg-K}
  0.9,                                    !- Thermal Absorptance
  0.4,                                    !- Solar Absorptance
  0.4;                                    !- Visible Absorptance

OS:StandardsInformation:Construction,
  {0750d6a5-1aa7-45c7-b939-3213d941f60c}, !- Handle
  {57d202eb-cd28-4203-b130-62c36feaadee}, !- Construction Name
  ExteriorWall,                           !- Intended Surface Type
  Mass;                                   !- Standards Construction Type

OS:Construction,
  {255a89e6-878d-4791-9691-09bcd427b7d2}, !- Handle
  Typical IEAD Roof R-15.87,              !- Name
  ,                                       !- Surface Rendering Name
  {5db2c748-11d5-4f43-a9c5-3d09aa61a111}, !- Layer 1
  {f8e577ed-aea6-4315-9df8-f6958629cd4d}, !- Layer 2
  {31dfdc3a-af43-41ca-8b57-af8d072d21fa}; !- Layer 3

OS:Material,
  {5db2c748-11d5-4f43-a9c5-3d09aa61a111}, !- Handle
  Roof Membrane,                          !- Name
  VeryRough,                              !- Roughness
  0.0095,                                 !- Thickness {m}
  0.16,                                   !- Conductivity {W/m-K}
  1121.29,                                !- Density {kg/m3}
  1460,                                   !- Specific Heat {J/kg-K}
  0.9,                                    !- Thermal Absorptance
  0.7,                                    !- Solar Absorptance
  0.7;                                    !- Visible Absorptance

OS:Material:NoMass,
  {f8e577ed-aea6-4315-9df8-f6958629cd4d}, !- Handle
  Typical Insulation R-14.76,             !- Name
  Smooth,                                 !- Roughness
  2.59864112987226,                       !- Thermal Resistance {m2-K/W}
  0.9,                                    !- Thermal Absorptance
  0.7,                                    !- Solar Absorptance
  0.7;                                    !- Visible Absorptance

OS:Material,
  {31dfdc3a-af43-41ca-8b57-af8d072d21fa}, !- Handle
  Metal Roof Surface,                     !- Name
  Smooth,                                 !- Roughness
  0.000799999999999998,                   !- Thickness {m}
  45.2799999999999,                       !- Conductivity {W/m-K}
  7823.99999999999,                       !- Density {kg/m3}
  499.999999999996,                       !- Specific Heat {J/kg-K}
  0.9,                                    !- Thermal Absorptance
  0.7,                                    !- Solar Absorptance
  0.7;                                    !- Visible Absorptance

OS:StandardsInformation:Construction,
  {0f40b2ab-5d42-4aa9-8be9-005d5801b851}, !- Handle
  {255a89e6-878d-4791-9691-09bcd427b7d2}, !- Construction Name
  ExteriorRoof,                           !- Intended Surface Type
  IEAD;                                   !- Standards Construction Type

OS:DefaultSurfaceConstructions,
  {8416b5fc-1608-4d56-b227-35bed3a88e38}, !- Handle
  Default Surface Constructions 2,        !- Name
  {7f0caed1-3cf3-40c2-9e8a-4473b5cd9fad}, !- Floor Construction Name
  {4a99b796-9574-4a6c-a922-84b0d4314fda}, !- Wall Construction Name
  {a58d81e3-197e-4976-8899-390344b390d6}; !- Roof Ceiling Construction Name

OS:Construction,
  {7f0caed1-3cf3-40c2-9e8a-4473b5cd9fad}, !- Handle
  Typical Interior Floor,                 !- Name
  ,                                       !- Surface Rendering Name
  {111e0b8c-332d-4aee-b3d6-cf2950f450fa}, !- Layer 1
  {c174c0b6-d149-4155-a46a-0c540a686765}; !- Layer 2

OS:StandardsInformation:Construction,
  {a0fd798b-5677-4e19-a0f1-dd6870e3e5d6}, !- Handle
  {7f0caed1-3cf3-40c2-9e8a-4473b5cd9fad}, !- Construction Name
  InteriorFloor,                          !- Intended Surface Type
  ;                                       !- Standards Construction Type

OS:Construction,
  {4a99b796-9574-4a6c-a922-84b0d4314fda}, !- Handle
  Typical Interior Wall,                  !- Name
  ,                                       !- Surface Rendering Name
  {bb24d357-6835-4024-ab61-b41b024eee44}, !- Layer 1
  {bb24d357-6835-4024-ab61-b41b024eee44}; !- Layer 2

OS:StandardsInformation:Construction,
  {78537d72-51f2-4ab2-a59e-253ffb11a2f2}, !- Handle
  {4a99b796-9574-4a6c-a922-84b0d4314fda}, !- Construction Name
  InteriorWall,                           !- Intended Surface Type
  ;                                       !- Standards Construction Type

OS:Construction,
  {a58d81e3-197e-4976-8899-390344b390d6}, !- Handle
  Typical Interior Ceiling,               !- Name
  ,                                       !- Surface Rendering Name
  {c174c0b6-d149-4155-a46a-0c540a686765}, !- Layer 1
  {111e0b8c-332d-4aee-b3d6-cf2950f450fa}; !- Layer 2

OS:StandardsInformation:Construction,
  {53ac85c0-662f-4871-829b-047fd7692c7e}, !- Handle
  {a58d81e3-197e-4976-8899-390344b390d6}, !- Construction Name
  InteriorCeiling,                        !- Intended Surface Type
  ;                                       !- Standards Construction Type

OS:DefaultSurfaceConstructions,
  {da8c3135-c53d-4873-92a3-9a30ef9dc06d}, !- Handle
  Default Surface Constructions 3,        !- Name
  {89a4428f-d392-4999-b20c-8ccce3b2f0aa}, !- Floor Construction Name
  {15c9b362-0cb7-41cc-b2ca-f0698d2dbf5f}, !- Wall Construction Name
  ;                                       !- Roof Ceiling Construction Name

OS:Construction,
  {89a4428f-d392-4999-b20c-8ccce3b2f0aa}, !- Handle
  Typical Insulated Carpeted 6in Slab Floor, !- Name
  ,                                       !- Surface Rendering Name
  {cb540928-22e5-4fc5-ba24-ed08ca85ae21}, !- Layer 1
  {731222c9-3839-49f3-ab81-305cdcc27c6e}; !- Layer 2

OS:Material:NoMass,
  {e0fa6d51-2e60-46d2-bb2a-f45258d78923}, !- Handle
  Typical Insulation R-0.58,              !- Name
  Smooth,                                 !- Roughness
  0.101874652714525,                      !- Thermal Resistance {m2-K/W}
  0.9,                                    !- Thermal Absorptance
  0.7,                                    !- Solar Absorptance
  0.7;                                    !- Visible Absorptance

OS:Material,
  {cb540928-22e5-4fc5-ba24-ed08ca85ae21}, !- Handle
  6 in. Normalweight Concrete Floor,      !- Name
  MediumRough,                            !- Roughness
  0.1524,                                 !- Thickness {m}
  2.31,                                   !- Conductivity {W/m-K}
  2321.99999999999,                       !- Density {kg/m3}
  831.999999999997,                       !- Specific Heat {J/kg-K}
  0.9,                                    !- Thermal Absorptance
  0.7,                                    !- Solar Absorptance
  0.7;                                    !- Visible Absorptance

OS:StandardsInformation:Construction,
  {b5dc169b-736c-4b7a-a667-96cb3a1f981c}, !- Handle
  {89a4428f-d392-4999-b20c-8ccce3b2f0aa}, !- Construction Name
  GroundContactFloor,                     !- Intended Surface Type
  Mass;                                   !- Standards Construction Type

OS:Construction,
  {15c9b362-0cb7-41cc-b2ca-f0698d2dbf5f}, !- Handle
  Typical Insulated Basement Mass Wall,   !- Name
  ,                                       !- Surface Rendering Name
  {d9a00004-a5b4-4a9e-9c83-8602b888faa3}; !- Layer 1

OS:Material,
  {d9a00004-a5b4-4a9e-9c83-8602b888faa3}, !- Handle
  8 in. Concrete Block Basement Wall,     !- Name
  MediumRough,                            !- Roughness
  0.2032,                                 !- Thickness {m}
  1.326,                                  !- Conductivity {W/m-K}
  1841.99999999999,                       !- Density {kg/m3}
  911.999999999999,                       !- Specific Heat {J/kg-K}
  0.9,                                    !- Thermal Absorptance
  0.7,                                    !- Solar Absorptance
  0.7;                                    !- Visible Absorptance

OS:StandardsInformation:Construction,
  {948675cd-ce88-40fa-86b7-3ddd77c74ffe}, !- Handle
  {15c9b362-0cb7-41cc-b2ca-f0698d2dbf5f}, !- Construction Name
  GroundContactWall,                      !- Intended Surface Type
  Mass;                                   !- Standards Construction Type

OS:DefaultSubSurfaceConstructions,
  {31c384de-8d8e-4dcc-af39-55cd17e1c2b4}, !- Handle
  Default Sub Surface Constructions 1,    !- Name
  {d5b48d31-15b6-491d-8ef3-d1e401f7c504}, !- Fixed Window Construction Name
  {d5b48d31-15b6-491d-8ef3-d1e401f7c504}, !- Operable Window Construction Name
  {42d4bf46-4bd5-4367-b21d-6de776d31584}, !- Door Construction Name
  {d5b48d31-15b6-491d-8ef3-d1e401f7c504}, !- Glass Door Construction Name
  {cd590182-b179-4f95-83fd-726599dba852}, !- Overhead Door Construction Name
  {46213f46-0821-40a5-97ea-e846b91c9c0c}, !- Skylight Construction Name
  {e30ad0c0-7e0c-451c-a2d5-33597d1671f7}, !- Tubular Daylight Dome Construction Name
  {e30ad0c0-7e0c-451c-a2d5-33597d1671f7}; !- Tubular Daylight Diffuser Construction Name

OS:Construction,
  {d5b48d31-15b6-491d-8ef3-d1e401f7c504}, !- Handle
  U 0.57 SHGC 0.49 Dbl Blue 6mm/6mm Air,  !- Name
  ,                                       !- Surface Rendering Name
  {1266af0b-3c54-455f-ada7-79f4d6a11aa4}, !- Layer 1
  {18d162f6-0df3-4487-af82-f5d734442824}, !- Layer 2
  {e0b3475e-b39a-4a99-95b7-7c14562ddb93}; !- Layer 3

OS:WindowMaterial:Glazing,
  {1266af0b-3c54-455f-ada7-79f4d6a11aa4}, !- Handle
  BLUE 6MM,                               !- Name
  SpectralAverage,                        !- Optical Data Type
  ,                                       !- Window Glass Spectral Data Set Name
  0.00599999999999998,                    !- Thickness {m}
  0.48,                                   !- Solar Transmittance at Normal Incidence
  0.05,                                   !- Front Side Solar Reflectance at Normal Incidence
  0.05,                                   !- Back Side Solar Reflectance at Normal Incidence
  0.57,                                   !- Visible Transmittance at Normal Incidence
  0.06,                                   !- Front Side Visible Reflectance at Normal Incidence
  0.06,                                   !- Back Side Visible Reflectance at Normal Incidence
  0,                                      !- Infrared Transmittance at Normal Incidence
  0.84,                                   !- Front Side Infrared Hemispherical Emissivity
  0.84,                                   !- Back Side Infrared Hemispherical Emissivity
  0.9,                                    !- Conductivity {W/m-K}
  1,                                      !- Dirt Correction Factor for Solar and Visible Transmittance
  No;                                     !- Solar Diffusing

OS:WindowMaterial:Gas,
  {18d162f6-0df3-4487-af82-f5d734442824}, !- Handle
  AIR 6MM,                                !- Name
  Air,                                    !- Gas Type
  0.0063;                                 !- Thickness {m}

OS:WindowMaterial:Glazing,
  {e0b3475e-b39a-4a99-95b7-7c14562ddb93}, !- Handle
  CLEAR 6MM,                              !- Name
  SpectralAverage,                        !- Optical Data Type
  ,                                       !- Window Glass Spectral Data Set Name
  0.00599999999999998,                    !- Thickness {m}
  0.775,                                  !- Solar Transmittance at Normal Incidence
  0.071,                                  !- Front Side Solar Reflectance at Normal Incidence
  0.071,                                  !- Back Side Solar Reflectance at Normal Incidence
  0.881,                                  !- Visible Transmittance at Normal Incidence
  0.08,                                   !- Front Side Visible Reflectance at Normal Incidence
  0.08,                                   !- Back Side Visible Reflectance at Normal Incidence
  0,                                      !- Infrared Transmittance at Normal Incidence
  0.84,                                   !- Front Side Infrared Hemispherical Emissivity
  0.84,                                   !- Back Side Infrared Hemispherical Emissivity
  0.9,                                    !- Conductivity {W/m-K}
  1,                                      !- Dirt Correction Factor for Solar and Visible Transmittance
  No;                                     !- Solar Diffusing

OS:StandardsInformation:Construction,
  {1e0c219e-cf71-4357-803f-aefb75d3787c}, !- Handle
  {d5b48d31-15b6-491d-8ef3-d1e401f7c504}, !- Construction Name
  ExteriorWindow,                         !- Intended Surface Type
  Metal framing (all other),              !- Standards Construction Type
  ,                                       !- Perturbable Layer
  ,                                       !- Perturbable Layer Type
  ,                                       !- Other Perturbable Layer Type
  ,                                       !- Construction Standard
  ,                                       !- Construction Standard Source
  ,                                       !- Fenestration Type
  ,                                       !- Fenestration Assembly Context
  ,                                       !- Fenestration Number of Panes
  Metal Framing;                          !- Fenestration Frame Type

OS:Construction,
  {42d4bf46-4bd5-4367-b21d-6de776d31584}, !- Handle
  Typical Insulated Metal Door R-1.43,    !- Name
  ,                                       !- Surface Rendering Name
  {505e9f14-703d-4bfa-9a5a-baf25220bc9e}, !- Layer 1
  {e0fa6d51-2e60-46d2-bb2a-f45258d78923}; !- Layer 2

OS:Material,
  {505e9f14-703d-4bfa-9a5a-baf25220bc9e}, !- Handle
  F08 Metal surface,                      !- Name
  Smooth,                                 !- Roughness
  0.0008,                                 !- Thickness {m}
  45.2800000000001,                       !- Conductivity {W/m-K}
  7823.99999999999,                       !- Density {kg/m3}
  500,                                    !- Specific Heat {J/kg-K}
  0.9,                                    !- Thermal Absorptance
  0.7,                                    !- Solar Absorptance
  0.7;                                    !- Visible Absorptance

OS:StandardsInformation:Construction,
  {5b80abb0-4354-472d-9716-10b4c4c111d9}, !- Handle
  {42d4bf46-4bd5-4367-b21d-6de776d31584}, !- Construction Name
  ExteriorDoor,                           !- Intended Surface Type
  ;                                       !- Standards Construction Type

OS:Construction,
  {cd590182-b179-4f95-83fd-726599dba852}, !- Handle
  Typical Overhead Door R-0.86,           !- Name
  ,                                       !- Surface Rendering Name
  {235ebffc-d31a-408e-a281-bce0260ad4fb}; !- Layer 1

OS:Material:NoMass,
  {235ebffc-d31a-408e-a281-bce0260ad4fb}, !- Handle
  Typical Insulation R-0.01,              !- Name
  Smooth,                                 !- Roughness
  0.001,                                  !- Thermal Resistance {m2-K/W}
  0.9,                                    !- Thermal Absorptance
  0.7,                                    !- Solar Absorptance
  0.7;                                    !- Visible Absorptance

OS:StandardsInformation:Construction,
  {be64b3ee-d728-4958-ab80-90568c94b4ac}, !- Handle
  {cd590182-b179-4f95-83fd-726599dba852}, !- Construction Name
  ExteriorDoor,                           !- Intended Surface Type
  RollUp;                                 !- Standards Construction Type

OS:Construction,
  {46213f46-0821-40a5-97ea-e846b91c9c0c}, !- Handle
  U 1.17 SHGC 0.49 Simple Glazing Skylight U-1.17 SHGC 0.0, !- Name
  ,                                       !- Surface Rendering Name
  {b6ac1556-3596-400e-b43d-a484b76eb6e5}; !- Layer 1

OS:WindowMaterial:SimpleGlazingSystem,
  {b6ac1556-3596-400e-b43d-a484b76eb6e5}, !- Handle
  U 1.17 SHGC 0.49 Simple Glazing U-1.17 SHGC 0.0, !- Name
  6.64356810910278,                       !- U-Factor {W/m2-K}
  0.49,                                   !- Solar Heat Gain Coefficient
  0.38;                                   !- Visible Transmittance

OS:StandardsInformation:Construction,
  {c28f51fd-498f-4247-992e-cbe63459c77d}, !- Handle
  {46213f46-0821-40a5-97ea-e846b91c9c0c}, !- Construction Name
  ,                                       !- Intended Surface Type
  ;                                       !- Standards Construction Type

OS:Construction,
  {e30ad0c0-7e0c-451c-a2d5-33597d1671f7}, !- Handle
  Typical Interior Window,                !- Name
  ,                                       !- Surface Rendering Name
  {4b938d65-bc77-44d4-980b-2375f7c463bc}; !- Layer 1

OS:WindowMaterial:Glazing,
  {4b938d65-bc77-44d4-980b-2375f7c463bc}, !- Handle
  Clear 3mm,                              !- Name
  SpectralAverage,                        !- Optical Data Type
  ,                                       !- Window Glass Spectral Data Set Name
  0.00299999999999999,                    !- Thickness {m}
  0.837,                                  !- Solar Transmittance at Normal Incidence
  0.075,                                  !- Front Side Solar Reflectance at Normal Incidence
  0.075,                                  !- Back Side Solar Reflectance at Normal Incidence
  0.898,                                  !- Visible Transmittance at Normal Incidence
  0.081,                                  !- Front Side Visible Reflectance at Normal Incidence
  0.081,                                  !- Back Side Visible Reflectance at Normal Incidence
  0,                                      !- Infrared Transmittance at Normal Incidence
  0.84,                                   !- Front Side Infrared Hemispherical Emissivity
  0.84,                                   !- Back Side Infrared Hemispherical Emissivity
  0.9,                                    !- Conductivity {W/m-K}
  1,                                      !- Dirt Correction Factor for Solar and Visible Transmittance
  No;                                     !- Solar Diffusing

OS:StandardsInformation:Construction,
  {10eb3283-dade-4f49-af73-cef9a5034837}, !- Handle
  {e30ad0c0-7e0c-451c-a2d5-33597d1671f7}, !- Construction Name
  InteriorWindow,                         !- Intended Surface Type
  ;                                       !- Standards Construction Type

OS:DefaultSubSurfaceConstructions,
  {65a66dec-04e3-49a7-8537-450373b91cb2}, !- Handle
  Default Sub Surface Constructions 2,    !- Name
  {e30ad0c0-7e0c-451c-a2d5-33597d1671f7}, !- Fixed Window Construction Name
  {e30ad0c0-7e0c-451c-a2d5-33597d1671f7}, !- Operable Window Construction Name
  {cefd618f-22d2-4f3f-a7e2-d2295bbf2539}, !- Door Construction Name
  ,                                       !- Glass Door Construction Name
  ,                                       !- Overhead Door Construction Name
  ,                                       !- Skylight Construction Name
  ,                                       !- Tubular Daylight Dome Construction Name
  ;                                       !- Tubular Daylight Diffuser Construction Name

OS:Construction,
  {cefd618f-22d2-4f3f-a7e2-d2295bbf2539}, !- Handle
  Typical Interior Door,                  !- Name
  ,                                       !- Surface Rendering Name
  {ad25abab-d1e5-4380-a0e2-757440177f2b}; !- Layer 1

OS:Material,
  {ad25abab-d1e5-4380-a0e2-757440177f2b}, !- Handle
  G05 25mm wood,                          !- Name
  MediumSmooth,                           !- Roughness
  0.0254,                                 !- Thickness {m}
  0.15,                                   !- Conductivity {W/m-K}
  608,                                    !- Density {kg/m3}
  1630,                                   !- Specific Heat {J/kg-K}
  0.9,                                    !- Thermal Absorptance
  0.5,                                    !- Solar Absorptance
  0.5;                                    !- Visible Absorptance

OS:StandardsInformation:Construction,
  {aa2740da-9140-4773-9bf7-230d47912099}, !- Handle
  {cefd618f-22d2-4f3f-a7e2-d2295bbf2539}, !- Construction Name
  InteriorDoor,                           !- Intended Surface Type
  ;                                       !- Standards Construction Type

OS:Construction,
  {e4576a2a-149e-4b64-8f15-808dbbb93169}, !- Handle
  Typical Interior Partition,             !- Name
  ,                                       !- Surface Rendering Name
  {ad25abab-d1e5-4380-a0e2-757440177f2b}; !- Layer 1

OS:StandardsInformation:Construction,
  {5f9879c0-7e59-46d5-b9ad-15f1be061e82}, !- Handle
  {e4576a2a-149e-4b64-8f15-808dbbb93169}, !- Construction Name
  InteriorPartition,                      !- Intended Surface Type
  ;                                       !- Standards Construction Type

OS:SpaceInfiltration:DesignFlowRate,
  {338c6197-1bfe-44ed-80e5-8802f1047d51}, !- Handle
  Entry door Infiltration,                !- Name
  {7f004107-3619-4e77-8241-17e92dc82fb2}, !- Space or SpaceType Name
  {225a3653-5756-4014-900a-6b9dacfe54cc}, !- Schedule Name
  Flow/Space,                             !- Design Flow Rate Calculation Method
  1.418672682,                            !- Design Flow Rate {m3/s}
  ,                                       !- Flow per Space Floor Area {m3/s-m2}
  ,                                       !- Flow per Exterior Surface Area {m3/s-m2}
  ,                                       !- Air Changes per Hour {1/hr}
  1,                                      !- Constant Term Coefficient
  0,                                      !- Temperature Term Coefficient
  0,                                      !- Velocity Term Coefficient
  0;                                      !- Velocity Squared Term Coefficient

OS:Schedule:Ruleset,
  {225a3653-5756-4014-900a-6b9dacfe54cc}, !- Handle
  RetailStandalone INFIL_Door_Opening_SCH, !- Name
  {f61a7542-1282-4583-8387-aeb662f19b86}, !- Schedule Type Limits Name
  {b78d1e1c-234f-4f65-9275-ca985e64acc6}, !- Default Day Schedule Name
  {fd8c5f8d-438b-407a-8543-14217610ed62}, !- Summer Design Day Schedule Name
  {4fd253b6-1fe8-4073-84e7-af81f125e23e}; !- Winter Design Day Schedule Name

OS:Schedule:Day,
  {b78d1e1c-234f-4f65-9275-ca985e64acc6}, !- Handle
  RetailStandalone INFIL_Door_Opening_SCH Default, !- Name
  {f61a7542-1282-4583-8387-aeb662f19b86}, !- Schedule Type Limits Name
  ,                                       !- Interpolate to Timestep
  8,                                      !- Hour 1
  0,                                      !- Minute 1
  0,                                      !- Value Until Time 1
  12,                                     !- Hour 2
  0,                                      !- Minute 2
  0.144,                                  !- Value Until Time 2
  18,                                     !- Hour 3
  0,                                      !- Minute 3
  1,                                      !- Value Until Time 3
  20,                                     !- Hour 4
  0,                                      !- Minute 4
  0.144,                                  !- Value Until Time 4
  24,                                     !- Hour 5
  0,                                      !- Minute 5
  0;                                      !- Value Until Time 5

OS:Schedule:Day,
  {4fd253b6-1fe8-4073-84e7-af81f125e23e}, !- Handle
  RetailStandalone INFIL_Door_Opening_SCH Winter Design Day, !- Name
  {f61a7542-1282-4583-8387-aeb662f19b86}, !- Schedule Type Limits Name
  ,                                       !- Interpolate to Timestep
  8,                                      !- Hour 1
  0,                                      !- Minute 1
  0,                                      !- Value Until Time 1
  12,                                     !- Hour 2
  0,                                      !- Minute 2
  0.144,                                  !- Value Until Time 2
  18,                                     !- Hour 3
  0,                                      !- Minute 3
  1,                                      !- Value Until Time 3
  20,                                     !- Hour 4
  0,                                      !- Minute 4
  0.144,                                  !- Value Until Time 4
  24,                                     !- Hour 5
  0,                                      !- Minute 5
  0;                                      !- Value Until Time 5

OS:Schedule:Day,
  {fd8c5f8d-438b-407a-8543-14217610ed62}, !- Handle
  RetailStandalone INFIL_Door_Opening_SCH Summer Design Day, !- Name
  {f61a7542-1282-4583-8387-aeb662f19b86}, !- Schedule Type Limits Name
  ,                                       !- Interpolate to Timestep
  8,                                      !- Hour 1
  0,                                      !- Minute 1
  0,                                      !- Value Until Time 1
  12,                                     !- Hour 2
  0,                                      !- Minute 2
  0.144,                                  !- Value Until Time 2
  18,                                     !- Hour 3
  0,                                      !- Minute 3
  1,                                      !- Value Until Time 3
  20,                                     !- Hour 4
  0,                                      !- Minute 4
  0.144,                                  !- Value Until Time 4
  24,                                     !- Hour 5
  0,                                      !- Minute 5
  0;                                      !- Value Until Time 5

OS:Material,
  {5ec9ff69-eea2-40f4-b40b-c3fa19ea75c4}, !- Handle
  Std Wood 6inch,                         !- Name
  MediumSmooth,                           !- Roughness
  0.15,                                   !- Thickness {m}
  0.12,                                   !- Conductivity {W/m-K}
  540,                                    !- Density {kg/m3}
  1210,                                   !- Specific Heat {J/kg-K}
  0.9,                                    !- Thermal Absorptance
  0.7,                                    !- Solar Absorptance
  0.7;                                    !- Visible Absorptance

OS:Construction,
  {b28f8299-9fae-4002-9859-8fe404e51915}, !- Handle
  InteriorFurnishings,                    !- Name
  ,                                       !- Surface Rendering Name
  {5ec9ff69-eea2-40f4-b40b-c3fa19ea75c4}; !- Layer 1

OS:InternalMass:Definition,
  {e29549b5-d6d0-4343-9db8-2b549e050c20}, !- Handle
  Internal Mass Definition 1,             !- Name
  {b28f8299-9fae-4002-9859-8fe404e51915}, !- Construction Name
  SurfaceArea/Area,                       !- Design Level Calculation Method
  ,                                       !- Surface Area {m2}
  2,                                      !- Surface Area per Space Floor Area {dimensionless}
  ;                                       !- Surface Area per Person {m2/person}

OS:InternalMass,
  {704812ea-2a75-45b6-9b9e-caaa2bd7418d}, !- Handle
  Core_Retail Mass,                       !- Name
  {e29549b5-d6d0-4343-9db8-2b549e050c20}, !- Internal Mass Definition Name
  {e3918e2f-852e-438a-a248-c13d9fc146d0}, !- Space or SpaceType Name
  1;                                      !- Multiplier

OS:InternalMass,
  {2364a148-dbe2-4296-b7b6-d5d895eae6ed}, !- Handle
  Back_Space Mass,                        !- Name
  {e29549b5-d6d0-4343-9db8-2b549e050c20}, !- Internal Mass Definition Name
  {3d4b9ba5-883d-4fc8-bf66-520e25258a41}, !- Space or SpaceType Name
  1;                                      !- Multiplier

OS:InternalMass,
  {c48d5bd6-a738-4442-95e7-13ffec9f66f7}, !- Handle
  Front_Retail Mass,                      !- Name
  {e29549b5-d6d0-4343-9db8-2b549e050c20}, !- Internal Mass Definition Name
  {5e7c1d0f-985d-4e7c-870a-fc6c94988ab0}, !- Space or SpaceType Name
  1;                                      !- Multiplier

OS:InternalMass,
  {7c9a31a6-8836-43cc-8eb1-f1d5ccdcf8a6}, !- Handle
  Point_Of_Sale Mass,                     !- Name
  {e29549b5-d6d0-4343-9db8-2b549e050c20}, !- Internal Mass Definition Name
  {5e3f23ce-ce46-4ddb-aa00-f04cd954fb88}, !- Space or SpaceType Name
  1;                                      !- Multiplier

OS:PlantLoop,
  {e9e5e162-0e36-4ced-8a55-eb1e830b434b}, !- Handle
  Main Service Water Loop,                !- Name
  ,                                       !- Fluid Type
  0,                                      !- Glycol Concentration
  ,                                       !- User Defined Fluid Type
  ,                                       !- Plant Equipment Operation Heating Load
  ,                                       !- Plant Equipment Operation Cooling Load
  ,                                       !- Primary Plant Equipment Operation Scheme
  {23b69b56-8e90-4fa6-a590-9267bc5b5421}, !- Loop Temperature Setpoint Node Name
  60,                                     !- Maximum Loop Temperature {C}
  10,                                     !- Minimum Loop Temperature {C}
  ,                                       !- Maximum Loop Flow Rate {m3/s}
  ,                                       !- Minimum Loop Flow Rate {m3/s}
  Autocalculate,                          !- Plant Loop Volume {m3}
  {470873f2-21d9-46f5-8bf3-03a5c11f148a}, !- Plant Side Inlet Node Name
  {12cd5952-55dc-4393-b974-65669e218c52}, !- Plant Side Outlet Node Name
  ,                                       !- Plant Side Branch List Name
  {858285a2-f78e-451b-afec-75f5bc84ae42}, !- Demand Side Inlet Node Name
  {9566857b-c072-437a-bfe3-e6ffa6fe6465}, !- Demand Side Outlet Node Name
  ,                                       !- Demand Side Branch List Name
  ,                                       !- Demand Side Connector List Name
  Optimal,                                !- Load Distribution Scheme
  {a5bfacd4-3729-4ff6-ad0d-3904ad54bbee}, !- Availability Manager List Name
  ,                                       !- Plant Loop Demand Calculation Scheme
  ,                                       !- Common Pipe Simulation
  ,                                       !- Pressure Simulation Type
  ,                                       !- Plant Equipment Operation Heating Load Schedule
  ,                                       !- Plant Equipment Operation Cooling Load Schedule
  ,                                       !- Primary Plant Equipment Operation Scheme Schedule
  ,                                       !- Component Setpoint Operation Scheme Schedule
  {b8580d34-5f17-4378-b0c3-2c2622669e4e}, !- Demand Mixer Name
  {216e6dbd-edcc-4e69-b525-3c37b11cbf4d}, !- Demand Splitter Name
  {498a108c-df9b-4403-a717-82fc76ade88e}, !- Supply Mixer Name
  {1b0244a7-c50c-46bc-8826-0827687ddde1}; !- Supply Splitter Name

OS:Node,
  {4059409c-d1de-4ff8-a0d1-c584bbf55cae}, !- Handle
  Main Service Water Loop Supply Inlet Node, !- Name
  {470873f2-21d9-46f5-8bf3-03a5c11f148a}, !- Inlet Port
  {9f461c60-9b47-4f41-a919-34e8e5fa3a1a}; !- Outlet Port

OS:Node,
  {23b69b56-8e90-4fa6-a590-9267bc5b5421}, !- Handle
  Main Service Water Loop Supply Outlet Node, !- Name
  {74bd7ab7-31a4-4b2e-a3fe-5e83e014aaf9}, !- Inlet Port
  {12cd5952-55dc-4393-b974-65669e218c52}; !- Outlet Port

OS:Node,
  {c0cf0aac-1715-496f-a783-1f51ae181346}, !- Handle
  40gal Natural Gas Water Heater - 40kBtu/hr 0.82 Therm Eff Supply Inlet Water Node, !- Name
  {0abe3eb7-f726-426a-9f97-245bcfb047e5}, !- Inlet Port
  {10375037-fb87-4b37-9bf5-31bdb79ff444}; !- Outlet Port

OS:Connector:Mixer,
  {498a108c-df9b-4403-a717-82fc76ade88e}, !- Handle
  Connector Mixer 1,                      !- Name
  {531595a4-0f44-4b8d-92db-8cb762793adf}, !- Outlet Branch Name
  {4da321ff-d0ba-4618-8b45-f6f5a1817b57}, !- Inlet Branch Name 1
  {d19d9d8c-bdb7-49d9-8e34-d4cc040e644b}; !- Inlet Branch Name 2

OS:Connector:Splitter,
  {1b0244a7-c50c-46bc-8826-0827687ddde1}, !- Handle
  Connector Splitter 1,                   !- Name
  {194226c8-284a-4e6b-8e4e-1b78463c9157}, !- Inlet Branch Name
  {0abe3eb7-f726-426a-9f97-245bcfb047e5}, !- Outlet Branch Name 1
  {79b609de-8707-47b7-b3e8-8937729f64a8}; !- Outlet Branch Name 2

OS:Connection,
  {470873f2-21d9-46f5-8bf3-03a5c11f148a}, !- Handle
  {e9e5e162-0e36-4ced-8a55-eb1e830b434b}, !- Source Object
  14,                                     !- Outlet Port
  {4059409c-d1de-4ff8-a0d1-c584bbf55cae}, !- Target Object
  2;                                      !- Inlet Port

OS:Connection,
  {0abe3eb7-f726-426a-9f97-245bcfb047e5}, !- Handle
  {1b0244a7-c50c-46bc-8826-0827687ddde1}, !- Source Object
  3,                                      !- Outlet Port
  {c0cf0aac-1715-496f-a783-1f51ae181346}, !- Target Object
  2;                                      !- Inlet Port

OS:Connection,
  {12cd5952-55dc-4393-b974-65669e218c52}, !- Handle
  {23b69b56-8e90-4fa6-a590-9267bc5b5421}, !- Source Object
  3,                                      !- Outlet Port
  {e9e5e162-0e36-4ced-8a55-eb1e830b434b}, !- Target Object
  15;                                     !- Inlet Port

OS:Node,
  {139f5e05-e8be-4678-9b52-b94eac60beb9}, !- Handle
  Main Service Water Loop Demand Inlet Node, !- Name
  {858285a2-f78e-451b-afec-75f5bc84ae42}, !- Inlet Port
  {7401a240-44fa-4571-b63c-ed781dec83a9}; !- Outlet Port

OS:Node,
  {3bb7914a-fbdd-43a2-a908-e5171d77c89c}, !- Handle
  Main Service Water Loop Demand Outlet Node, !- Name
  {55a6bf79-eec3-41e2-9342-f836ef127bb0}, !- Inlet Port
  {9566857b-c072-437a-bfe3-e6ffa6fe6465}; !- Outlet Port

OS:Node,
  {21d9fea0-a2f7-4bcc-b54d-7cdf99887549}, !- Handle
  Pipe Adiabatic 2 Inlet Water Node,      !- Name
  {8bc04086-0648-43ca-a64d-c11619f95672}, !- Inlet Port
  {e3e616bc-c06d-4bb6-8b47-8ec3a8db3759}; !- Outlet Port

OS:Connector:Mixer,
  {b8580d34-5f17-4378-b0c3-2c2622669e4e}, !- Handle
  Connector Mixer 2,                      !- Name
  {2ebcafd8-4cfd-4755-9a41-27da740192a3}, !- Outlet Branch Name
  {3b100a6c-f3c3-4898-824c-11c5ccce190e}, !- Inlet Branch Name 1
  {386236a8-de5b-47d7-880b-c5887d5ae90c}; !- Inlet Branch Name 2

OS:Connector:Splitter,
  {216e6dbd-edcc-4e69-b525-3c37b11cbf4d}, !- Handle
  Connector Splitter 2,                   !- Name
  {7401a240-44fa-4571-b63c-ed781dec83a9}, !- Inlet Branch Name
  {8bc04086-0648-43ca-a64d-c11619f95672}, !- Outlet Branch Name 1
  {07cf1daf-793e-438a-8304-7ddca8506a2e}; !- Outlet Branch Name 2

OS:Connection,
  {858285a2-f78e-451b-afec-75f5bc84ae42}, !- Handle
  {e9e5e162-0e36-4ced-8a55-eb1e830b434b}, !- Source Object
  17,                                     !- Outlet Port
  {139f5e05-e8be-4678-9b52-b94eac60beb9}, !- Target Object
  2;                                      !- Inlet Port

OS:Connection,
  {7401a240-44fa-4571-b63c-ed781dec83a9}, !- Handle
  {139f5e05-e8be-4678-9b52-b94eac60beb9}, !- Source Object
  3,                                      !- Outlet Port
  {216e6dbd-edcc-4e69-b525-3c37b11cbf4d}, !- Target Object
  2;                                      !- Inlet Port

OS:Connection,
  {8bc04086-0648-43ca-a64d-c11619f95672}, !- Handle
  {216e6dbd-edcc-4e69-b525-3c37b11cbf4d}, !- Source Object
  3,                                      !- Outlet Port
  {21d9fea0-a2f7-4bcc-b54d-7cdf99887549}, !- Target Object
  2;                                      !- Inlet Port

OS:Connection,
  {9566857b-c072-437a-bfe3-e6ffa6fe6465}, !- Handle
  {3bb7914a-fbdd-43a2-a908-e5171d77c89c}, !- Source Object
  3,                                      !- Outlet Port
  {e9e5e162-0e36-4ced-8a55-eb1e830b434b}, !- Target Object
  18;                                     !- Inlet Port

OS:Sizing:Plant,
  {11cb787f-6b13-4ca1-8f6b-98252fc5e06c}, !- Handle
  {e9e5e162-0e36-4ced-8a55-eb1e830b434b}, !- Plant or Condenser Loop Name
  Heating,                                !- Loop Type
  60.0000000000001,                       !- Design Loop Exit Temperature {C}
  5,                                      !- Loop Design Temperature Difference {deltaC}
  NonCoincident,                          !- Sizing Option
  1,                                      !- Zone Timesteps in Averaging Window
  None;                                   !- Coincident Sizing Factor Mode

OS:AvailabilityManagerAssignmentList,
  {a5bfacd4-3729-4ff6-ad0d-3904ad54bbee}, !- Handle
  Plant Loop 1 AvailabilityManagerAssignmentList; !- Name

OS:ScheduleTypeLimits,
  {0be7f1e2-5f76-47c3-b52b-c3cd20a98db6}, !- Handle
  Temperature Schedule Type Limits,       !- Name
  0,                                      !- Lower Limit Value
  100,                                    !- Upper Limit Value
  Continuous,                             !- Numeric Type
  Temperature;                            !- Unit Type

OS:Schedule:Ruleset,
  {937aed59-00fe-40e9-88f6-02cc944d1833}, !- Handle
  Service Water Loop Temp - 140F,         !- Name
  {0be7f1e2-5f76-47c3-b52b-c3cd20a98db6}, !- Schedule Type Limits Name
  {e9655dc7-c461-4695-b404-0eaa46ee530a}; !- Default Day Schedule Name

OS:Schedule:Day,
  {e9655dc7-c461-4695-b404-0eaa46ee530a}, !- Handle
  Service Water Loop Temp - 140F Default, !- Name
  {0be7f1e2-5f76-47c3-b52b-c3cd20a98db6}, !- Schedule Type Limits Name
  ,                                       !- Interpolate to Timestep
  24,                                     !- Hour 1
  0,                                      !- Minute 1
  60.0000000000001;                       !- Value Until Time 1

OS:SetpointManager:Scheduled,
  {e9f1bfcb-a407-4be1-a622-7fe496601930}, !- Handle
  Service hot water setpoint manager,     !- Name
  Temperature,                            !- Control Variable
  {937aed59-00fe-40e9-88f6-02cc944d1833}, !- Schedule Name
  {23b69b56-8e90-4fa6-a590-9267bc5b5421}; !- Setpoint Node or NodeList Name

OS:Pump:VariableSpeed,
  {3d1307a4-ed2f-4a32-bcb2-8e3e366d5e7a}, !- Handle
  Main Service Water Loop Water Mains Pressure Driven, !- Name
  {9f461c60-9b47-4f41-a919-34e8e5fa3a1a}, !- Inlet Node Name
  {c34e29c5-2b17-43f1-9b51-aefa4e8b80ac}, !- Outlet Node Name
  ,                                       !- Rated Flow Rate {m3/s}
  0.001,                                  !- Rated Pump Head {Pa}
  ,                                       !- Rated Power Consumption {W}
  0.825,                                  !- Motor Efficiency
  ,                                       !- Fraction of Motor Inefficiencies to Fluid Stream
  0,                                      !- Coefficient 1 of the Part Load Performance Curve
  3.2485,                                 !- Coefficient 2 of the Part Load Performance Curve
  -4.7443,                                !- Coefficient 3 of the Part Load Performance Curve
  2.5294,                                 !- Coefficient 4 of the Part Load Performance Curve
  ,                                       !- Minimum Flow Rate {m3/s}
  Intermittent,                           !- Pump Control Type
  ,                                       !- Pump Flow Rate Schedule Name
  ,                                       !- Pump Curve Name
  ,                                       !- Impeller Diameter {m}
  ,                                       !- VFD Control Type
  ,                                       !- Pump RPM Schedule Name
  ,                                       !- Minimum Pressure Schedule {Pa}
  ,                                       !- Maximum Pressure Schedule {Pa}
  ,                                       !- Minimum RPM Schedule {rev/min}
  ,                                       !- Maximum RPM Schedule {rev/min}
  ,                                       !- Zone Name
  0.5,                                    !- Skin Loss Radiative Fraction
  PowerPerFlowPerPressure,                !- Design Power Sizing Method
  348701.1,                               !- Design Electric Power per Unit Flow Rate {W/(m3/s)}
  1.282051282,                            !- Design Shaft Power per Unit Flow Rate per Unit Head {W-s/m3-Pa}
  0,                                      !- Design Minimum Flow Rate Fraction
  General;                                !- End-Use Subcategory

OS:Node,
  {a6ecd9b9-5d71-4bd4-94e7-5069c39f2f1e}, !- Handle
  Main Service Water Loop Water Mains Pressure Driven Outlet Water Node, !- Name
  {c34e29c5-2b17-43f1-9b51-aefa4e8b80ac}, !- Inlet Port
  {194226c8-284a-4e6b-8e4e-1b78463c9157}; !- Outlet Port

OS:Connection,
  {9f461c60-9b47-4f41-a919-34e8e5fa3a1a}, !- Handle
  {4059409c-d1de-4ff8-a0d1-c584bbf55cae}, !- Source Object
  3,                                      !- Outlet Port
  {3d1307a4-ed2f-4a32-bcb2-8e3e366d5e7a}, !- Target Object
  2;                                      !- Inlet Port

OS:Connection,
  {c34e29c5-2b17-43f1-9b51-aefa4e8b80ac}, !- Handle
  {3d1307a4-ed2f-4a32-bcb2-8e3e366d5e7a}, !- Source Object
  3,                                      !- Outlet Port
  {a6ecd9b9-5d71-4bd4-94e7-5069c39f2f1e}, !- Target Object
  2;                                      !- Inlet Port

OS:Connection,
  {194226c8-284a-4e6b-8e4e-1b78463c9157}, !- Handle
  {a6ecd9b9-5d71-4bd4-94e7-5069c39f2f1e}, !- Source Object
  3,                                      !- Outlet Port
  {1b0244a7-c50c-46bc-8826-0827687ddde1}, !- Target Object
  2;                                      !- Inlet Port

OS:WaterHeater:Mixed,
  {7ed7c914-d25a-4de8-95a6-911b52ede43e}, !- Handle
  40gal Natural Gas Water Heater - 40kBtu/hr 0.82 Therm Eff, !- Name
  0.151416471358794,                      !- Tank Volume {m3}
  {937aed59-00fe-40e9-88f6-02cc944d1833}, !- Setpoint Temperature Schedule Name
  2,                                      !- Deadband Temperature Difference {deltaC}
  60.0000000000001,                       !- Maximum Temperature Limit {C}
  Cycle,                                  !- Heater Control Type
  11722.8428068889,                       !- Heater Maximum Capacity {W}
  ,                                       !- Heater Minimum Capacity {W}
  ,                                       !- Heater Ignition Minimum Flow Rate {m3/s}
  ,                                       !- Heater Ignition Delay {s}
  NaturalGas,                             !- Heater Fuel Type
  0.82,                                   !- Heater Thermal Efficiency
  ,                                       !- Part Load Factor Curve Name
  1862.00020020147,                       !- Off Cycle Parasitic Fuel Consumption Rate {W}
  NaturalGas,                             !- Off Cycle Parasitic Fuel Type
  0,                                      !- Off Cycle Parasitic Heat Fraction to Tank
  1862.00020020147,                       !- On Cycle Parasitic Fuel Consumption Rate {W}
  NaturalGas,                             !- On Cycle Parasitic Fuel Type
  0,                                      !- On Cycle Parasitic Heat Fraction to Tank
  ThermalZone,                            !- Ambient Temperature Indicator
  ,                                       !- Ambient Temperature Schedule Name
  {09cdfb60-a3b6-4a40-8c00-da1504ccc5df}, !- Ambient Temperature Thermal Zone Name
  ,                                       !- Ambient Temperature Outdoor Air Node Name
  5.4750064940518,                        !- Off Cycle Loss Coefficient to Ambient Temperature {W/K}
  ,                                       !- Off Cycle Loss Fraction to Thermal Zone
  5.4750064940518,                        !- On Cycle Loss Coefficient to Ambient Temperature {W/K}
  ,                                       !- On Cycle Loss Fraction to Thermal Zone
  ,                                       !- Peak Use Flow Rate {m3/s}
  ,                                       !- Use Flow Rate Fraction Schedule Name
  ,                                       !- Cold Water Supply Temperature Schedule Name
  {10375037-fb87-4b37-9bf5-31bdb79ff444}, !- Use Side Inlet Node Name
  {71edff8d-24b2-47a1-b941-b33bbbb2905a}, !- Use Side Outlet Node Name
  1,                                      !- Use Side Effectiveness
  ,                                       !- Source Side Inlet Node Name
  ,                                       !- Source Side Outlet Node Name
  1,                                      !- Source Side Effectiveness
  autosize,                               !- Use Side Design Flow Rate {m3/s}
  autosize,                               !- Source Side Design Flow Rate {m3/s}
  1.5,                                    !- Indirect Water Heating Recovery Time {hr}
  IndirectHeatPrimarySetpoint,            !- Source Side Flow Control Mode
  ,                                       !- Indirect Alternate Setpoint Temperature Schedule Name
  General;                                !- End-Use Subcategory

OS:Schedule:Day,
  {011ccf6f-d73c-4b73-b192-20a93d0e8096}, !- Handle
  Schedule Day 31,                        !- Name
  {ac1931c3-4871-4c05-82c6-d1c0a2cded23}, !- Schedule Type Limits Name
  ,                                       !- Interpolate to Timestep
  24,                                     !- Hour 1
  0,                                      !- Minute 1
  22;                                     !- Value Until Time 1

OS:Schedule:Day,
  {e06f34a1-f39f-47de-b7fb-723dd9d1eedb}, !- Handle
  Schedule Day 32,                        !- Name
  {ac1931c3-4871-4c05-82c6-d1c0a2cded23}, !- Schedule Type Limits Name
  ,                                       !- Interpolate to Timestep
  24,                                     !- Hour 1
  0,                                      !- Minute 1
  60;                                     !- Value Until Time 1

OS:WaterHeater:Sizing,
  {d1e60e1f-add6-4c41-9be9-ed27807bb91b}, !- Handle
  {7ed7c914-d25a-4de8-95a6-911b52ede43e}, !- WaterHeater Name
  PeakDraw,                               !- Design Mode
  0.538503,                               !- Time Storage Can Meet Peak Draw {hr}
  0,                                      !- Time for Tank Recovery {hr}
  1;                                      !- Nominal Tank Volume for Autosizing Plant Connections {m3}

OS:Node,
  {1d24a010-a9a1-46de-b0e9-6afa962f58d2}, !- Handle
  40gal Natural Gas Water Heater - 40kBtu/hr 0.82 Therm Eff Supply Outlet Water Node, !- Name
  {71edff8d-24b2-47a1-b941-b33bbbb2905a}, !- Inlet Port
  {4da321ff-d0ba-4618-8b45-f6f5a1817b57}; !- Outlet Port

OS:Connection,
  {10375037-fb87-4b37-9bf5-31bdb79ff444}, !- Handle
  {c0cf0aac-1715-496f-a783-1f51ae181346}, !- Source Object
  3,                                      !- Outlet Port
  {7ed7c914-d25a-4de8-95a6-911b52ede43e}, !- Target Object
  31;                                     !- Inlet Port

OS:Connection,
  {71edff8d-24b2-47a1-b941-b33bbbb2905a}, !- Handle
  {7ed7c914-d25a-4de8-95a6-911b52ede43e}, !- Source Object
  32,                                     !- Outlet Port
  {1d24a010-a9a1-46de-b0e9-6afa962f58d2}, !- Target Object
  2;                                      !- Inlet Port

OS:Connection,
  {4da321ff-d0ba-4618-8b45-f6f5a1817b57}, !- Handle
  {1d24a010-a9a1-46de-b0e9-6afa962f58d2}, !- Source Object
  3,                                      !- Outlet Port
  {498a108c-df9b-4403-a717-82fc76ade88e}, !- Target Object
  3;                                      !- Inlet Port

OS:Pipe:Adiabatic,
  {0e53feef-198c-490a-8319-2b78a4f21fae}, !- Handle
  Pipe Adiabatic 1,                       !- Name
  {57de0280-bf77-47cc-8ab8-5f519d1e8be1}, !- Inlet Node Name
  {16ed5fac-fbab-4fb0-8f9d-bd7e7a3a55cc}; !- Outlet Node Name

OS:Node,
  {85ed3440-29a9-4f57-a9ff-7a73777a9d53}, !- Handle
  Pipe Adiabatic 1 Inlet Water Node,      !- Name
  {79b609de-8707-47b7-b3e8-8937729f64a8}, !- Inlet Port
  {57de0280-bf77-47cc-8ab8-5f519d1e8be1}; !- Outlet Port

OS:Connection,
  {79b609de-8707-47b7-b3e8-8937729f64a8}, !- Handle
  {1b0244a7-c50c-46bc-8826-0827687ddde1}, !- Source Object
  4,                                      !- Outlet Port
  {85ed3440-29a9-4f57-a9ff-7a73777a9d53}, !- Target Object
  2;                                      !- Inlet Port

OS:Node,
  {630ba676-1885-4dc8-a1c8-f3963ba99298}, !- Handle
  Pipe Adiabatic 1 Outlet Water Node,     !- Name
  {16ed5fac-fbab-4fb0-8f9d-bd7e7a3a55cc}, !- Inlet Port
  {d19d9d8c-bdb7-49d9-8e34-d4cc040e644b}; !- Outlet Port

OS:Connection,
  {57de0280-bf77-47cc-8ab8-5f519d1e8be1}, !- Handle
  {85ed3440-29a9-4f57-a9ff-7a73777a9d53}, !- Source Object
  3,                                      !- Outlet Port
  {0e53feef-198c-490a-8319-2b78a4f21fae}, !- Target Object
  2;                                      !- Inlet Port

OS:Connection,
  {16ed5fac-fbab-4fb0-8f9d-bd7e7a3a55cc}, !- Handle
  {0e53feef-198c-490a-8319-2b78a4f21fae}, !- Source Object
  3,                                      !- Outlet Port
  {630ba676-1885-4dc8-a1c8-f3963ba99298}, !- Target Object
  2;                                      !- Inlet Port

OS:Connection,
  {d19d9d8c-bdb7-49d9-8e34-d4cc040e644b}, !- Handle
  {630ba676-1885-4dc8-a1c8-f3963ba99298}, !- Source Object
  3,                                      !- Outlet Port
  {498a108c-df9b-4403-a717-82fc76ade88e}, !- Target Object
  4;                                      !- Inlet Port

OS:Pipe:Adiabatic,
  {43f826c6-36e0-4308-bd44-00d73828cdb0}, !- Handle
  Pipe Adiabatic 2,                       !- Name
  {e3e616bc-c06d-4bb6-8b47-8ec3a8db3759}, !- Inlet Node Name
  {58149460-1420-48c4-b344-e613f06eac74}; !- Outlet Node Name

OS:Node,
  {34ceb0f9-07ea-422f-bb38-4a91d9f8d35c}, !- Handle
  Pipe Adiabatic 2 Outlet Water Node,     !- Name
  {58149460-1420-48c4-b344-e613f06eac74}, !- Inlet Port
  {3b100a6c-f3c3-4898-824c-11c5ccce190e}; !- Outlet Port

OS:Connection,
  {e3e616bc-c06d-4bb6-8b47-8ec3a8db3759}, !- Handle
  {21d9fea0-a2f7-4bcc-b54d-7cdf99887549}, !- Source Object
  3,                                      !- Outlet Port
  {43f826c6-36e0-4308-bd44-00d73828cdb0}, !- Target Object
  2;                                      !- Inlet Port

OS:Connection,
  {58149460-1420-48c4-b344-e613f06eac74}, !- Handle
  {43f826c6-36e0-4308-bd44-00d73828cdb0}, !- Source Object
  3,                                      !- Outlet Port
  {34ceb0f9-07ea-422f-bb38-4a91d9f8d35c}, !- Target Object
  2;                                      !- Inlet Port

OS:Connection,
  {3b100a6c-f3c3-4898-824c-11c5ccce190e}, !- Handle
  {34ceb0f9-07ea-422f-bb38-4a91d9f8d35c}, !- Source Object
  3,                                      !- Outlet Port
  {b8580d34-5f17-4378-b0c3-2c2622669e4e}, !- Target Object
  3;                                      !- Inlet Port

OS:Pipe:Adiabatic,
  {817b1698-5b8e-45c4-bd66-d550649301d8}, !- Handle
  Pipe Adiabatic 3,                       !- Name
  {de64cadd-8a99-4478-be51-58bd5e05d227}, !- Inlet Node Name
  {74bd7ab7-31a4-4b2e-a3fe-5e83e014aaf9}; !- Outlet Node Name

OS:Node,
  {0c5bb559-8332-41e1-8d6f-a1e6676cb418}, !- Handle
  Pipe Adiabatic 3 Inlet Water Node,      !- Name
  {531595a4-0f44-4b8d-92db-8cb762793adf}, !- Inlet Port
  {de64cadd-8a99-4478-be51-58bd5e05d227}; !- Outlet Port

OS:Connection,
  {531595a4-0f44-4b8d-92db-8cb762793adf}, !- Handle
  {498a108c-df9b-4403-a717-82fc76ade88e}, !- Source Object
  2,                                      !- Outlet Port
  {0c5bb559-8332-41e1-8d6f-a1e6676cb418}, !- Target Object
  2;                                      !- Inlet Port

OS:Connection,
  {de64cadd-8a99-4478-be51-58bd5e05d227}, !- Handle
  {0c5bb559-8332-41e1-8d6f-a1e6676cb418}, !- Source Object
  3,                                      !- Outlet Port
  {817b1698-5b8e-45c4-bd66-d550649301d8}, !- Target Object
  2;                                      !- Inlet Port

OS:Connection,
  {74bd7ab7-31a4-4b2e-a3fe-5e83e014aaf9}, !- Handle
  {817b1698-5b8e-45c4-bd66-d550649301d8}, !- Source Object
  3,                                      !- Outlet Port
  {23b69b56-8e90-4fa6-a590-9267bc5b5421}, !- Target Object
  2;                                      !- Inlet Port

OS:Pipe:Adiabatic,
  {f2aa8597-401e-4a7e-961c-06ec313a38a9}, !- Handle
  Pipe Adiabatic 4,                       !- Name
  {d2b2a2b8-07ff-4f8c-88d0-00cdd3a09c10}, !- Inlet Node Name
  {55a6bf79-eec3-41e2-9342-f836ef127bb0}; !- Outlet Node Name

OS:Node,
  {e28a0617-7737-4ca5-b954-3e781bf774b1}, !- Handle
  Pipe Adiabatic 4 Inlet Water Node,      !- Name
  {2ebcafd8-4cfd-4755-9a41-27da740192a3}, !- Inlet Port
  {d2b2a2b8-07ff-4f8c-88d0-00cdd3a09c10}; !- Outlet Port

OS:Connection,
  {2ebcafd8-4cfd-4755-9a41-27da740192a3}, !- Handle
  {b8580d34-5f17-4378-b0c3-2c2622669e4e}, !- Source Object
  2,                                      !- Outlet Port
  {e28a0617-7737-4ca5-b954-3e781bf774b1}, !- Target Object
  2;                                      !- Inlet Port

OS:Connection,
  {d2b2a2b8-07ff-4f8c-88d0-00cdd3a09c10}, !- Handle
  {e28a0617-7737-4ca5-b954-3e781bf774b1}, !- Source Object
  3,                                      !- Outlet Port
  {f2aa8597-401e-4a7e-961c-06ec313a38a9}, !- Target Object
  2;                                      !- Inlet Port

OS:Connection,
  {55a6bf79-eec3-41e2-9342-f836ef127bb0}, !- Handle
  {f2aa8597-401e-4a7e-961c-06ec313a38a9}, !- Source Object
  3,                                      !- Outlet Port
  {3bb7914a-fbdd-43a2-a908-e5171d77c89c}, !- Target Object
  2;                                      !- Inlet Port

OS:WaterUse:Connections,
  {b8a93191-ba42-41ee-8f53-dfdeed4f500d}, !- Handle
  Main WUC 0.3gpm at 140F,                !- Name
  {d57ea33c-0120-41ce-a88e-5ebc03973633}, !- Inlet Node Name
  {7118b9c3-78f2-40bd-8f3d-a6b2ca275298}, !- Outlet Node Name
  ,                                       !- Supply Water Storage Tank Name
  ,                                       !- Reclamation Water Storage Tank Name
  ,                                       !- Hot Water Supply Temperature Schedule Name
  ,                                       !- Cold Water Supply Temperature Schedule Name
  None,                                   !- Drain Water Heat Exchanger Type
  Plant,                                  !- Drain Water Heat Exchanger Destination
  ,                                       !- Drain Water Heat Exchanger U-Factor Times Area {W/K}
  {b35aeaab-2b2a-459f-92e2-2c2c3562d63c}; !- Water Use Equipment Name 1

OS:WaterUse:Equipment:Definition,
  {8b8f6178-549b-42cd-87de-30c1549197e9}, !- Handle
  Main Service Water Use Def 0.3gpm,      !- Name
  ,                                       !- End-Use Subcategory
  1.89270589198493e-05,                   !- Peak Flow Rate {m3/s}
  {bd31f7ad-7740-4b2d-a78e-93cee4dae7fa}, !- Target Temperature Schedule Name
  {81f6fe2b-141d-416a-b538-8a80d86bbb39}, !- Sensible Fraction Schedule Name
  {37318c30-10d3-4fc8-af41-2cca27ff57c0}; !- Latent Fraction Schedule Name

OS:Schedule:Ruleset,
  {81f6fe2b-141d-416a-b538-8a80d86bbb39}, !- Handle
  Fraction Sensible - 0.2,                !- Name
  {f61a7542-1282-4583-8387-aeb662f19b86}, !- Schedule Type Limits Name
  {f95f7cd1-ad89-4a45-9630-51da908ba3cc}; !- Default Day Schedule Name

OS:Schedule:Day,
  {f95f7cd1-ad89-4a45-9630-51da908ba3cc}, !- Handle
  Fraction Sensible - 0.2 Default,        !- Name
  {f61a7542-1282-4583-8387-aeb662f19b86}, !- Schedule Type Limits Name
  ,                                       !- Interpolate to Timestep
  24,                                     !- Hour 1
  0,                                      !- Minute 1
  0.2;                                    !- Value Until Time 1

OS:Schedule:Ruleset,
  {37318c30-10d3-4fc8-af41-2cca27ff57c0}, !- Handle
  Fraction Latent - 0.05,                 !- Name
  {f61a7542-1282-4583-8387-aeb662f19b86}, !- Schedule Type Limits Name
  {8f83a4db-796d-4db9-9075-7342d0505d68}; !- Default Day Schedule Name

OS:Schedule:Day,
  {8f83a4db-796d-4db9-9075-7342d0505d68}, !- Handle
  Fraction Latent - 0.05 Default,         !- Name
  {f61a7542-1282-4583-8387-aeb662f19b86}, !- Schedule Type Limits Name
  ,                                       !- Interpolate to Timestep
  24,                                     !- Hour 1
  0,                                      !- Minute 1
  0.05;                                   !- Value Until Time 1

OS:Schedule:Ruleset,
  {bd31f7ad-7740-4b2d-a78e-93cee4dae7fa}, !- Handle
  Mixed Water At Faucet Temp - 140F,      !- Name
  {ac1931c3-4871-4c05-82c6-d1c0a2cded23}, !- Schedule Type Limits Name
  {317e7a08-09f4-4ddb-86cf-c0a9f7d9c03f}; !- Default Day Schedule Name

OS:Schedule:Day,
  {317e7a08-09f4-4ddb-86cf-c0a9f7d9c03f}, !- Handle
  Mixed Water At Faucet Temp - 140F Default, !- Name
  {ac1931c3-4871-4c05-82c6-d1c0a2cded23}, !- Schedule Type Limits Name
  ,                                       !- Interpolate to Timestep
  24,                                     !- Hour 1
  0,                                      !- Minute 1
  60.0000000000001;                       !- Value Until Time 1

OS:WaterUse:Equipment,
  {b35aeaab-2b2a-459f-92e2-2c2c3562d63c}, !- Handle
  Main Service Water Use 0.3gpm at 140F,  !- Name
  {8b8f6178-549b-42cd-87de-30c1549197e9}, !- Water Use Equipment Definition Name
  ,                                       !- Space Name
  {787f53a5-03f1-4b13-9848-1d30f0226781}; !- Flow Rate Fraction Schedule Name

OS:Schedule:Ruleset,
  {787f53a5-03f1-4b13-9848-1d30f0226781}, !- Handle
  RetailStandalone BLDG_SWH_SCH,          !- Name
  {f61a7542-1282-4583-8387-aeb662f19b86}, !- Schedule Type Limits Name
  {dc702050-bd68-48a2-9ddb-cf736e726b4d}, !- Default Day Schedule Name
  {1bc6ed00-58e4-4596-a58b-d1f2a1ffec70}, !- Summer Design Day Schedule Name
  {7473786c-9180-4629-8731-eca997c6a02e}; !- Winter Design Day Schedule Name

OS:Schedule:Day,
  {dc702050-bd68-48a2-9ddb-cf736e726b4d}, !- Handle
  RetailStandalone BLDG_SWH_SCH Default,  !- Name
  {f61a7542-1282-4583-8387-aeb662f19b86}, !- Schedule Type Limits Name
  ,                                       !- Interpolate to Timestep
  9,                                      !- Hour 1
  0,                                      !- Minute 1
  0,                                      !- Value Until Time 1
  10,                                     !- Hour 2
  0,                                      !- Minute 2
  0.14,                                   !- Value Until Time 2
  11,                                     !- Hour 3
  0,                                      !- Minute 3
  0.29,                                   !- Value Until Time 3
  12,                                     !- Hour 4
  0,                                      !- Minute 4
  0.31,                                   !- Value Until Time 4
  14,                                     !- Hour 5
  0,                                      !- Minute 5
  0.36,                                   !- Value Until Time 5
  15,                                     !- Hour 6
  0,                                      !- Minute 6
  0.34,                                   !- Value Until Time 6
  16,                                     !- Hour 7
  0,                                      !- Minute 7
  0.35,                                   !- Value Until Time 7
  17,                                     !- Hour 8
  0,                                      !- Minute 8
  0.37,                                   !- Value Until Time 8
  18,                                     !- Hour 9
  0,                                      !- Minute 9
  0.34,                                   !- Value Until Time 9
  19,                                     !- Hour 10
  0,                                      !- Minute 10
  0.25,                                   !- Value Until Time 10
  24,                                     !- Hour 11
  0,                                      !- Minute 11
  0;                                      !- Value Until Time 11

OS:Schedule:Day,
  {1bc6ed00-58e4-4596-a58b-d1f2a1ffec70}, !- Handle
  RetailStandalone BLDG_SWH_SCH Summer Design Day, !- Name
  {f61a7542-1282-4583-8387-aeb662f19b86}, !- Schedule Type Limits Name
  ,                                       !- Interpolate to Timestep
  7,                                      !- Hour 1
  0,                                      !- Minute 1
  0,                                      !- Value Until Time 1
  8,                                      !- Hour 2
  0,                                      !- Minute 2
  0.15,                                   !- Value Until Time 2
  9,                                      !- Hour 3
  0,                                      !- Minute 3
  0.23,                                   !- Value Until Time 3
  10,                                     !- Hour 4
  0,                                      !- Minute 4
  0.32,                                   !- Value Until Time 4
  11,                                     !- Hour 5
  0,                                      !- Minute 5
  0.41,                                   !- Value Until Time 5
  12,                                     !- Hour 6
  0,                                      !- Minute 6
  0.57,                                   !- Value Until Time 6
  13,                                     !- Hour 7
  0,                                      !- Minute 7
  0.62,                                   !- Value Until Time 7
  14,                                     !- Hour 8
  0,                                      !- Minute 8
  0.61,                                   !- Value Until Time 8
  15,                                     !- Hour 9
  0,                                      !- Minute 9
  0.5,                                    !- Value Until Time 9
  16,                                     !- Hour 10
  0,                                      !- Minute 10
  0.45,                                   !- Value Until Time 10
  17,                                     !- Hour 11
  0,                                      !- Minute 11
  0.46,                                   !- Value Until Time 11
  18,                                     !- Hour 12
  0,                                      !- Minute 12
  0.47,                                   !- Value Until Time 12
  19,                                     !- Hour 13
  0,                                      !- Minute 13
  0.42,                                   !- Value Until Time 13
  20,                                     !- Hour 14
  0,                                      !- Minute 14
  0.34,                                   !- Value Until Time 14
  21,                                     !- Hour 15
  0,                                      !- Minute 15
  0.33,                                   !- Value Until Time 15
  24,                                     !- Hour 16
  0,                                      !- Minute 16
  0;                                      !- Value Until Time 16

OS:Schedule:Rule,
  {f416ad29-7e8c-4d8d-bba3-e880ad77a984}, !- Handle
  Schedule Rule 23,                       !- Name
  {787f53a5-03f1-4b13-9848-1d30f0226781}, !- Schedule Ruleset Name
  1,                                      !- Rule Order
  {0dd85d65-9336-417a-83b1-ec54c811ff77}, !- Day Schedule Name
  ,                                       !- Apply Sunday
  Yes,                                    !- Apply Monday
  Yes,                                    !- Apply Tuesday
  Yes,                                    !- Apply Wednesday
  Yes,                                    !- Apply Thursday
  Yes,                                    !- Apply Friday
  ,                                       !- Apply Saturday
  DateRange,                              !- Date Specification Type
  1,                                      !- Start Month
  1,                                      !- Start Day
  12,                                     !- End Month
  31;                                     !- End Day

OS:Schedule:Day,
  {0dd85d65-9336-417a-83b1-ec54c811ff77}, !- Handle
  RetailStandalone BLDG_SWH_SCH SmrDsn|Wkdy Day, !- Name
  {f61a7542-1282-4583-8387-aeb662f19b86}, !- Schedule Type Limits Name
  ,                                       !- Interpolate to Timestep
  7,                                      !- Hour 1
  0,                                      !- Minute 1
  0,                                      !- Value Until Time 1
  8,                                      !- Hour 2
  0,                                      !- Minute 2
  0.15,                                   !- Value Until Time 2
  9,                                      !- Hour 3
  0,                                      !- Minute 3
  0.23,                                   !- Value Until Time 3
  10,                                     !- Hour 4
  0,                                      !- Minute 4
  0.32,                                   !- Value Until Time 4
  11,                                     !- Hour 5
  0,                                      !- Minute 5
  0.41,                                   !- Value Until Time 5
  12,                                     !- Hour 6
  0,                                      !- Minute 6
  0.57,                                   !- Value Until Time 6
  13,                                     !- Hour 7
  0,                                      !- Minute 7
  0.62,                                   !- Value Until Time 7
  14,                                     !- Hour 8
  0,                                      !- Minute 8
  0.61,                                   !- Value Until Time 8
  15,                                     !- Hour 9
  0,                                      !- Minute 9
  0.5,                                    !- Value Until Time 9
  16,                                     !- Hour 10
  0,                                      !- Minute 10
  0.45,                                   !- Value Until Time 10
  17,                                     !- Hour 11
  0,                                      !- Minute 11
  0.46,                                   !- Value Until Time 11
  18,                                     !- Hour 12
  0,                                      !- Minute 12
  0.47,                                   !- Value Until Time 12
  19,                                     !- Hour 13
  0,                                      !- Minute 13
  0.42,                                   !- Value Until Time 13
  20,                                     !- Hour 14
  0,                                      !- Minute 14
  0.34,                                   !- Value Until Time 14
  21,                                     !- Hour 15
  0,                                      !- Minute 15
  0.33,                                   !- Value Until Time 15
  24,                                     !- Hour 16
  0,                                      !- Minute 16
  0;                                      !- Value Until Time 16

OS:Schedule:Day,
  {7473786c-9180-4629-8731-eca997c6a02e}, !- Handle
  RetailStandalone BLDG_SWH_SCH Winter Design Day, !- Name
  {f61a7542-1282-4583-8387-aeb662f19b86}, !- Schedule Type Limits Name
  ,                                       !- Interpolate to Timestep
  7,                                      !- Hour 1
  0,                                      !- Minute 1
  0,                                      !- Value Until Time 1
  8,                                      !- Hour 2
  0,                                      !- Minute 2
  0.2,                                    !- Value Until Time 2
  9,                                      !- Hour 3
  0,                                      !- Minute 3
  0.24,                                   !- Value Until Time 3
  10,                                     !- Hour 4
  0,                                      !- Minute 4
  0.27,                                   !- Value Until Time 4
  11,                                     !- Hour 5
  0,                                      !- Minute 5
  0.42,                                   !- Value Until Time 5
  12,                                     !- Hour 6
  0,                                      !- Minute 6
  0.54,                                   !- Value Until Time 6
  13,                                     !- Hour 7
  0,                                      !- Minute 7
  0.59,                                   !- Value Until Time 7
  14,                                     !- Hour 8
  0,                                      !- Minute 8
  0.6,                                    !- Value Until Time 8
  15,                                     !- Hour 9
  0,                                      !- Minute 9
  0.49,                                   !- Value Until Time 9
  16,                                     !- Hour 10
  0,                                      !- Minute 10
  0.48,                                   !- Value Until Time 10
  17,                                     !- Hour 11
  0,                                      !- Minute 11
  0.47,                                   !- Value Until Time 11
  18,                                     !- Hour 12
  0,                                      !- Minute 12
  0.46,                                   !- Value Until Time 12
  19,                                     !- Hour 13
  0,                                      !- Minute 13
  0.44,                                   !- Value Until Time 13
  20,                                     !- Hour 14
  0,                                      !- Minute 14
  0.36,                                   !- Value Until Time 14
  21,                                     !- Hour 15
  0,                                      !- Minute 15
  0.29,                                   !- Value Until Time 15
  22,                                     !- Hour 16
  0,                                      !- Minute 16
  0.22,                                   !- Value Until Time 16
  24,                                     !- Hour 17
  0,                                      !- Minute 17
  0;                                      !- Value Until Time 17

OS:Schedule:Rule,
  {ac3ec4c8-a6a8-418a-a8c8-5672bd2835a6}, !- Handle
  Schedule Rule 24,                       !- Name
  {787f53a5-03f1-4b13-9848-1d30f0226781}, !- Schedule Ruleset Name
  0,                                      !- Rule Order
  {d9401b04-1e35-493e-837c-59884ac40e50}, !- Day Schedule Name
  ,                                       !- Apply Sunday
  ,                                       !- Apply Monday
  ,                                       !- Apply Tuesday
  ,                                       !- Apply Wednesday
  ,                                       !- Apply Thursday
  ,                                       !- Apply Friday
  Yes,                                    !- Apply Saturday
  DateRange,                              !- Date Specification Type
  1,                                      !- Start Month
  1,                                      !- Start Day
  12,                                     !- End Month
  31;                                     !- End Day

OS:Schedule:Day,
  {d9401b04-1e35-493e-837c-59884ac40e50}, !- Handle
  RetailStandalone BLDG_SWH_SCH WntrDsn|Sat Day, !- Name
  {f61a7542-1282-4583-8387-aeb662f19b86}, !- Schedule Type Limits Name
  ,                                       !- Interpolate to Timestep
  7,                                      !- Hour 1
  0,                                      !- Minute 1
  0,                                      !- Value Until Time 1
  8,                                      !- Hour 2
  0,                                      !- Minute 2
  0.2,                                    !- Value Until Time 2
  9,                                      !- Hour 3
  0,                                      !- Minute 3
  0.24,                                   !- Value Until Time 3
  10,                                     !- Hour 4
  0,                                      !- Minute 4
  0.27,                                   !- Value Until Time 4
  11,                                     !- Hour 5
  0,                                      !- Minute 5
  0.42,                                   !- Value Until Time 5
  12,                                     !- Hour 6
  0,                                      !- Minute 6
  0.54,                                   !- Value Until Time 6
  13,                                     !- Hour 7
  0,                                      !- Minute 7
  0.59,                                   !- Value Until Time 7
  14,                                     !- Hour 8
  0,                                      !- Minute 8
  0.6,                                    !- Value Until Time 8
  15,                                     !- Hour 9
  0,                                      !- Minute 9
  0.49,                                   !- Value Until Time 9
  16,                                     !- Hour 10
  0,                                      !- Minute 10
  0.48,                                   !- Value Until Time 10
  17,                                     !- Hour 11
  0,                                      !- Minute 11
  0.47,                                   !- Value Until Time 11
  18,                                     !- Hour 12
  0,                                      !- Minute 12
  0.46,                                   !- Value Until Time 12
  19,                                     !- Hour 13
  0,                                      !- Minute 13
  0.44,                                   !- Value Until Time 13
  20,                                     !- Hour 14
  0,                                      !- Minute 14
  0.36,                                   !- Value Until Time 14
  21,                                     !- Hour 15
  0,                                      !- Minute 15
  0.29,                                   !- Value Until Time 15
  22,                                     !- Hour 16
  0,                                      !- Minute 16
  0.22,                                   !- Value Until Time 16
  24,                                     !- Hour 17
  0,                                      !- Minute 17
  0;                                      !- Value Until Time 17

OS:Node,
  {d63c0674-35cf-411e-8f82-66d1ab432f4f}, !- Handle
  Main WUC 0.3gpm at 140F Inlet Water Node, !- Name
  {07cf1daf-793e-438a-8304-7ddca8506a2e}, !- Inlet Port
  {d57ea33c-0120-41ce-a88e-5ebc03973633}; !- Outlet Port

OS:Connection,
  {07cf1daf-793e-438a-8304-7ddca8506a2e}, !- Handle
  {216e6dbd-edcc-4e69-b525-3c37b11cbf4d}, !- Source Object
  4,                                      !- Outlet Port
  {d63c0674-35cf-411e-8f82-66d1ab432f4f}, !- Target Object
  2;                                      !- Inlet Port

OS:Node,
  {a129cf43-2580-4216-9cc0-a09c1296d679}, !- Handle
  Main WUC 0.3gpm at 140F Outlet Water Node, !- Name
  {7118b9c3-78f2-40bd-8f3d-a6b2ca275298}, !- Inlet Port
  {386236a8-de5b-47d7-880b-c5887d5ae90c}; !- Outlet Port

OS:Connection,
  {d57ea33c-0120-41ce-a88e-5ebc03973633}, !- Handle
  {d63c0674-35cf-411e-8f82-66d1ab432f4f}, !- Source Object
  3,                                      !- Outlet Port
  {b8a93191-ba42-41ee-8f53-dfdeed4f500d}, !- Target Object
  2;                                      !- Inlet Port

OS:Connection,
  {7118b9c3-78f2-40bd-8f3d-a6b2ca275298}, !- Handle
  {b8a93191-ba42-41ee-8f53-dfdeed4f500d}, !- Source Object
  3,                                      !- Outlet Port
  {a129cf43-2580-4216-9cc0-a09c1296d679}, !- Target Object
  2;                                      !- Inlet Port

OS:Connection,
  {386236a8-de5b-47d7-880b-c5887d5ae90c}, !- Handle
  {a129cf43-2580-4216-9cc0-a09c1296d679}, !- Source Object
  3,                                      !- Outlet Port
  {b8580d34-5f17-4378-b0c3-2c2622669e4e}, !- Target Object
  4;                                      !- Inlet Port

OS:Exterior:Lights:Definition,
  {c170e426-af3b-471e-9193-f89aee965cd9}, !- Handle
  Occ Sensing Exterior Lights Def,        !- Name
  7322;                                   !- Design Level {W}

OS:Schedule:Ruleset,
  {19c96046-5f05-4112-9352-028330546028}, !- Handle
  RetailStandalone Exterior_Lgt_ALWAYS_ON, !- Name
  {f61a7542-1282-4583-8387-aeb662f19b86}, !- Schedule Type Limits Name
  {721dcf61-984f-47b3-a58f-fd44c781b35f}, !- Default Day Schedule Name
  {a4af7cd2-19af-4622-9653-3a624646a84b}, !- Summer Design Day Schedule Name
  {e68eff20-18ce-46e8-82aa-cdf93fe5f098}; !- Winter Design Day Schedule Name

OS:Schedule:Day,
  {721dcf61-984f-47b3-a58f-fd44c781b35f}, !- Handle
  RetailStandalone Exterior_Lgt_ALWAYS_ON Default, !- Name
  {f61a7542-1282-4583-8387-aeb662f19b86}, !- Schedule Type Limits Name
  ,                                       !- Interpolate to Timestep
  24,                                     !- Hour 1
  0,                                      !- Minute 1
  1;                                      !- Value Until Time 1

OS:Schedule:Day,
  {e68eff20-18ce-46e8-82aa-cdf93fe5f098}, !- Handle
  RetailStandalone Exterior_Lgt_ALWAYS_ON Winter Design Day, !- Name
  {f61a7542-1282-4583-8387-aeb662f19b86}, !- Schedule Type Limits Name
  ,                                       !- Interpolate to Timestep
  24,                                     !- Hour 1
  0,                                      !- Minute 1
  1;                                      !- Value Until Time 1

OS:Schedule:Day,
  {a4af7cd2-19af-4622-9653-3a624646a84b}, !- Handle
  RetailStandalone Exterior_Lgt_ALWAYS_ON Summer Design Day, !- Name
  {f61a7542-1282-4583-8387-aeb662f19b86}, !- Schedule Type Limits Name
  ,                                       !- Interpolate to Timestep
  24,                                     !- Hour 1
  0,                                      !- Minute 1
  1;                                      !- Value Until Time 1

OS:Exterior:Lights,
  {cf54fe98-22bb-4509-9b55-e60fd2fdc2df}, !- Handle
  Occ Sensing Exterior Lights Def,        !- Name
  {c170e426-af3b-471e-9193-f89aee965cd9}, !- Exterior Lights Definition Name
  {19c96046-5f05-4112-9352-028330546028}, !- Schedule Name
  AstronomicalClock,                      !- Control Option
  ,                                       !- Multiplier
  General;                                !- End-Use Subcategory

OS:Exterior:Lights:Definition,
  {afa8f451-ca63-4d66-99ea-fb97110f3358}, !- Handle
  NonDimming Exterior Lights Def,         !- Name
  0;                                      !- Design Level {W}

OS:Schedule:Ruleset,
  {23fc64f8-a2df-4fe4-9121-f0a1be686776}, !- Handle
  RetailStandalone Exterior_lighting_schedule_a, !- Name
  {f61a7542-1282-4583-8387-aeb662f19b86}, !- Schedule Type Limits Name
  {23c8c146-3d4c-4571-a2b4-b4f96f4c566e}, !- Default Day Schedule Name
  {b763c08f-234d-441b-a741-a75bfd5b8ef1}, !- Summer Design Day Schedule Name
  {689e959a-196c-4bc0-9fe1-b9fd4bc242d3}; !- Winter Design Day Schedule Name

OS:Schedule:Day,
  {23c8c146-3d4c-4571-a2b4-b4f96f4c566e}, !- Handle
  RetailStandalone Exterior_lighting_schedule_a Default, !- Name
  {f61a7542-1282-4583-8387-aeb662f19b86}, !- Schedule Type Limits Name
  ,                                       !- Interpolate to Timestep
  6,                                      !- Hour 1
  0,                                      !- Minute 1
  0,                                      !- Value Until Time 1
  24,                                     !- Hour 2
  0,                                      !- Minute 2
  1;                                      !- Value Until Time 2

OS:Schedule:Day,
  {689e959a-196c-4bc0-9fe1-b9fd4bc242d3}, !- Handle
  RetailStandalone Exterior_lighting_schedule_a Winter Design Day, !- Name
  {f61a7542-1282-4583-8387-aeb662f19b86}, !- Schedule Type Limits Name
  ,                                       !- Interpolate to Timestep
  6,                                      !- Hour 1
  0,                                      !- Minute 1
  0,                                      !- Value Until Time 1
  24,                                     !- Hour 2
  0,                                      !- Minute 2
  1;                                      !- Value Until Time 2

OS:Schedule:Day,
  {b763c08f-234d-441b-a741-a75bfd5b8ef1}, !- Handle
  RetailStandalone Exterior_lighting_schedule_a Summer Design Day, !- Name
  {f61a7542-1282-4583-8387-aeb662f19b86}, !- Schedule Type Limits Name
  ,                                       !- Interpolate to Timestep
  6,                                      !- Hour 1
  0,                                      !- Minute 1
  0,                                      !- Value Until Time 1
  24,                                     !- Hour 2
  0,                                      !- Minute 2
  1;                                      !- Value Until Time 2

OS:Exterior:Lights,
  {44294204-8db9-4ba2-bbd4-91db0c652a8a}, !- Handle
  NonDimming Exterior Lights Def,         !- Name
  {afa8f451-ca63-4d66-99ea-fb97110f3358}, !- Exterior Lights Definition Name
  {23fc64f8-a2df-4fe4-9121-f0a1be686776}, !- Schedule Name
  AstronomicalClock,                      !- Control Option
  ,                                       !- Multiplier
  General;                                !- End-Use Subcategory

OS:RunPeriodControl:DaylightSavingTime,
  {4d728160-38ad-4055-8e05-972f29e623e7}, !- Handle
  2nd Sunday in March,                    !- Start Date
  1st Sunday in November;                 !- End Date

OS:Site:GroundTemperature:FCfactorMethod,
  {a056f02c-ce7f-4a7a-8a50-290434907db3}, !- Handle
  9.7,                                    !- January Ground Temperature {C}
  6,                                      !- February Ground Temperature {C}
  -2.2,                                   !- March Ground Temperature {C}
  -3.4,                                   !- April Ground Temperature {C}
  -4.2,                                   !- May Ground Temperature {C}
  2.7,                                    !- June Ground Temperature {C}
  7.5,                                    !- July Ground Temperature {C}
  13.7,                                   !- August Ground Temperature {C}
  18.6,                                   !- September Ground Temperature {C}
  22,                                     !- October Ground Temperature {C}
  20.7,                                   !- November Ground Temperature {C}
  16.5;                                   !- December Ground Temperature {C}

OS:Schedule:Day,
  {7b7b04ed-7889-413e-9017-443f7e4be748}, !- Handle
  Economizer Max OA Fraction 70 pct Default, !- Name
  ,                                       !- Schedule Type Limits Name
  ,                                       !- Interpolate to Timestep
  24,                                     !- Hour 1
  0,                                      !- Minute 1
  0.7;                                    !- Value Until Time 1

OS:Schedule:Ruleset,
  {c1325893-f778-4e0f-9521-ce78bb0bc6e7}, !- Handle
  BackSpaceZNPSZACmaxOASch,               !- Name
  {f61a7542-1282-4583-8387-aeb662f19b86}, !- Schedule Type Limits Name
  {7c7a6f47-8d6a-4b20-a859-2fe256950615}; !- Default Day Schedule Name

OS:Schedule:Day,
  {7c7a6f47-8d6a-4b20-a859-2fe256950615}, !- Handle
  BackSpaceZNPSZACmaxOASchDefault,        !- Name
  {f61a7542-1282-4583-8387-aeb662f19b86}, !- Schedule Type Limits Name
  ,                                       !- Interpolate to Timestep
  24,                                     !- Hour 1
  0,                                      !- Minute 1
  0.7;                                    !- Value Until Time 1

OS:EnergyManagementSystem:Sensor,
  {85933fb0-e911-493f-a74b-0dd34e269774}, !- Handle
  OAT,                                    !- Name
  Environment,                            !- Output Variable or Output Meter Index Key Name
  Site Outdoor Air Drybulb Temperature;   !- Output Variable or Output Meter Name

OS:EnergyManagementSystem:Actuator,
  {6df338c7-ef04-42c8-a418-de281b4943db}, !- Handle
  CoreRetailZNPSZACHtgSch0,               !- Name
  {39fa59b9-7216-4efc-ba75-9600bf411ca3}, !- Actuated Component Name
  Schedule:Year,                          !- Actuated Component Type
  Schedule Value,                         !- Actuated Component Control Type
  ;                                       !- Zone or Space Name

OS:EnergyManagementSystem:Actuator,
  {b2b87e93-8a8c-4ced-8708-3abbe7c730ba}, !- Handle
  CoreRetailZNPSZACClgSch0,               !- Name
  {ccc105aa-ef17-4a33-a5b7-b434b1f65a13}, !- Actuated Component Name
  Schedule:Year,                          !- Actuated Component Type
  Schedule Value,                         !- Actuated Component Control Type
  ;                                       !- Zone or Space Name

OS:EnergyManagementSystem:Program,
  {c4e0be40-6617-4b44-9e4f-a2e8ddc42f8b}, !- Handle
  CoreRetailZNPSZACOptimumStartProg0,     !- Name
  IF DaylightSavings==0 && DayOfWeek>1 && Hour==5 && {85933fb0-e911-493f-a74b-0dd34e269774}<23.9 && {85933fb0-e911-493f-a74b-0dd34e269774}>1.7, !- Program Line 1
  SET {b2b87e93-8a8c-4ced-8708-3abbe7c730ba} = 29.4, !- Program Line 2
  SET {6df338c7-ef04-42c8-a418-de281b4943db} = 15.6, !- Program Line 3
  ELSEIF DaylightSavings==0 && DayOfWeek==1 && Hour==7 && {85933fb0-e911-493f-a74b-0dd34e269774}<23.9 && {85933fb0-e911-493f-a74b-0dd34e269774}>1.7, !- Program Line 4
  SET {b2b87e93-8a8c-4ced-8708-3abbe7c730ba} = 29.4, !- Program Line 5
  SET {6df338c7-ef04-42c8-a418-de281b4943db} = 15.6, !- Program Line 6
  ELSEIF DaylightSavings==1 && DayOfWeek>1 && Hour==4 && {85933fb0-e911-493f-a74b-0dd34e269774}<23.9 && {85933fb0-e911-493f-a74b-0dd34e269774}>1.7, !- Program Line 7
  SET {b2b87e93-8a8c-4ced-8708-3abbe7c730ba} = 29.4, !- Program Line 8
  SET {6df338c7-ef04-42c8-a418-de281b4943db} = 15.6, !- Program Line 9
  ELSEIF DaylightSavings==1 && DayOfWeek==1 && Hour==6 && {85933fb0-e911-493f-a74b-0dd34e269774}<23.9 && {85933fb0-e911-493f-a74b-0dd34e269774}>1.7, !- Program Line 10
  SET {b2b87e93-8a8c-4ced-8708-3abbe7c730ba} = 29.4, !- Program Line 11
  SET {6df338c7-ef04-42c8-a418-de281b4943db} = 15.6, !- Program Line 12
  ELSE,                                   !- Program Line 13
  SET {b2b87e93-8a8c-4ced-8708-3abbe7c730ba} = NULL, !- Program Line 14
  SET {6df338c7-ef04-42c8-a418-de281b4943db} = NULL, !- Program Line 15
  ENDIF;                                  !- Program Line 16

OS:EnergyManagementSystem:ProgramCallingManager,
  {bdf72278-0ca6-4efe-9550-aa849accb19e}, !- Handle
  CoreRetailZNPSZACOptimumStartCallingManager0, !- Name
  BeginTimestepBeforePredictor,           !- EnergyPlus Model Calling Point
  {c4e0be40-6617-4b44-9e4f-a2e8ddc42f8b}; !- Program Name 1

OS:Schedule:Ruleset,
  {2c0e114c-4db4-4366-b466-3d54053f0eb0}, !- Handle
  CoreRetailZNPSZACmaxOASch,              !- Name
  {f61a7542-1282-4583-8387-aeb662f19b86}, !- Schedule Type Limits Name
  {9494d3ea-f125-4495-98c1-1554ebbd61c8}; !- Default Day Schedule Name

OS:Schedule:Day,
  {9494d3ea-f125-4495-98c1-1554ebbd61c8}, !- Handle
  CoreRetailZNPSZACmaxOASchDefault,       !- Name
  {f61a7542-1282-4583-8387-aeb662f19b86}, !- Schedule Type Limits Name
  ,                                       !- Interpolate to Timestep
  24,                                     !- Hour 1
  0,                                      !- Minute 1
  0.7;                                    !- Value Until Time 1

OS:Schedule:Ruleset,
  {fcec0171-1a01-4035-bd6d-3dd738420217}, !- Handle
  FrontRetailZNPSZACmaxOASch,             !- Name
  {f61a7542-1282-4583-8387-aeb662f19b86}, !- Schedule Type Limits Name
  {ec2386a5-097b-4760-b092-c9f9d959bf7a}; !- Default Day Schedule Name

OS:Schedule:Day,
  {ec2386a5-097b-4760-b092-c9f9d959bf7a}, !- Handle
  FrontRetailZNPSZACmaxOASchDefault,      !- Name
  {f61a7542-1282-4583-8387-aeb662f19b86}, !- Schedule Type Limits Name
  ,                                       !- Interpolate to Timestep
  24,                                     !- Hour 1
  0,                                      !- Minute 1
  0.7;                                    !- Value Until Time 1

OS:Schedule:Ruleset,
  {571116c7-a9ce-4ab9-9cfa-dfb388dc918d}, !- Handle
  PointOfSaleZNPSZACmaxOASch,             !- Name
  {f61a7542-1282-4583-8387-aeb662f19b86}, !- Schedule Type Limits Name
  {110a50e1-6ebd-408d-92a6-316ef5ae48a1}; !- Default Day Schedule Name

OS:Schedule:Day,
  {110a50e1-6ebd-408d-92a6-316ef5ae48a1}, !- Handle
  PointOfSaleZNPSZACmaxOASchDefault,      !- Name
  {f61a7542-1282-4583-8387-aeb662f19b86}, !- Schedule Type Limits Name
  ,                                       !- Interpolate to Timestep
  24,                                     !- Hour 1
  0,                                      !- Minute 1
  0.7;                                    !- Value Until Time 1

OS:Curve:Biquadratic,
  {81fb092d-159d-4057-897e-f3a08547c841}, !- Handle
  CoilClgDXQRatio_fTwbToadbSI,            !- Name
  0.86779,                                !- Coefficient1 Constant
  0.014245,                               !- Coefficient2 x
  0.000554,                               !- Coefficient3 x**2
  -0.007569,                              !- Coefficient4 y
  3.2e-05,                                !- Coefficient5 y**2
  -0.000191,                              !- Coefficient6 x*y
  13.89,                                  !- Minimum Value of x
  25,                                     !- Maximum Value of x
  23.89,                                  !- Minimum Value of y
  46.11,                                  !- Maximum Value of y
  0.77,                                   !- Minimum Curve Output
  1.29;                                   !- Maximum Curve Output

OS:Curve:Quadratic,
  {d25ad948-f4c1-4c07-a504-3c56af45fb53}, !- Handle
  CoilClgDXSnglQRatio_fCFMRatio,          !- Name
  0.8,                                    !- Coefficient1 Constant
  0.2,                                    !- Coefficient2 x
  0,                                      !- Coefficient3 x**2
  0.5,                                    !- Minimum Value of x
  1.5;                                    !- Maximum Value of x

OS:Curve:Biquadratic,
  {b57eb341-7a19-4390-bf80-db59f5a27ae7}, !- Handle
  CoilClgDXEIRRatio_fTwbToadbSI,          !- Name
  0.116709,                               !- Coefficient1 Constant
  0.028458,                               !- Coefficient2 x
  -0.000411,                              !- Coefficient3 x**2
  0.021422,                               !- Coefficient4 y
  0.000162,                               !- Coefficient5 y**2
  -0.00068,                               !- Coefficient6 x*y
  13.89,                                  !- Minimum Value of x
  25,                                     !- Maximum Value of x
  23.89,                                  !- Minimum Value of y
  46.11,                                  !- Maximum Value of y
  0.77,                                   !- Minimum Curve Output
  1.33;                                   !- Maximum Curve Output

OS:Curve:Quadratic,
  {ddd56d57-c0b8-4d93-8c18-c321f1f48d8d}, !- Handle
  CoilClgDXSnglEIRRatio_fCFMRatio,        !- Name
  1.156,                                  !- Coefficient1 Constant
  -0.1816,                                !- Coefficient2 x
  0.0256,                                 !- Coefficient3 x**2
  0,                                      !- Minimum Value of x
  1;                                      !- Maximum Value of x

OS:Curve:Cubic,
  {97224acd-f872-4332-ad47-0dc894bdbe7d}, !- Handle
  CoilClgDXEIRRatio_fQFrac,               !- Name
  0,                                      !- Coefficient1 Constant
  5.1091,                                 !- Coefficient2 x
  -8.5515,                                !- Coefficient3 x**2
  4.4744,                                 !- Coefficient4 x**3
  0.7,                                    !- Minimum Value of x
  1;                                      !- Maximum Value of x

OS:AdditionalProperties,
  {982b1c02-3d25-4167-af3d-fa3c63e0e5aa}, !- Handle
  {7ed7c914-d25a-4de8-95a6-911b52ede43e}; !- Object Name

OS:LifeCycleCost:Parameters,
  {c652c311-b960-434a-8a8d-25c326d883eb}, !- Handle
  ,                                       !- Analysis Type
  ,                                       !- Discounting Convention
  ,                                       !- Inflation Approach
  ,                                       !- Real Discount Rate
  ,                                       !- Nominal Discount Rate
  ,                                       !- Inflation
  ,                                       !- Base Date Month
  ,                                       !- Base Date Year
  ,                                       !- Service Date Month
  ,                                       !- Service Date Year
  ;                                       !- Length of Study Period in Years

OS:StandardsInformation:Material,
  {271c73f0-7f3c-47ab-a1de-0485301a8239}, !- Handle
  {c174c0b6-d149-4155-a46a-0c540a686765}; !- Material Name

OS:StandardsInformation:Material,
  {6e78caff-7c86-4e7b-84bb-5f24e1a18a63}, !- Handle
  {111e0b8c-332d-4aee-b3d6-cf2950f450fa}; !- Material Name

OS:StandardsInformation:Material,
  {86fa93ec-157b-40a3-afd7-c8548daec922}, !- Handle
  {99eeae9a-4d72-44c3-a1e4-d0fe43f8073d}; !- Material Name

OS:StandardsInformation:Material,
  {4010d638-1d0e-44c3-a6db-cf3ba9769ff3}, !- Handle
  {bb24d357-6835-4024-ab61-b41b024eee44}; !- Material Name

OS:StandardsInformation:Material,
  {928bb05a-3703-4691-9d1f-c55b55f99e5b}, !- Handle
  {1b3e5f88-31b5-46af-a560-b5e77977a89c}; !- Material Name

OS:StandardsInformation:Material,
  {8319b499-fbfe-4cdf-a58b-1a06beb8c5a6}, !- Handle
  {a7aeac35-689d-4c5e-8c43-d8fa28f037ac}; !- Material Name

OS:StandardsInformation:Construction,
  {3d8f1543-44a0-4c1d-a3d9-6919a1001551}, !- Handle
  {2b6b95d3-6a97-48f5-bde6-842649b0e901}; !- Construction Name

OS:StandardsInformation:Construction,
  {f0ea1af3-c030-4fa1-b6ec-dc505e8cdf55}, !- Handle
  {a992d7d4-7d33-4928-89b1-b9fb6f20ef56}; !- Construction Name

OS:StandardsInformation:Construction,
  {10dc6d7f-9f46-43a9-9e24-dc3da0d544e9}, !- Handle
  {f30513b3-d016-40fc-975b-331805efbf82}; !- Construction Name

OS:StandardsInformation:Construction,
  {929ed7a3-9a30-430b-9b79-7cc334148e6b}, !- Handle
  {432ee6c8-fc43-42ea-b8fa-37a1a564500c}; !- Construction Name

OS:StandardsInformation:Material,
  {5e3c6d87-c16d-4ff6-976f-fc6d25efa421}, !- Handle
  {c325ca1f-4c01-405c-b1dd-d564b1a1221c}; !- Material Name

OS:StandardsInformation:Material,
  {b85e9b6f-0fa5-42f4-a2e8-24f345b9b149}, !- Handle
  {91bf5a8a-f7cf-4b9a-8668-af64fdfb720b}; !- Material Name

OS:StandardsInformation:Material,
  {612877a2-6f0c-4fb5-961e-4bf3b34f8248}, !- Handle
  {731222c9-3839-49f3-ab81-305cdcc27c6e}; !- Material Name

OS:StandardsInformation:Material,
  {4a7c2b76-3b00-4232-a739-43d00cf2571f}, !- Handle
  {5bf173e7-8c18-4d1b-bda5-18edf6d79333}; !- Material Name

OS:StandardsInformation:Material,
  {786b2844-efce-4baa-8014-c4162ce57eeb}, !- Handle
  {e7f2973d-c355-4b90-ad93-243b65e91a16}; !- Material Name

OS:StandardsInformation:Material,
  {7e2f607c-203c-4c0e-938c-7e0ca0965c2d}, !- Handle
  {192e3b12-6439-4334-9402-74d0ebf98e97}; !- Material Name

OS:StandardsInformation:Material,
  {078e7025-f827-4f5c-9d04-42605126a00e}, !- Handle
  {04934fbe-1a3d-4e7b-a7e6-703d0ac9c3ce}; !- Material Name

OS:StandardsInformation:Material,
  {8836ceb7-cc85-45b8-beeb-a165efb51d65}, !- Handle
  {5db2c748-11d5-4f43-a9c5-3d09aa61a111}; !- Material Name

OS:StandardsInformation:Material,
  {a7f3b79e-5ab9-4e72-9c30-acda6146bbc9}, !- Handle
  {f8e577ed-aea6-4315-9df8-f6958629cd4d}; !- Material Name

OS:StandardsInformation:Material,
  {6bf515fb-720b-4a48-89b2-0703bf984e68}, !- Handle
  {31dfdc3a-af43-41ca-8b57-af8d072d21fa}; !- Material Name

OS:StandardsInformation:Material,
  {027ff565-2109-43a4-9510-ea6637db9c97}, !- Handle
  {e0fa6d51-2e60-46d2-bb2a-f45258d78923}; !- Material Name

OS:StandardsInformation:Material,
  {533daf03-b2ae-4706-8b81-9ab89d82a789}, !- Handle
  {cb540928-22e5-4fc5-ba24-ed08ca85ae21}; !- Material Name

OS:StandardsInformation:Material,
  {de7e50e4-e7c4-48ed-b0cd-c03ebf71fc5a}, !- Handle
  {d9a00004-a5b4-4a9e-9c83-8602b888faa3}; !- Material Name

OS:StandardsInformation:Material,
  {0449ee66-08d5-4ddf-9f47-50e132b59cd1}, !- Handle
  {1266af0b-3c54-455f-ada7-79f4d6a11aa4}; !- Material Name

OS:StandardsInformation:Material,
  {7c087c51-8896-414c-9c5a-6b0626b7b42e}, !- Handle
  {18d162f6-0df3-4487-af82-f5d734442824}; !- Material Name

OS:StandardsInformation:Material,
  {d34c1eb7-b2df-4be9-bb02-6196eaf43557}, !- Handle
  {e0b3475e-b39a-4a99-95b7-7c14562ddb93}; !- Material Name

OS:StandardsInformation:Material,
  {5458f06e-e6ae-4d73-b67d-cfd7c2dc1fa7}, !- Handle
  {505e9f14-703d-4bfa-9a5a-baf25220bc9e}; !- Material Name

OS:StandardsInformation:Material,
  {872f4a81-56ab-4bb2-8ac8-5188411c739a}, !- Handle
  {235ebffc-d31a-408e-a281-bce0260ad4fb}; !- Material Name

OS:StandardsInformation:Material,
  {f9e334ce-ffb9-4466-a3f8-13baa7f35f56}, !- Handle
  {b6ac1556-3596-400e-b43d-a484b76eb6e5}; !- Material Name

OS:StandardsInformation:Material,
  {4e3d172b-f58e-4af7-a2ad-5b9acb2b4456}, !- Handle
  {4b938d65-bc77-44d4-980b-2375f7c463bc}; !- Material Name

OS:StandardsInformation:Material,
  {8b0def33-5069-4fe7-972f-90f62a6fab73}, !- Handle
  {ad25abab-d1e5-4380-a0e2-757440177f2b}; !- Material Name

OS:StandardsInformation:Material,
  {3113e594-960f-4bfb-b3cb-2fb2302f7ef1}, !- Handle
  {5ec9ff69-eea2-40f4-b40b-c3fa19ea75c4}; !- Material Name

OS:StandardsInformation:Construction,
  {2c0b5c55-e8b9-47a4-8a99-6d6c8551f36f}, !- Handle
  {b28f8299-9fae-4002-9859-8fe404e51915}; !- Construction Name

OS:WeatherFile,
  {5762a201-a61e-4a40-8d12-851ba5aa870a}, !- Handle
  Chicago Ohare Intl Ap,                  !- City
  IL,                                     !- State Province Region
  USA,                                    !- Country
  TMY3,                                   !- Data Source
  725300,                                 !- WMO Number
  41.98,                                  !- Latitude {deg}
  -87.92,                                 !- Longitude {deg}
  -6,                                     !- Time Zone {hr}
  201,                                    !- Elevation {m}
  USA_IL_Chicago-OHare.Intl.AP.725300_TMY3.epw, !- Url
  C254B53F,                               !- Checksum
  ,                                       !- Start Date Actual Year
  Sunday;                                 !- Start Day of Week

