
OS:Version,
  {e9f09005-24e3-47ab-a985-0cecfbce5349}, !- Handle
  3.11.0;                                 !- Version Identifier

OS:Schedule:Constant,
  {da075b50-9331-4adc-b033-2db36572d58e}, !- Handle
  Always On Discrete,                     !- Name
  {0aaaa7e7-d6e0-4f65-b9fa-b4f259094d79}, !- Schedule Type Limits Name
  1;                                      !- Value

OS:ScheduleTypeLimits,
  {0aaaa7e7-d6e0-4f65-b9fa-b4f259094d79}, !- Handle
  Always On Discrete Limits,              !- Name
  0,                                      !- Lower Limit Value
  1,                                      !- Upper Limit Value
  Discrete,                               !- Numeric Type
  Availability;                           !- Unit Type

OS:Site,
  {d628ef89-23e6-4381-a643-d45d869c0b05}, !- Handle
  Atlanta-Hartsfield Jackson Intl AP_GA_USA, !- Name
  33.63,                                  !- Latitude {deg}
  -84.43,                                 !- Longitude {deg}
  -5,                                     !- Time Zone {hr}
  308,                                    !- Elevation {m}
  City;                                   !- Terrain

OS:SimulationControl,
  {4e31ff8d-32bd-481e-9933-1c5f88b6c5eb}, !- Handle
  Yes,                                    !- Do Zone Sizing Calculation
  Yes,                                    !- Do System Sizing Calculation
  Yes,                                    !- Do Plant Sizing Calculation
  No,                                     !- Run Simulation for Sizing Periods
  Yes,                                    !- Run Simulation for Weather File Run Periods
  0.04,                                   !- Loads Convergence Tolerance Value {W}
  0.2,                                    !- Temperature Convergence Tolerance Value {deltaC}
  FullInteriorAndExterior,                !- Solar Distribution
  25,                                     !- Maximum Number of Warmup Days
  6,                                      !- Minimum Number of Warmup Days
  No,                                     !- Do HVAC Sizing Simulation for Sizing Periods
  1;                                      !- Maximum Number of HVAC Sizing Simulation Passes

OS:Surface,
  {6789e292-eb47-482c-9c86-55ba1bc52ed6}, !- Handle
  Core_Retail_Wall_South_3,               !- Name
  Wall,                                   !- Surface Type
  ,                                       !- Construction Name
  {e3918e2f-852e-438a-a248-c13d9fc146d0}, !- Space Name
  Surface,                                !- Outside Boundary Condition
  {8bf95084-bb5f-4d27-8a8b-7b57ea4b863c}, !- Outside Boundary Condition Object
  NoSun,                                  !- Sun Exposure
  NoWind,                                 !- Wind Exposure
  ,                                       !- View Factor to Ground
  ,                                       !- Number of Vertices
  29.135, 0, 6.096,                       !- X,Y,Z Vertex 1 {m}
  29.135, 0, 0,                           !- X,Y,Z Vertex 2 {m}
  54.27, 0, 0,                            !- X,Y,Z Vertex 3 {m}
  54.27, 0, 6.096;                        !- X,Y,Z Vertex 4 {m}

OS:Space,
  {e3918e2f-852e-438a-a248-c13d9fc146d0}, !- Handle
  Core_Retail,                            !- Name
  {41f69eaa-5eeb-42eb-996c-0f4de8e4a667}, !- Space Type Name
  ,                                       !- Default Construction Set Name
  ,                                       !- Default Schedule Set Name
  0,                                      !- Direction of Relative North {deg}
  0,                                      !- X Origin {m}
  6,                                      !- Y Origin {m}
  0,                                      !- Z Origin {m}
  {c7a01718-b524-4001-b115-c6ec1f1565c1}, !- Building Story Name
  {642a64b1-7881-41ca-91fa-67733b4dc7af}, !- Thermal Zone Name
  Yes;                                    !- Part of Total Floor Area

OS:Space,
  {5e3f23ce-ce46-4ddb-aa00-f04cd954fb88}, !- Handle
  Point_Of_Sale,                          !- Name
  {bee7a769-0f42-4be2-92b3-1f1cd06fa604}, !- Space Type Name
  ,                                       !- Default Construction Set Name
  ,                                       !- Default Schedule Set Name
  0,                                      !- Direction of Relative North {deg}
  0,                                      !- X Origin {m}
  0,                                      !- Y Origin {m}
  0,                                      !- Z Origin {m}
  {c7a01718-b524-4001-b115-c6ec1f1565c1}, !- Building Story Name
  {ecd0b4dd-c3aa-483f-9c84-d8758f08db4c}, !- Thermal Zone Name
  Yes;                                    !- Part of Total Floor Area

OS:Surface,
  {3684a61f-1889-4620-be0b-4084d4a576d3}, !- Handle
  Front_Retail_Floor,                     !- Name
  Floor,                                  !- Surface Type
  {112f3710-43f5-4385-82bb-5f4127066c8e}, !- Construction Name
  {5e7c1d0f-985d-4e7c-870a-fc6c94988ab0}, !- Space Name
  GroundFCfactorMethod,                   !- Outside Boundary Condition
  ,                                       !- Outside Boundary Condition Object
  NoSun,                                  !- Sun Exposure
  NoWind,                                 !- Wind Exposure
  ,                                       !- View Factor to Ground
  ,                                       !- Number of Vertices
  25.135, 6, 0,                           !- X,Y,Z Vertex 1 {m}
  25.135, 0, 0,                           !- X,Y,Z Vertex 2 {m}
  0, 0, 0,                                !- X,Y,Z Vertex 3 {m}
  0, 6, 0;                                !- X,Y,Z Vertex 4 {m}

OS:Space,
  {5e7c1d0f-985d-4e7c-870a-fc6c94988ab0}, !- Handle
  Front_Retail,                           !- Name
  {41f69eaa-5eeb-42eb-996c-0f4de8e4a667}, !- Space Type Name
  ,                                       !- Default Construction Set Name
  ,                                       !- Default Schedule Set Name
  0,                                      !- Direction of Relative North {deg}
  29.135,                                 !- X Origin {m}
  0,                                      !- Y Origin {m}
  0,                                      !- Z Origin {m}
  {c7a01718-b524-4001-b115-c6ec1f1565c1}, !- Building Story Name
  {f881e34a-2ae1-43da-bd34-e895f53ea752}, !- Thermal Zone Name
  Yes;                                    !- Part of Total Floor Area

OS:Surface,
  {2bffbdce-0ae2-4874-b454-da281e05376d}, !- Handle
  Core_Retail_Wall_South_2,               !- Name
  Wall,                                   !- Surface Type
  ,                                       !- Construction Name
  {e3918e2f-852e-438a-a248-c13d9fc146d0}, !- Space Name
  Surface,                                !- Outside Boundary Condition
  {43572da1-981a-4d4f-82a7-bc1f9be9e514}, !- Outside Boundary Condition Object
  NoSun,                                  !- Sun Exposure
  NoWind,                                 !- Wind Exposure
  ,                                       !- View Factor to Ground
  ,                                       !- Number of Vertices
  25.135, -3, 6.096,                      !- X,Y,Z Vertex 1 {m}
  25.135, -3, 0,                          !- X,Y,Z Vertex 2 {m}
  29.135, -3, 0,                          !- X,Y,Z Vertex 3 {m}
  29.135, -3, 6.096;                      !- X,Y,Z Vertex 4 {m}

OS:Output:Meter,
  {1cf0f57b-5a34-40a9-a21a-fa9f1a9e6b66}, !- Handle
  ElectricityNet:Facility,                !- Name
  hourly,                                 !- Reporting Frequency
  True,                                   !- Meter File Only
  False;                                  !- Cumulative

OS:Surface,
  {afeaa6e3-da01-4f58-a03f-b7c5ca072c2c}, !- Handle
  Front_Retail_Wall_South,                !- Name
  Wall,                                   !- Surface Type
  ,                                       !- Construction Name
  {5e7c1d0f-985d-4e7c-870a-fc6c94988ab0}, !- Space Name
  Outdoors,                               !- Outside Boundary Condition
  ,                                       !- Outside Boundary Condition Object
  SunExposed,                             !- Sun Exposure
  WindExposed,                            !- Wind Exposure
  ,                                       !- View Factor to Ground
  ,                                       !- Number of Vertices
  0, 0, 6.096,                            !- X,Y,Z Vertex 1 {m}
  0, 0, 0,                                !- X,Y,Z Vertex 2 {m}
  25.135, 0, 0,                           !- X,Y,Z Vertex 3 {m}
  25.135, 0, 6.096;                       !- X,Y,Z Vertex 4 {m}

OS:Surface,
  {d6722c0b-ff00-4e53-8eab-a7b995d66e18}, !- Handle
  Back_Space_Roof,                        !- Name
  RoofCeiling,                            !- Surface Type
  ,                                       !- Construction Name
  {3d4b9ba5-883d-4fc8-bf66-520e25258a41}, !- Space Name
  Outdoors,                               !- Outside Boundary Condition
  ,                                       !- Outside Boundary Condition Object
  SunExposed,                             !- Sun Exposure
  WindExposed,                            !- Wind Exposure
  ,                                       !- View Factor to Ground
  ,                                       !- Number of Vertices
  54.27, 0, 6.096,                        !- X,Y,Z Vertex 1 {m}
  54.27, 7, 6.096,                        !- X,Y,Z Vertex 2 {m}
  0, 7, 6.096,                            !- X,Y,Z Vertex 3 {m}
  0, 0, 6.096;                            !- X,Y,Z Vertex 4 {m}

OS:Space,
  {3d4b9ba5-883d-4fc8-bf66-520e25258a41}, !- Handle
  Back_Space,                             !- Name
  {97f23ccd-8db1-4550-b7eb-9fd314f98603}, !- Space Type Name
  ,                                       !- Default Construction Set Name
  ,                                       !- Default Schedule Set Name
  0,                                      !- Direction of Relative North {deg}
  0,                                      !- X Origin {m}
  35.27,                                  !- Y Origin {m}
  0,                                      !- Z Origin {m}
  {c7a01718-b524-4001-b115-c6ec1f1565c1}, !- Building Story Name
  {14b8ce65-e2ee-4bf8-8d91-542874e6c5ed}, !- Thermal Zone Name
  Yes;                                    !- Part of Total Floor Area

OS:Surface,
  {8bf95084-bb5f-4d27-8a8b-7b57ea4b863c}, !- Handle
  Front_Retail_Wall_North,                !- Name
  Wall,                                   !- Surface Type
  ,                                       !- Construction Name
  {5e7c1d0f-985d-4e7c-870a-fc6c94988ab0}, !- Space Name
  Surface,                                !- Outside Boundary Condition
  {6789e292-eb47-482c-9c86-55ba1bc52ed6}, !- Outside Boundary Condition Object
  NoSun,                                  !- Sun Exposure
  NoWind,                                 !- Wind Exposure
  ,                                       !- View Factor to Ground
  ,                                       !- Number of Vertices
  25.135, 6, 6.096,                       !- X,Y,Z Vertex 1 {m}
  25.135, 6, 0,                           !- X,Y,Z Vertex 2 {m}
  0, 6, 0,                                !- X,Y,Z Vertex 3 {m}
  0, 6, 6.096;                            !- X,Y,Z Vertex 4 {m}

OS:ConvergenceLimits,
  {3beb1ccc-7237-4dcd-a69b-cd3e764ee78a}, !- Handle
  1,                                      !- Minimum System Timestep {minutes}
  20;                                     !- Maximum HVAC Iterations

OS:Sizing:Parameters,
  {ede32cfa-f149-43eb-8c2e-1b859e103d90}, !- Handle
  1.2,                                    !- Heating Sizing Factor
  1.2,                                    !- Cooling Sizing Factor
  6;                                      !- Timesteps in Averaging Window

OS:SubSurface,
  {635cf325-9c30-4af5-9211-97e8552b27f4}, !- Handle
  skylights_R1C3,                         !- Name
  Skylight,                               !- Sub Surface Type
  ,                                       !- Construction Name
  {66414309-916b-416b-bfe4-4dedd3955db9}, !- Surface Name
  ,                                       !- Outside Boundary Condition Object
  ,                                       !- View Factor to Ground
  ,                                       !- Frame and Divider Name
  ,                                       !- Multiplier
  ,                                       !- Number of Vertices
  11.8872, 26.5268, 6.096,                !- X,Y,Z Vertex 1 {m}
  11.8872, 27.4412, 6.096,                !- X,Y,Z Vertex 2 {m}
  10.9728, 27.4412, 6.096,                !- X,Y,Z Vertex 3 {m}
  10.9728, 26.5268, 6.096;                !- X,Y,Z Vertex 4 {m}

OS:Surface,
  {66414309-916b-416b-bfe4-4dedd3955db9}, !- Handle
  Core_Retail_Roof,                       !- Name
  RoofCeiling,                            !- Surface Type
  ,                                       !- Construction Name
  {e3918e2f-852e-438a-a248-c13d9fc146d0}, !- Space Name
  Outdoors,                               !- Outside Boundary Condition
  ,                                       !- Outside Boundary Condition Object
  SunExposed,                             !- Sun Exposure
  WindExposed,                            !- Wind Exposure
  ,                                       !- View Factor to Ground
  ,                                       !- Number of Vertices
  0, 29.27, 6.096,                        !- X,Y,Z Vertex 1 {m}
  0, 0, 6.096,                            !- X,Y,Z Vertex 2 {m}
  54.27, 0, 6.096,                        !- X,Y,Z Vertex 3 {m}
  54.27, 29.27, 6.096;                    !- X,Y,Z Vertex 4 {m}

OS:Surface,
  {007c4111-77bc-466f-ac9b-021f9a1a4397}, !- Handle
  Core_Retail_Roof_Protrusion,            !- Name
  RoofCeiling,                            !- Surface Type
  ,                                       !- Construction Name
  {e3918e2f-852e-438a-a248-c13d9fc146d0}, !- Space Name
  Outdoors,                               !- Outside Boundary Condition
  ,                                       !- Outside Boundary Condition Object
  SunExposed,                             !- Sun Exposure
  WindExposed,                            !- Wind Exposure
  ,                                       !- View Factor to Ground
  ,                                       !- Number of Vertices
  25.135, 0, 6.096,                       !- X,Y,Z Vertex 1 {m}
  25.135, -3, 6.096,                      !- X,Y,Z Vertex 2 {m}
  29.135, -3, 6.096,                      !- X,Y,Z Vertex 3 {m}
  29.135, 0, 6.096;                       !- X,Y,Z Vertex 4 {m}

OS:Surface,
  {a31f7ea1-1720-443d-b667-3a336eea09fd}, !- Handle
  Core_Retail_Wall_West_2,                !- Name
  Wall,                                   !- Surface Type
  ,                                       !- Construction Name
  {e3918e2f-852e-438a-a248-c13d9fc146d0}, !- Space Name
  Outdoors,                               !- Outside Boundary Condition
  ,                                       !- Outside Boundary Condition Object
  SunExposed,                             !- Sun Exposure
  WindExposed,                            !- Wind Exposure
  ,                                       !- View Factor to Ground
  ,                                       !- Number of Vertices
  0, 29.27, 6.096,                        !- X,Y,Z Vertex 1 {m}
  0, 29.27, 0,                            !- X,Y,Z Vertex 2 {m}
  0, 0, 0,                                !- X,Y,Z Vertex 3 {m}
  0, 0, 6.096;                            !- X,Y,Z Vertex 4 {m}

OS:Surface,
  {e396167b-f101-4ea0-bff4-b443502f8dad}, !- Handle
  Front_Entry_Roof,                       !- Name
  RoofCeiling,                            !- Surface Type
  ,                                       !- Construction Name
  {7f004107-3619-4e77-8241-17e92dc82fb2}, !- Space Name
  Outdoors,                               !- Outside Boundary Condition
  ,                                       !- Outside Boundary Condition Object
  SunExposed,                             !- Sun Exposure
  WindExposed,                            !- Wind Exposure
  ,                                       !- View Factor to Ground
  ,                                       !- Number of Vertices
  4, 0, 6.096,                            !- X,Y,Z Vertex 1 {m}
  4, 3, 6.096,                            !- X,Y,Z Vertex 2 {m}
  0, 3, 6.096,                            !- X,Y,Z Vertex 3 {m}
  0, 0, 6.096;                            !- X,Y,Z Vertex 4 {m}

OS:Space,
  {7f004107-3619-4e77-8241-17e92dc82fb2}, !- Handle
  Front_Entry,                            !- Name
  {0bcafa2d-62fc-4553-b313-ffb78a469e75}, !- Space Type Name
  ,                                       !- Default Construction Set Name
  ,                                       !- Default Schedule Set Name
  0,                                      !- Direction of Relative North {deg}
  25.135,                                 !- X Origin {m}
  0,                                      !- Y Origin {m}
  0,                                      !- Z Origin {m}
  {c7a01718-b524-4001-b115-c6ec1f1565c1}, !- Building Story Name
  {2088e316-6881-456f-8a2f-40058bebc7a6}, !- Thermal Zone Name
  Yes;                                    !- Part of Total Floor Area

OS:Surface,
  {fd1a4dbd-7476-471d-8700-4f09fca3ccc1}, !- Handle
  Back_Space_Wall_North,                  !- Name
  Wall,                                   !- Surface Type
  ,                                       !- Construction Name
  {3d4b9ba5-883d-4fc8-bf66-520e25258a41}, !- Space Name
  Outdoors,                               !- Outside Boundary Condition
  ,                                       !- Outside Boundary Condition Object
  SunExposed,                             !- Sun Exposure
  WindExposed,                            !- Wind Exposure
  ,                                       !- View Factor to Ground
  ,                                       !- Number of Vertices
  54.27, 7, 6.096,                        !- X,Y,Z Vertex 1 {m}
  54.27, 7, 0,                            !- X,Y,Z Vertex 2 {m}
  0, 7, 0,                                !- X,Y,Z Vertex 3 {m}
  0, 7, 6.096;                            !- X,Y,Z Vertex 4 {m}

OS:Surface,
  {7a4811b9-5817-4e99-9c55-1d924e457651}, !- Handle
  Back_Space_Wall_West,                   !- Name
  Wall,                                   !- Surface Type
  ,                                       !- Construction Name
  {3d4b9ba5-883d-4fc8-bf66-520e25258a41}, !- Space Name
  Outdoors,                               !- Outside Boundary Condition
  ,                                       !- Outside Boundary Condition Object
  SunExposed,                             !- Sun Exposure
  WindExposed,                            !- Wind Exposure
  ,                                       !- View Factor to Ground
  ,                                       !- Number of Vertices
  0, 7, 6.096,                            !- X,Y,Z Vertex 1 {m}
  0, 7, 0,                                !- X,Y,Z Vertex 2 {m}
  0, 0, 0,                                !- X,Y,Z Vertex 3 {m}
  0, 0, 6.096;                            !- X,Y,Z Vertex 4 {m}

OS:Output:Meter,
  {4e77ba7c-e5f3-47a3-a837-1f69f2f511d6}, !- Handle
  Electricity:Building,                   !- Name
  hourly,                                 !- Reporting Frequency
  True,                                   !- Meter File Only
  False;                                  !- Cumulative

OS:Surface,
  {12ad2ef1-1986-4d0d-aec9-9a5749ff76e8}, !- Handle
  Front_Entry_Wall_South,                 !- Name
  Wall,                                   !- Surface Type
  ,                                       !- Construction Name
  {7f004107-3619-4e77-8241-17e92dc82fb2}, !- Space Name
  Outdoors,                               !- Outside Boundary Condition
  ,                                       !- Outside Boundary Condition Object
  SunExposed,                             !- Sun Exposure
  WindExposed,                            !- Wind Exposure
  ,                                       !- View Factor to Ground
  ,                                       !- Number of Vertices
  0, 0, 6.096,                            !- X,Y,Z Vertex 1 {m}
  0, 0, 0,                                !- X,Y,Z Vertex 2 {m}
  4, 0, 0,                                !- X,Y,Z Vertex 3 {m}
  4, 0, 6.096;                            !- X,Y,Z Vertex 4 {m}

OS:Surface,
  {9e2084e4-ad19-44df-8840-0cdde15402c6}, !- Handle
  Point_Of_Sale_Wall_South,               !- Name
  Wall,                                   !- Surface Type
  ,                                       !- Construction Name
  {5e3f23ce-ce46-4ddb-aa00-f04cd954fb88}, !- Space Name
  Outdoors,                               !- Outside Boundary Condition
  ,                                       !- Outside Boundary Condition Object
  SunExposed,                             !- Sun Exposure
  WindExposed,                            !- Wind Exposure
  ,                                       !- View Factor to Ground
  ,                                       !- Number of Vertices
  0, 0, 6.096,                            !- X,Y,Z Vertex 1 {m}
  0, 0, 0,                                !- X,Y,Z Vertex 2 {m}
  25.135, 0, 0,                           !- X,Y,Z Vertex 3 {m}
  25.135, 0, 6.096;                       !- X,Y,Z Vertex 4 {m}

OS:SubSurface,
  {f29f0742-d78e-4901-835a-302597df7d48}, !- Handle
  skylights_R1C4,                         !- Name
  Skylight,                               !- Sub Surface Type
  ,                                       !- Construction Name
  {66414309-916b-416b-bfe4-4dedd3955db9}, !- Surface Name
  ,                                       !- Outside Boundary Condition Object
  ,                                       !- View Factor to Ground
  ,                                       !- Frame and Divider Name
  ,                                       !- Multiplier
  ,                                       !- Number of Vertices
  16.4592, 26.5268, 6.096,                !- X,Y,Z Vertex 1 {m}
  16.4592, 27.4412, 6.096,                !- X,Y,Z Vertex 2 {m}
  15.5448, 27.4412, 6.096,                !- X,Y,Z Vertex 3 {m}
  15.5448, 26.5268, 6.096;                !- X,Y,Z Vertex 4 {m}

OS:HeatBalanceAlgorithm,
  {318c86c4-06e2-43bc-afde-62940732115d}, !- Handle
  ConductionTransferFunction,             !- Algorithm
  200;                                    !- Surface Temperature Upper Limit {C}

OS:Surface,
  {81dda3e1-bd3c-457e-b12e-8a51c6c0efa9}, !- Handle
  Front_Entry_Floor,                      !- Name
  Floor,                                  !- Surface Type
  {b405a57c-6b27-47ab-8def-89cb7621d73e}, !- Construction Name
  {7f004107-3619-4e77-8241-17e92dc82fb2}, !- Space Name
  GroundFCfactorMethod,                   !- Outside Boundary Condition
  ,                                       !- Outside Boundary Condition Object
  NoSun,                                  !- Sun Exposure
  NoWind,                                 !- Wind Exposure
  ,                                       !- View Factor to Ground
  ,                                       !- Number of Vertices
  4, 3, 0,                                !- X,Y,Z Vertex 1 {m}
  4, 0, 0,                                !- X,Y,Z Vertex 2 {m}
  0, 0, 0,                                !- X,Y,Z Vertex 3 {m}
  0, 3, 0;                                !- X,Y,Z Vertex 4 {m}

OS:ShadowCalculation,
  {cc8cb12c-d8f0-4621-8b41-f00cdaead550}, !- Handle
  PolygonClipping,                        !- Shading Calculation Method
  ,                                       !- Shading Calculation Update Frequency Method
  30,                                     !- Shading Calculation Update Frequency
  15000,                                  !- Maximum Figures in Shadow Overlap Calculations
  ,                                       !- Polygon Clipping Algorithm
  512,                                    !- Pixel Counting Resolution
  ,                                       !- Sky Diffuse Modeling Algorithm
  No,                                     !- Output External Shading Calculation Results
  No,                                     !- Disable Self-Shading Within Shading Zone Groups
  No;                                     !- Disable Self-Shading From Shading Zone Groups to Other Zones

OS:Surface,
  {960fe736-0622-4c72-b943-236be6cef102}, !- Handle
  Front_Retail_Wall_West_2,               !- Name
  Wall,                                   !- Surface Type
  ,                                       !- Construction Name
  {5e7c1d0f-985d-4e7c-870a-fc6c94988ab0}, !- Space Name
  Surface,                                !- Outside Boundary Condition
  {3a803ae8-2739-4184-b647-2d63ff0aa034}, !- Outside Boundary Condition Object
  NoSun,                                  !- Sun Exposure
  NoWind,                                 !- Wind Exposure
  ,                                       !- View Factor to Ground
  ,                                       !- Number of Vertices
  0, 6, 6.096,                            !- X,Y,Z Vertex 1 {m}
  0, 6, 0,                                !- X,Y,Z Vertex 2 {m}
  0, 3, 0,                                !- X,Y,Z Vertex 3 {m}
  0, 3, 6.096;                            !- X,Y,Z Vertex 4 {m}

OS:Surface,
  {eef61dd9-cda5-4d48-a929-6afcaf9b7bc2}, !- Handle
  Core_Retail_Floor,                      !- Name
  Floor,                                  !- Surface Type
  {a020e9b9-a3d0-43e5-afed-0ad10dffc090}, !- Construction Name
  {e3918e2f-852e-438a-a248-c13d9fc146d0}, !- Space Name
  GroundFCfactorMethod,                   !- Outside Boundary Condition
  ,                                       !- Outside Boundary Condition Object
  NoSun,                                  !- Sun Exposure
  NoWind,                                 !- Wind Exposure
  ,                                       !- View Factor to Ground
  ,                                       !- Number of Vertices
  54.27, 29.27, 0,                        !- X,Y,Z Vertex 1 {m}
  54.27, 0, 0,                            !- X,Y,Z Vertex 2 {m}
  29.135, 0, 0,                           !- X,Y,Z Vertex 3 {m}
  29.135, -3, 0,                          !- X,Y,Z Vertex 4 {m}
  25.135, -3, 0,                          !- X,Y,Z Vertex 5 {m}
  25.135, 0, 0,                           !- X,Y,Z Vertex 6 {m}
  0, 0, 0,                                !- X,Y,Z Vertex 7 {m}
  0, 29.27, 0;                            !- X,Y,Z Vertex 8 {m}

OS:Output:Meter,
  {9497f9cd-078f-4a57-875f-447b71785546}, !- Handle
  Electricity:Facility,                   !- Name
  hourly,                                 !- Reporting Frequency
  True,                                   !- Meter File Only
  False;                                  !- Cumulative

OS:SubSurface,
  {e1a3db3d-d2ab-49ea-ab9e-0768db4be47a}, !- Handle
  Front_Entry_Wall_South_Glazing,         !- Name
  FixedWindow,                            !- Sub Surface Type
  ,                                       !- Construction Name
  {12ad2ef1-1986-4d0d-aec9-9a5749ff76e8}, !- Surface Name
  ,                                       !- Outside Boundary Condition Object
  ,                                       !- View Factor to Ground
  ,                                       !- Frame and Divider Name
  1,                                      !- Multiplier
  ,                                       !- Number of Vertices
  0.5, 0, 2.66,                           !- X,Y,Z Vertex 1 {m}
  0.5, 0, 0.05,                           !- X,Y,Z Vertex 2 {m}
  3.5, 0, 0.05,                           !- X,Y,Z Vertex 3 {m}
  3.5, 0, 2.66;                           !- X,Y,Z Vertex 4 {m}

OS:Surface,
  {4558465b-f49a-4db7-8298-0505e3d34a13}, !- Handle
  Point_Of_Sale_Wall_East_1,              !- Name
  Wall,                                   !- Surface Type
  ,                                       !- Construction Name
  {5e3f23ce-ce46-4ddb-aa00-f04cd954fb88}, !- Space Name
  Surface,                                !- Outside Boundary Condition
  {d5faeb59-2fc1-4383-9e9b-3ddc4300d6b0}, !- Outside Boundary Condition Object
  NoSun,                                  !- Sun Exposure
  NoWind,                                 !- Wind Exposure
  ,                                       !- View Factor to Ground
  ,                                       !- Number of Vertices
  25.135, 0, 6.096,                       !- X,Y,Z Vertex 1 {m}
  25.135, 0, 0,                           !- X,Y,Z Vertex 2 {m}
  25.135, 3, 0,                           !- X,Y,Z Vertex 3 {m}
  25.135, 3, 6.096;                       !- X,Y,Z Vertex 4 {m}

OS:Surface,
  {1852250b-cd5f-44b6-a94a-ff29be82e036}, !- Handle
  Core_Retail_Wall_South_1,               !- Name
  Wall,                                   !- Surface Type
  ,                                       !- Construction Name
  {e3918e2f-852e-438a-a248-c13d9fc146d0}, !- Space Name
  Surface,                                !- Outside Boundary Condition
  {dfedf32b-8548-496f-92ef-3c47c8942074}, !- Outside Boundary Condition Object
  NoSun,                                  !- Sun Exposure
  NoWind,                                 !- Wind Exposure
  ,                                       !- View Factor to Ground
  ,                                       !- Number of Vertices
  0, 0, 6.096,                            !- X,Y,Z Vertex 1 {m}
  0, 0, 0,                                !- X,Y,Z Vertex 2 {m}
  25.135, 0, 0,                           !- X,Y,Z Vertex 3 {m}
  25.135, 0, 6.096;                       !- X,Y,Z Vertex 4 {m}

OS:SubSurface,
  {e5db8733-b3ae-4f23-894d-642179e6b95b}, !- Handle
  Front_Retail_Wall_South_Glazing,        !- Name
  FixedWindow,                            !- Sub Surface Type
  ,                                       !- Construction Name
  {afeaa6e3-da01-4f58-a03f-b7c5ca072c2c}, !- Surface Name
  ,                                       !- Outside Boundary Condition Object
  ,                                       !- View Factor to Ground
  ,                                       !- Frame and Divider Name
  1,                                      !- Multiplier
  ,                                       !- Number of Vertices
  0.05, 0, 2.66,                          !- X,Y,Z Vertex 1 {m}
  0.05, 0, 1.14,                          !- X,Y,Z Vertex 2 {m}
  25.085, 0, 1.14,                        !- X,Y,Z Vertex 3 {m}
  25.085, 0, 2.66;                        !- X,Y,Z Vertex 4 {m}

OS:Surface,
  {3ae37316-624c-4632-bdab-1ea58a08e340}, !- Handle
  Front_Retail_Walll_East,                !- Name
  Wall,                                   !- Surface Type
  ,                                       !- Construction Name
  {5e7c1d0f-985d-4e7c-870a-fc6c94988ab0}, !- Space Name
  Outdoors,                               !- Outside Boundary Condition
  ,                                       !- Outside Boundary Condition Object
  SunExposed,                             !- Sun Exposure
  WindExposed,                            !- Wind Exposure
  ,                                       !- View Factor to Ground
  ,                                       !- Number of Vertices
  25.135, 0, 6.096,                       !- X,Y,Z Vertex 1 {m}
  25.135, 0, 0,                           !- X,Y,Z Vertex 2 {m}
  25.135, 6, 0,                           !- X,Y,Z Vertex 3 {m}
  25.135, 6, 6.096;                       !- X,Y,Z Vertex 4 {m}

OS:Surface,
  {5c916dd3-bde7-4d45-91c4-99d855dedf21}, !- Handle
  Point_Of_Sale_Floor,                    !- Name
  Floor,                                  !- Surface Type
  {112f3710-43f5-4385-82bb-5f4127066c8e}, !- Construction Name
  {5e3f23ce-ce46-4ddb-aa00-f04cd954fb88}, !- Space Name
  GroundFCfactorMethod,                   !- Outside Boundary Condition
  ,                                       !- Outside Boundary Condition Object
  NoSun,                                  !- Sun Exposure
  NoWind,                                 !- Wind Exposure
  ,                                       !- View Factor to Ground
  ,                                       !- Number of Vertices
  25.135, 6, 0,                           !- X,Y,Z Vertex 1 {m}
  25.135, 0, 0,                           !- X,Y,Z Vertex 2 {m}
  0, 0, 0,                                !- X,Y,Z Vertex 3 {m}
  0, 6, 0;                                !- X,Y,Z Vertex 4 {m}

OS:SubSurface,
  {50fe01ef-0210-489e-a0bb-07e3a5b6f394}, !- Handle
  skylights_R2C2,                         !- Name
  Skylight,                               !- Sub Surface Type
  ,                                       !- Construction Name
  {66414309-916b-416b-bfe4-4dedd3955db9}, !- Surface Name
  ,                                       !- Outside Boundary Condition Object
  ,                                       !- View Factor to Ground
  ,                                       !- Frame and Divider Name
  ,                                       !- Multiplier
  ,                                       !- Number of Vertices
  7.3152, 21.9548, 6.096,                 !- X,Y,Z Vertex 1 {m}
  7.3152, 22.8692, 6.096,                 !- X,Y,Z Vertex 2 {m}
  6.4008, 22.8692, 6.096,                 !- X,Y,Z Vertex 3 {m}
  6.4008, 21.9548, 6.096;                 !- X,Y,Z Vertex 4 {m}

OS:Timestep,
  {dc8c7b54-eac1-4b70-989c-cb6e1d922d80}, !- Handle
  6;                                      !- Number of Timesteps per Hour

OS:Surface,
  {497b3d76-615d-459c-a4ee-bc25db29d4b4}, !- Handle
  Back_Space_Wall_East,                   !- Name
  Wall,                                   !- Surface Type
  ,                                       !- Construction Name
  {3d4b9ba5-883d-4fc8-bf66-520e25258a41}, !- Space Name
  Outdoors,                               !- Outside Boundary Condition
  ,                                       !- Outside Boundary Condition Object
  SunExposed,                             !- Sun Exposure
  WindExposed,                            !- Wind Exposure
  ,                                       !- View Factor to Ground
  ,                                       !- Number of Vertices
  54.27, 0, 6.096,                        !- X,Y,Z Vertex 1 {m}
  54.27, 0, 0,                            !- X,Y,Z Vertex 2 {m}
  54.27, 7, 0,                            !- X,Y,Z Vertex 3 {m}
  54.27, 7, 6.096;                        !- X,Y,Z Vertex 4 {m}

OS:Surface,
  {95d26802-2d02-4ac3-b268-576e092894e3}, !- Handle
  Point_Of_Sale_Roof,                     !- Name
  RoofCeiling,                            !- Surface Type
  ,                                       !- Construction Name
  {5e3f23ce-ce46-4ddb-aa00-f04cd954fb88}, !- Space Name
  Outdoors,                               !- Outside Boundary Condition
  ,                                       !- Outside Boundary Condition Object
  SunExposed,                             !- Sun Exposure
  WindExposed,                            !- Wind Exposure
  ,                                       !- View Factor to Ground
  ,                                       !- Number of Vertices
  25.135, 0, 6.096,                       !- X,Y,Z Vertex 1 {m}
  25.135, 6, 6.096,                       !- X,Y,Z Vertex 2 {m}
  0, 6, 6.096,                            !- X,Y,Z Vertex 3 {m}
  0, 0, 6.096;                            !- X,Y,Z Vertex 4 {m}

OS:Surface,
  {1a114045-9b3c-4959-8064-d53efda4b6b3}, !- Handle
  Point_Of_Sale_Wall_West,                !- Name
  Wall,                                   !- Surface Type
  ,                                       !- Construction Name
  {5e3f23ce-ce46-4ddb-aa00-f04cd954fb88}, !- Space Name
  Outdoors,                               !- Outside Boundary Condition
  ,                                       !- Outside Boundary Condition Object
  SunExposed,                             !- Sun Exposure
  WindExposed,                            !- Wind Exposure
  ,                                       !- View Factor to Ground
  ,                                       !- Number of Vertices
  0, 6, 6.096,                            !- X,Y,Z Vertex 1 {m}
  0, 6, 0,                                !- X,Y,Z Vertex 2 {m}
  0, 0, 0,                                !- X,Y,Z Vertex 3 {m}
  0, 0, 6.096;                            !- X,Y,Z Vertex 4 {m}

OS:SubSurface,
  {a06b680e-1e4c-43de-b25d-c4e5c66b6eba}, !- Handle
  Point_Of_Sale_Wall_South_Glazing,       !- Name
  FixedWindow,                            !- Sub Surface Type
  ,                                       !- Construction Name
  {9e2084e4-ad19-44df-8840-0cdde15402c6}, !- Surface Name
  ,                                       !- Outside Boundary Condition Object
  ,                                       !- View Factor to Ground
  ,                                       !- Frame and Divider Name
  1,                                      !- Multiplier
  ,                                       !- Number of Vertices
  0.05, 0, 2.66,                          !- X,Y,Z Vertex 1 {m}
  0.05, 0, 1.14,                          !- X,Y,Z Vertex 2 {m}
  25.085, 0, 1.14,                        !- X,Y,Z Vertex 3 {m}
  25.085, 0, 2.66;                        !- X,Y,Z Vertex 4 {m}

OS:SubSurface,
  {99c5a6e7-df1f-4d5b-a854-ba3d237d23f2}, !- Handle
  skylights_R2C3,                         !- Name
  Skylight,                               !- Sub Surface Type
  ,                                       !- Construction Name
  {66414309-916b-416b-bfe4-4dedd3955db9}, !- Surface Name
  ,                                       !- Outside Boundary Condition Object
  ,                                       !- View Factor to Ground
  ,                                       !- Frame and Divider Name
  ,                                       !- Multiplier
  ,                                       !- Number of Vertices
  11.8872, 21.9548, 6.096,                !- X,Y,Z Vertex 1 {m}
  11.8872, 22.8692, 6.096,                !- X,Y,Z Vertex 2 {m}
  10.9728, 22.8692, 6.096,                !- X,Y,Z Vertex 3 {m}
  10.9728, 21.9548, 6.096;                !- X,Y,Z Vertex 4 {m}

OS:SubSurface,
  {33c42fc5-e881-4346-99b8-a3b5b0aeb932}, !- Handle
  skylights_R1C1,                         !- Name
  Skylight,                               !- Sub Surface Type
  ,                                       !- Construction Name
  {66414309-916b-416b-bfe4-4dedd3955db9}, !- Surface Name
  ,                                       !- Outside Boundary Condition Object
  ,                                       !- View Factor to Ground
  ,                                       !- Frame and Divider Name
  ,                                       !- Multiplier
  ,                                       !- Number of Vertices
  2.7432, 26.5268, 6.096,                 !- X,Y,Z Vertex 1 {m}
  2.7432, 27.4412, 6.096,                 !- X,Y,Z Vertex 2 {m}
  1.8288, 27.4412, 6.096,                 !- X,Y,Z Vertex 3 {m}
  1.8288, 26.5268, 6.096;                 !- X,Y,Z Vertex 4 {m}

OS:Surface,
  {e42063ec-2325-440d-9739-c9a58e68b8bc}, !- Handle
  Back_Space_Wall_South,                  !- Name
  Wall,                                   !- Surface Type
  ,                                       !- Construction Name
  {3d4b9ba5-883d-4fc8-bf66-520e25258a41}, !- Space Name
  Surface,                                !- Outside Boundary Condition
  {dae5ee84-b7b9-42f8-aaec-852cd6808849}, !- Outside Boundary Condition Object
  NoSun,                                  !- Sun Exposure
  NoWind,                                 !- Wind Exposure
  ,                                       !- View Factor to Ground
  ,                                       !- Number of Vertices
  0, 0, 6.096,                            !- X,Y,Z Vertex 1 {m}
  0, 0, 0,                                !- X,Y,Z Vertex 2 {m}
  54.27, 0, 0,                            !- X,Y,Z Vertex 3 {m}
  54.27, 0, 6.096;                        !- X,Y,Z Vertex 4 {m}

OS:SubSurface,
  {fcd735a4-d028-44ba-89e5-dc823f2504f9}, !- Handle
  skylights_R2C4,                         !- Name
  Skylight,                               !- Sub Surface Type
  ,                                       !- Construction Name
  {66414309-916b-416b-bfe4-4dedd3955db9}, !- Surface Name
  ,                                       !- Outside Boundary Condition Object
  ,                                       !- View Factor to Ground
  ,                                       !- Frame and Divider Name
  ,                                       !- Multiplier
  ,                                       !- Number of Vertices
  16.4592, 21.9548, 6.096,                !- X,Y,Z Vertex 1 {m}
  16.4592, 22.8692, 6.096,                !- X,Y,Z Vertex 2 {m}
  15.5448, 22.8692, 6.096,                !- X,Y,Z Vertex 3 {m}
  15.5448, 21.9548, 6.096;                !- X,Y,Z Vertex 4 {m}

OS:Surface,
  {d5faeb59-2fc1-4383-9e9b-3ddc4300d6b0}, !- Handle
  Front_Entry_Wall_West,                  !- Name
  Wall,                                   !- Surface Type
  ,                                       !- Construction Name
  {7f004107-3619-4e77-8241-17e92dc82fb2}, !- Space Name
  Surface,                                !- Outside Boundary Condition
  {4558465b-f49a-4db7-8298-0505e3d34a13}, !- Outside Boundary Condition Object
  NoSun,                                  !- Sun Exposure
  NoWind,                                 !- Wind Exposure
  ,                                       !- View Factor to Ground
  ,                                       !- Number of Vertices
  0, 3, 6.096,                            !- X,Y,Z Vertex 1 {m}
  0, 3, 0,                                !- X,Y,Z Vertex 2 {m}
  0, 0, 0,                                !- X,Y,Z Vertex 3 {m}
  0, 0, 6.096;                            !- X,Y,Z Vertex 4 {m}

OS:Surface,
  {98c24477-10ec-4f3d-87e5-9db420cc287c}, !- Handle
  Back_Space_Floor,                       !- Name
  Floor,                                  !- Surface Type
  {e5961c36-09bb-4144-a65f-469edad4dd46}, !- Construction Name
  {3d4b9ba5-883d-4fc8-bf66-520e25258a41}, !- Space Name
  GroundFCfactorMethod,                   !- Outside Boundary Condition
  ,                                       !- Outside Boundary Condition Object
  NoSun,                                  !- Sun Exposure
  NoWind,                                 !- Wind Exposure
  ,                                       !- View Factor to Ground
  ,                                       !- Number of Vertices
  54.27, 7, 0,                            !- X,Y,Z Vertex 1 {m}
  54.27, 0, 0,                            !- X,Y,Z Vertex 2 {m}
  0, 0, 0,                                !- X,Y,Z Vertex 3 {m}
  0, 7, 0;                                !- X,Y,Z Vertex 4 {m}

OS:Surface,
  {cd106df3-1492-4498-bf8a-601594237798}, !- Handle
  Point_Of_Sale_Wall_East_2,              !- Name
  Wall,                                   !- Surface Type
  ,                                       !- Construction Name
  {5e3f23ce-ce46-4ddb-aa00-f04cd954fb88}, !- Space Name
  Surface,                                !- Outside Boundary Condition
  {19ec567f-0ccb-409d-aaa3-9dc4abcb95e1}, !- Outside Boundary Condition Object
  NoSun,                                  !- Sun Exposure
  NoWind,                                 !- Wind Exposure
  ,                                       !- View Factor to Ground
  ,                                       !- Number of Vertices
  25.135, 3, 6.096,                       !- X,Y,Z Vertex 1 {m}
  25.135, 3, 0,                           !- X,Y,Z Vertex 2 {m}
  25.135, 6, 0,                           !- X,Y,Z Vertex 3 {m}
  25.135, 6, 6.096;                       !- X,Y,Z Vertex 4 {m}

OS:Surface,
  {19ec567f-0ccb-409d-aaa3-9dc4abcb95e1}, !- Handle
  Core_Retail_Wall_West_1,                !- Name
  Wall,                                   !- Surface Type
  ,                                       !- Construction Name
  {e3918e2f-852e-438a-a248-c13d9fc146d0}, !- Space Name
  Surface,                                !- Outside Boundary Condition
  {cd106df3-1492-4498-bf8a-601594237798}, !- Outside Boundary Condition Object
  NoSun,                                  !- Sun Exposure
  NoWind,                                 !- Wind Exposure
  ,                                       !- View Factor to Ground
  ,                                       !- Number of Vertices
  25.135, 0, 6.096,                       !- X,Y,Z Vertex 1 {m}
  25.135, 0, 0,                           !- X,Y,Z Vertex 2 {m}
  25.135, -3, 0,                          !- X,Y,Z Vertex 3 {m}
  25.135, -3, 6.096;                      !- X,Y,Z Vertex 4 {m}

OS:Surface,
  {e9ea283a-7d19-4654-a64d-5ded0ce818f1}, !- Handle
  Front_Retail_Wall_West_1,               !- Name
  Wall,                                   !- Surface Type
  ,                                       !- Construction Name
  {5e7c1d0f-985d-4e7c-870a-fc6c94988ab0}, !- Space Name
  Surface,                                !- Outside Boundary Condition
  {ed2cbebc-a5c1-442a-a057-de1fb5b96d78}, !- Outside Boundary Condition Object
  NoSun,                                  !- Sun Exposure
  NoWind,                                 !- Wind Exposure
  ,                                       !- View Factor to Ground
  ,                                       !- Number of Vertices
  0, 3, 6.096,                            !- X,Y,Z Vertex 1 {m}
  0, 3, 0,                                !- X,Y,Z Vertex 2 {m}
  0, 0, 0,                                !- X,Y,Z Vertex 3 {m}
  0, 0, 6.096;                            !- X,Y,Z Vertex 4 {m}

OS:Building,
  {9404bf7e-81e4-47ca-abc2-81298dbab891}, !- Handle
  -RetailStandalone-ASHRAE 169-2013-3A created: 2026-08-07 21:22:52 -0400, !- Name
  ,                                       !- Building Sector Type
  0,                                      !- North Axis {deg}
  ,                                       !- Nominal Floor to Floor Height {m}
  ,                                       !- Space Type Name
  {e7cf8f11-c094-4f23-9e07-92301bc14f5a}, !- Default Construction Set Name
  ,                                       !- Default Schedule Set Name
  1,                                      !- Standards Number of Stories
  1,                                      !- Standards Number of Above Ground Stories
  ,                                       !- Standards Template
  RetailStandalone;                       !- Standards Building Type

OS:Surface,
  {43572da1-981a-4d4f-82a7-bc1f9be9e514}, !- Handle
  Front_Entry_Wall_North,                 !- Name
  Wall,                                   !- Surface Type
  ,                                       !- Construction Name
  {7f004107-3619-4e77-8241-17e92dc82fb2}, !- Space Name
  Surface,                                !- Outside Boundary Condition
  {2bffbdce-0ae2-4874-b454-da281e05376d}, !- Outside Boundary Condition Object
  NoSun,                                  !- Sun Exposure
  NoWind,                                 !- Wind Exposure
  ,                                       !- View Factor to Ground
  ,                                       !- Number of Vertices
  4, 3, 6.096,                            !- X,Y,Z Vertex 1 {m}
  4, 3, 0,                                !- X,Y,Z Vertex 2 {m}
  0, 3, 0,                                !- X,Y,Z Vertex 3 {m}
  0, 3, 6.096;                            !- X,Y,Z Vertex 4 {m}

OS:Surface,
  {dfedf32b-8548-496f-92ef-3c47c8942074}, !- Handle
  Point_Of_Sale_Wall_North,               !- Name
  Wall,                                   !- Surface Type
  ,                                       !- Construction Name
  {5e3f23ce-ce46-4ddb-aa00-f04cd954fb88}, !- Space Name
  Surface,                                !- Outside Boundary Condition
  {1852250b-cd5f-44b6-a94a-ff29be82e036}, !- Outside Boundary Condition Object
  NoSun,                                  !- Sun Exposure
  NoWind,                                 !- Wind Exposure
  ,                                       !- View Factor to Ground
  ,                                       !- Number of Vertices
  25.135, 6, 6.096,                       !- X,Y,Z Vertex 1 {m}
  25.135, 6, 0,                           !- X,Y,Z Vertex 2 {m}
  0, 6, 0,                                !- X,Y,Z Vertex 3 {m}
  0, 6, 6.096;                            !- X,Y,Z Vertex 4 {m}

OS:Output:Meter,
  {73249ab1-2e58-4a47-8060-858dfd123194}, !- Handle
  Electricity:HVAC,                       !- Name
  hourly,                                 !- Reporting Frequency
  True,                                   !- Meter File Only
  False;                                  !- Cumulative

OS:SubSurface,
  {e6c745e6-293e-4ef6-924b-f616de4707b1}, !- Handle
  skylights_R1C2,                         !- Name
  Skylight,                               !- Sub Surface Type
  ,                                       !- Construction Name
  {66414309-916b-416b-bfe4-4dedd3955db9}, !- Surface Name
  ,                                       !- Outside Boundary Condition Object
  ,                                       !- View Factor to Ground
  ,                                       !- Frame and Divider Name
  ,                                       !- Multiplier
  ,                                       !- Number of Vertices
  7.3152, 26.5268, 6.096,                 !- X,Y,Z Vertex 1 {m}
  7.3152, 27.4412, 6.096,                 !- X,Y,Z Vertex 2 {m}
  6.4008, 27.4412, 6.096,                 !- X,Y,Z Vertex 3 {m}
  6.4008, 26.5268, 6.096;                 !- X,Y,Z Vertex 4 {m}

OS:Surface,
  {c51f39b4-e5aa-40c4-bc25-19a3349e3639}, !- Handle
  Front_Retail_Roof,                      !- Name
  RoofCeiling,                            !- Surface Type
  ,                                       !- Construction Name
  {5e7c1d0f-985d-4e7c-870a-fc6c94988ab0}, !- Space Name
  Outdoors,                               !- Outside Boundary Condition
  ,                                       !- Outside Boundary Condition Object
  SunExposed,                             !- Sun Exposure
  WindExposed,                            !- Wind Exposure
  ,                                       !- View Factor to Ground
  ,                                       !- Number of Vertices
  25.135, 0, 6.096,                       !- X,Y,Z Vertex 1 {m}
  25.135, 6, 6.096,                       !- X,Y,Z Vertex 2 {m}
  0, 6, 6.096,                            !- X,Y,Z Vertex 3 {m}
  0, 0, 6.096;                            !- X,Y,Z Vertex 4 {m}

OS:Surface,
  {dae5ee84-b7b9-42f8-aaec-852cd6808849}, !- Handle
  Core_Retail_Wall_North,                 !- Name
  Wall,                                   !- Surface Type
  ,                                       !- Construction Name
  {e3918e2f-852e-438a-a248-c13d9fc146d0}, !- Space Name
  Surface,                                !- Outside Boundary Condition
  {e42063ec-2325-440d-9739-c9a58e68b8bc}, !- Outside Boundary Condition Object
  NoSun,                                  !- Sun Exposure
  NoWind,                                 !- Wind Exposure
  ,                                       !- View Factor to Ground
  ,                                       !- Number of Vertices
  54.27, 29.27, 6.096,                    !- X,Y,Z Vertex 1 {m}
  54.27, 29.27, 0,                        !- X,Y,Z Vertex 2 {m}
  0, 29.27, 0,                            !- X,Y,Z Vertex 3 {m}
  0, 29.27, 6.096;                        !- X,Y,Z Vertex 4 {m}

OS:Output:Meter,
  {e6047b80-cd82-4a9a-83cf-7f2035d671d1}, !- Handle
  NaturalGas:Facility,                    !- Name
  hourly,                                 !- Reporting Frequency
  True,                                   !- Meter File Only
  False;                                  !- Cumulative

OS:RunPeriod,
  {43544a48-d442-44fd-b0e5-b04573ce5441}, !- Handle
  Run Period 1,                           !- Name
  1,                                      !- Begin Month
  1,                                      !- Begin Day of Month
  12,                                     !- End Month
  31,                                     !- End Day of Month
  No,                                     !- Use Weather File Holidays and Special Days
  No,                                     !- Use Weather File Daylight Saving Period
  No,                                     !- Apply Weekend Holiday Rule
  Yes,                                    !- Use Weather File Rain Indicators
  Yes,                                    !- Use Weather File Snow Indicators
  1;                                      !- Number of Times Runperiod to be Repeated

OS:YearDescription,
  {ee2caffd-5101-4a4d-a376-58c7298e36d3}, !- Handle
  ,                                       !- Calendar Year
  Sunday;                                 !- Day of Week for Start Day

OS:Surface,
  {ed2cbebc-a5c1-442a-a057-de1fb5b96d78}, !- Handle
  Front_Entry_Wall_East,                  !- Name
  Wall,                                   !- Surface Type
  ,                                       !- Construction Name
  {7f004107-3619-4e77-8241-17e92dc82fb2}, !- Space Name
  Surface,                                !- Outside Boundary Condition
  {e9ea283a-7d19-4654-a64d-5ded0ce818f1}, !- Outside Boundary Condition Object
  NoSun,                                  !- Sun Exposure
  NoWind,                                 !- Wind Exposure
  ,                                       !- View Factor to Ground
  ,                                       !- Number of Vertices
  4, 0, 6.096,                            !- X,Y,Z Vertex 1 {m}
  4, 0, 0,                                !- X,Y,Z Vertex 2 {m}
  4, 3, 0,                                !- X,Y,Z Vertex 3 {m}
  4, 3, 6.096;                            !- X,Y,Z Vertex 4 {m}

OS:Surface,
  {3a803ae8-2739-4184-b647-2d63ff0aa034}, !- Handle
  Core_Retail_Wall_East_1,                !- Name
  Wall,                                   !- Surface Type
  ,                                       !- Construction Name
  {e3918e2f-852e-438a-a248-c13d9fc146d0}, !- Space Name
  Surface,                                !- Outside Boundary Condition
  {960fe736-0622-4c72-b943-236be6cef102}, !- Outside Boundary Condition Object
  NoSun,                                  !- Sun Exposure
  NoWind,                                 !- Wind Exposure
  ,                                       !- View Factor to Ground
  ,                                       !- Number of Vertices
  29.135, -3, 6.096,                      !- X,Y,Z Vertex 1 {m}
  29.135, -3, 0,                          !- X,Y,Z Vertex 2 {m}
  29.135, 0, 0,                           !- X,Y,Z Vertex 3 {m}
  29.135, 0, 6.096;                       !- X,Y,Z Vertex 4 {m}

OS:Surface,
  {caf59e49-69db-41d4-87e3-93610c671f8d}, !- Handle
  Core_Retail_Wall_East_2,                !- Name
  Wall,                                   !- Surface Type
  ,                                       !- Construction Name
  {e3918e2f-852e-438a-a248-c13d9fc146d0}, !- Space Name
  Outdoors,                               !- Outside Boundary Condition
  ,                                       !- Outside Boundary Condition Object
  SunExposed,                             !- Sun Exposure
  WindExposed,                            !- Wind Exposure
  ,                                       !- View Factor to Ground
  ,                                       !- Number of Vertices
  54.27, 0, 6.096,                        !- X,Y,Z Vertex 1 {m}
  54.27, 0, 0,                            !- X,Y,Z Vertex 2 {m}
  54.27, 29.27, 0,                        !- X,Y,Z Vertex 3 {m}
  54.27, 29.27, 6.096;                    !- X,Y,Z Vertex 4 {m}

OS:SubSurface,
  {2cfa3be8-307a-49bd-b36e-bc84a361d9ea}, !- Handle
  skylights_R2C1,                         !- Name
  Skylight,                               !- Sub Surface Type
  ,                                       !- Construction Name
  {66414309-916b-416b-bfe4-4dedd3955db9}, !- Surface Name
  ,                                       !- Outside Boundary Condition Object
  ,                                       !- View Factor to Ground
  ,                                       !- Frame and Divider Name
  ,                                       !- Multiplier
  ,                                       !- Number of Vertices
  2.7432, 21.9548, 6.096,                 !- X,Y,Z Vertex 1 {m}
  2.7432, 22.8692, 6.096,                 !- X,Y,Z Vertex 2 {m}
  1.8288, 22.8692, 6.096,                 !- X,Y,Z Vertex 3 {m}
  1.8288, 21.9548, 6.096;                 !- X,Y,Z Vertex 4 {m}

OS:Facility,
  {bf3c8aa7-2bce-454a-ae15-a570f36e3496}; !- Handle

OS:BuildingStory,
  {c7a01718-b524-4001-b115-c6ec1f1565c1}, !- Handle
  Building Story 1,                       !- Name
  0,                                      !- Nominal Z Coordinate {m}
  ,                                       !- Nominal Floor to Floor Height {m}
  ,                                       !- Default Construction Set Name
  ,                                       !- Default Schedule Set Name
  ;                                       !- Group Rendering Name

OS:SpaceType,
  {97f23ccd-8db1-4550-b7eb-9fd314f98603}, !- Handle
  Retail Back_Space,                      !- Name
  ,                                       !- Default Construction Set Name
  {b7b8001e-3ef2-4648-8176-37695413eb8a}, !- Default Schedule Set Name
  {b35bc0fa-203d-4ff1-81ba-62168caa664a}, !- Group Rendering Name
  {37be745f-93b6-42c4-9dba-5f9606353ca7}, !- Design Specification Outdoor Air Object Name
  ,                                       !- Standards Template
  Retail,                                 !- Standards Building Type
  Back_Space;                             !- Standards Space Type

OS:SpaceType,
  {0bcafa2d-62fc-4553-b313-ffb78a469e75}, !- Handle
  Retail Entry,                           !- Name
  ,                                       !- Default Construction Set Name
  {f1d6b455-e821-4540-b7f8-8c4e727c018f}, !- Default Schedule Set Name
  {bd9408fe-6cba-4a10-8947-06728d3455c7}, !- Group Rendering Name
  {54b0281b-15f9-47a7-87d2-32345b70936b}, !- Design Specification Outdoor Air Object Name
  ,                                       !- Standards Template
  Retail,                                 !- Standards Building Type
  Entry;                                  !- Standards Space Type

OS:SpaceType,
  {bee7a769-0f42-4be2-92b3-1f1cd06fa604}, !- Handle
  Retail Point_of_Sale,                   !- Name
  ,                                       !- Default Construction Set Name
  {fc7f6824-2dcd-4bf7-a2fe-fe18147f4479}, !- Default Schedule Set Name
  {285ed86b-b043-4c94-b56c-742ae4c11378}, !- Group Rendering Name
  {80042f5b-e287-4677-8d6e-8d593b14cdc0}, !- Design Specification Outdoor Air Object Name
  ,                                       !- Standards Template
  Retail,                                 !- Standards Building Type
  Point_of_Sale;                          !- Standards Space Type

OS:SpaceType,
  {41f69eaa-5eeb-42eb-996c-0f4de8e4a667}, !- Handle
  Retail Retail,                          !- Name
  ,                                       !- Default Construction Set Name
  {6842cd50-da50-41ee-acde-e304b79c0eb1}, !- Default Schedule Set Name
  {389345b3-e0f4-455d-a997-340d6c0c9b75}, !- Group Rendering Name
  {77085be6-7916-43c7-80e4-528247d063b8}, !- Design Specification Outdoor Air Object Name
  ,                                       !- Standards Template
  Retail,                                 !- Standards Building Type
  Retail;                                 !- Standards Space Type

OS:SubSurface,
  {bc65c732-39af-58a6-accd-c61dc5ff3db1}, !- Handle
  Core_Retail_Wall_West_2_Door3,          !- Name
  Door,                                   !- Sub Surface Type
  ,                                       !- Construction Name
  {a31f7ea1-1720-443d-b667-3a336eea09fd}, !- Surface Name
  ,                                       !- Outside Boundary Condition Object
  ,                                       !- View Factor to Ground
  ,                                       !- Frame and Divider Name
  1,                                      !- Multiplier
  ,                                       !- Number of Vertices
  0, 2.538037755411, 2.1336,              !- X,Y,Z Vertex 1 {m}
  0, 2.538037755411, 0,                   !- X,Y,Z Vertex 2 {m}
  0, 1.623637755411, 0,                   !- X,Y,Z Vertex 3 {m}
  0, 1.623637755411, 2.1336;              !- X,Y,Z Vertex 4 {m}

OS:SubSurface,
  {cd65c732-39ef-28a6-adcd-c21dc5ff3ab1}, !- Handle
  Core_Retail_Wall_West_2_Door2,          !- Name
  Door,                                   !- Sub Surface Type
  ,                                       !- Construction Name
  {a31f7ea1-1720-443d-b667-3a336eea09fd}, !- Surface Name
  ,                                       !- Outside Boundary Condition Object
  ,                                       !- View Factor to Ground
  ,                                       !- Frame and Divider Name
  1,                                      !- Multiplier
  ,                                       !- Number of Vertices
  0, 13.841575894014, 2.1336,             !- X,Y,Z Vertex 1 {m}
  0, 13.841575894014, 0,                  !- X,Y,Z Vertex 2 {m}
  0, 12.927175894014, 0,                  !- X,Y,Z Vertex 3 {m}
  0, 12.927175894014, 2.1336;             !- X,Y,Z Vertex 4 {m}

OS:SubSurface,
  {ca25c732-32ef-23a6-bdcd-b21dc5ff3ad1}, !- Handle
  Core_Retail_Wall_West_2_Door1,          !- Name
  Door,                                   !- Sub Surface Type
  ,                                       !- Construction Name
  {a31f7ea1-1720-443d-b667-3a336eea09fd}, !- Surface Name
  ,                                       !- Outside Boundary Condition Object
  ,                                       !- View Factor to Ground
  ,                                       !- Frame and Divider Name
  1,                                      !- Multiplier
  ,                                       !- Number of Vertices
  0, 25.062342286061, 2.1336,             !- X,Y,Z Vertex 1 {m}
  0, 25.062342286061, 0,                  !- X,Y,Z Vertex 2 {m}
  0, 24.147942286061, 0,                  !- X,Y,Z Vertex 3 {m}
  0, 24.147942286061, 2.1336;             !- X,Y,Z Vertex 4 {m}

OS:SubSurface,
  {ba21c712-12cf-21b6-adcd-a21dc5ff3ac1}, !- Handle
  Core_Retail_Wall_East_2_Door1,          !- Name
  Door,                                   !- Sub Surface Type
  ,                                       !- Construction Name
  {caf59e49-69db-41d4-87e3-93610c671f8d}, !- Surface Name
  ,                                       !- Outside Boundary Condition Object
  ,                                       !- View Factor to Ground
  ,                                       !- Frame and Divider Name
  1,                                      !- Multiplier
  ,                                       !- Number of Vertices
  54.27, 3.438494104366, 2.1336,          !- X,Y,Z Vertex 1 {m}
  54.27, 3.438494104366, 0,               !- X,Y,Z Vertex 2 {m}
  54.27, 4.352894104366, 0,               !- X,Y,Z Vertex 3 {m}
  54.27, 4.352894104366, 2.1336;          !- X,Y,Z Vertex 4 {m}

OS:SubSurface,
  {bc11c513-52cf-43b6-adbd-b21dc5ff3ab4}, !- Handle
  Core_Retail_Wall_East_2_Door2,          !- Name
  Door,                                   !- Sub Surface Type
  ,                                       !- Construction Name
  {caf59e49-69db-41d4-87e3-93610c671f8d}, !- Surface Name
  ,                                       !- Outside Boundary Condition Object
  ,                                       !- View Factor to Ground
  ,                                       !- Frame and Divider Name
  1,                                      !- Multiplier
  ,                                       !- Number of Vertices
  54.27, 13.809396313442, 2.1336,         !- X,Y,Z Vertex 1 {m}
  54.27, 13.809396313442, 0,              !- X,Y,Z Vertex 2 {m}
  54.27, 14.723796313442, 0,              !- X,Y,Z Vertex 3 {m}
  54.27, 14.723796313442, 2.1336;         !- X,Y,Z Vertex 4 {m}

OS:SubSurface,
  {bc11c633-12af-41e6-afed-b33dc5ef3eb4}, !- Handle
  Core_Retail_Wall_East_2_Door3,          !- Name
  Door,                                   !- Sub Surface Type
  ,                                       !- Construction Name
  {caf59e49-69db-41d4-87e3-93610c671f8d}, !- Surface Name
  ,                                       !- Outside Boundary Condition Object
  ,                                       !- View Factor to Ground
  ,                                       !- Frame and Divider Name
  1,                                      !- Multiplier
  ,                                       !- Number of Vertices
  54.27, 24.234478195589, 2.1336,         !- X,Y,Z Vertex 1 {m}
  54.27, 24.234478195589, 0,              !- X,Y,Z Vertex 2 {m}
  54.27, 25.148878195589, 0,              !- X,Y,Z Vertex 3 {m}
  54.27, 25.148878195589, 2.1336;         !- X,Y,Z Vertex 4 {m}

OS:SubSurface,
  {ef11c631-44af-41e4-bced-c33dc5ef3cf1}, !- Handle
  Back_Space_Wall_North_Door1,            !- Name
  Door,                                   !- Sub Surface Type
  ,                                       !- Construction Name
  {fd1a4dbd-7476-471d-8700-4f09fca3ccc1}, !- Surface Name
  ,                                       !- Outside Boundary Condition Object
  ,                                       !- View Factor to Ground
  ,                                       !- Frame and Divider Name
  1,                                      !- Multiplier
  ,                                       !- Number of Vertices
  44.209918073175, 7, 2.1336,             !- X,Y,Z Vertex 1 {m}
  44.209918073175, 7, 0,                  !- X,Y,Z Vertex 2 {m}
  43.295518073175, 7, 0,                  !- X,Y,Z Vertex 3 {m}
  43.295518073175, 7, 2.1336;             !- X,Y,Z Vertex 4 {m}

OS:SubSurface,
  {ef11f231-24cf-21f3-fced-c43dc4ec4cf1}, !- Handle
  Back_Space_Wall_North_Door2,            !- Name
  Door,                                   !- Sub Surface Type
  ,                                       !- Construction Name
  {fd1a4dbd-7476-471d-8700-4f09fca3ccc1}, !- Surface Name
  ,                                       !- Outside Boundary Condition Object
  ,                                       !- View Factor to Ground
  ,                                       !- Frame and Divider Name
  1,                                      !- Multiplier
  ,                                       !- Number of Vertices
  11.745274671376, 7, 2.1336,             !- X,Y,Z Vertex 1 {m}
  11.745274671376, 7, 0,                  !- X,Y,Z Vertex 2 {m}
  10.830874671376, 7, 0,                  !- X,Y,Z Vertex 3 {m}
  10.830874671376, 7, 2.1336;             !- X,Y,Z Vertex 4 {m}

OS:SubSurface,
  {cc11c432-54cf-45d1-ddad-d34ac4ff4aa2}, !- Handle
  Back_Space_Wall_East_RollDoor,          !- Name
  OverheadDoor,                           !- Sub Surface Type
  ,                                       !- Construction Name
  {497b3d76-615d-459c-a4ee-bc25db29d4b4}, !- Surface Name
  ,                                       !- Outside Boundary Condition Object
  ,                                       !- View Factor to Ground
  ,                                       !- Frame and Divider Name
  1,                                      !- Multiplier
  ,                                       !- Number of Vertices
  54.27, 2.045406130273, 2.4384,          !- X,Y,Z Vertex 1 {m}
  54.27, 2.045406130273, 0,               !- X,Y,Z Vertex 2 {m}
  54.27, 5.093406130273, 0,               !- X,Y,Z Vertex 3 {m}
  54.27, 5.093406130273, 2.4384;          !- X,Y,Z Vertex 4 {m}

OS:SubSurface,
  {cd11c412-51af-41d1-dccd-d34ac4ff2cc2}, !- Handle
  Back_Space_Wall_North_RollDoor1,        !- Name
  OverheadDoor,                           !- Sub Surface Type
  ,                                       !- Construction Name
  {fd1a4dbd-7476-471d-8700-4f09fca3ccc1}, !- Surface Name
  ,                                       !- Outside Boundary Condition Object
  ,                                       !- View Factor to Ground
  ,                                       !- Frame and Divider Name
  1,                                      !- Multiplier
  ,                                       !- Number of Vertices
  37.362862950805, 7, 2.4384,             !- X,Y,Z Vertex 1 {m}
  37.362862950805, 7, 0,                  !- X,Y,Z Vertex 2 {m}
  34.314862950805, 7, 0,                  !- X,Y,Z Vertex 3 {m}
  34.314862950805, 7, 2.4384;             !- X,Y,Z Vertex 4 {m}

OS:SubSurface,
  {cd11a112-21bf-31b3-defd-d34ac4fe2cf1}, !- Handle
  Back_Space_Wall_North_RollDoor2,        !- Name
  OverheadDoor,                           !- Sub Surface Type
  ,                                       !- Construction Name
  {fd1a4dbd-7476-471d-8700-4f09fca3ccc1}, !- Surface Name
  ,                                       !- Outside Boundary Condition Object
  ,                                       !- View Factor to Ground
  ,                                       !- Frame and Divider Name
  1,                                      !- Multiplier
  ,                                       !- Number of Vertices
  28.98058833532, 7, 2.4384,              !- X,Y,Z Vertex 1 {m}
  28.98058833532, 7, 0,                   !- X,Y,Z Vertex 2 {m}
  25.932588335319, 7, 0,                  !- X,Y,Z Vertex 3 {m}
  25.932588335319, 7, 2.4384;             !- X,Y,Z Vertex 4 {m}

OS:SubSurface,
  {cd23a132-23be-51b5-aefa-d34ac5fe4af1}, !- Handle
  Back_Space_Wall_North_RollDoor3,        !- Name
  OverheadDoor,                           !- Sub Surface Type
  ,                                       !- Construction Name
  {fd1a4dbd-7476-471d-8700-4f09fca3ccc1}, !- Surface Name
  ,                                       !- Outside Boundary Condition Object
  ,                                       !- View Factor to Ground
  ,                                       !- Frame and Divider Name
  1,                                      !- Multiplier
  ,                                       !- Number of Vertices
  20.310400044305, 7, 2.4384,             !- X,Y,Z Vertex 1 {m}
  20.310400044305, 7, 0,                  !- X,Y,Z Vertex 2 {m}
  17.262400044305, 7, 0,                  !- X,Y,Z Vertex 3 {m}
  17.262400044305, 7, 2.4384;             !- X,Y,Z Vertex 4 {m}

OS:SubSurface,
  {cd23d122-23bd-53d5-aefb-d14ad5fe4af1}, !- Handle
  Back_Space_Wall_West_RollDoor,          !- Name
  OverheadDoor,                           !- Sub Surface Type
  ,                                       !- Construction Name
  {7a4811b9-5817-4e99-9c55-1d924e457651}, !- Surface Name
  ,                                       !- Outside Boundary Condition Object
  ,                                       !- View Factor to Ground
  ,                                       !- Frame and Divider Name
  1,                                      !- Multiplier
  ,                                       !- Number of Vertices
  0, 4.739790129493, 2.4384,              !- X,Y,Z Vertex 1 {m}
  0, 4.739790129493, 0,                   !- X,Y,Z Vertex 2 {m}
  0, 1.691790129493, 0,                   !- X,Y,Z Vertex 3 {m}
  0, 1.691790129493, 2.4384;              !- X,Y,Z Vertex 4 {m}

OS:WeatherFile,
  {6c7e0240-336b-4a28-a58e-15fbde8bee60}, !- Handle
  Atlanta-Hartsfield Jackson Intl AP,     !- City
  GA,                                     !- State Province Region
  USA,                                    !- Country
  TMY3,                                   !- Data Source
  722190,                                 !- WMO Number
  33.63,                                  !- Latitude {deg}
  -84.43,                                 !- Longitude {deg}
  -5,                                     !- Time Zone {hr}
  308,                                    !- Elevation {m}
  /home/jason/Projects/s4b-prototypes/prototypes/3A/2007/RetailStandalone/run/000_create_doe_prototype_building/extracted_files/weather/USA_GA_Atlanta-Hartsfield.Jackson.Intl.AP.722190_TMY3.epw, !- Url
  1BEF8431,                               !- Checksum
  ,                                       !- Start Date Actual Year
  Sunday;                                 !- Start Day of Week

OS:SizingPeriod:DesignDay,
  {a68f22f6-38e7-46b3-b1d8-88bf860620d7}, !- Handle
  Atlanta-Hartsfield.Jackson.Intl.AP_GA_USA Ann Clg .4% Condns DB=>MWB, !- Name
  34.4,                                   !- Maximum Dry-Bulb Temperature {C}
  9.5,                                    !- Daily Dry-Bulb Temperature Range {deltaC}
  97621,                                  !- Barometric Pressure {Pa}
  4,                                      !- Wind Speed {m/s}
  300,                                    !- Wind Direction {deg}
  ,                                       !- Sky Clearness
  No,                                     !- Rain Indicator
  No,                                     !- Snow Indicator
  21,                                     !- Day of Month
  7,                                      !- Month
  SummerDesignDay,                        !- Day Type
  No,                                     !- Daylight Saving Time Indicator
  Wetbulb,                                !- Humidity Condition Type
  ,                                       !- Humidity Condition Day Schedule Name
  23.5,                                   !- Wetbulb or DewPoint at Maximum Dry-Bulb {C}
  ,                                       !- Humidity Ratio at Maximum Dry-Bulb {kgWater/kgDryAir}
  ,                                       !- Enthalpy at Maximum Dry-Bulb {J/kg}
  DefaultMultipliers,                     !- Dry-Bulb Temperature Range Modifier Type
  ,                                       !- Dry-Bulb Temperature Range Modifier Day Schedule Name
  ASHRAETau,                              !- Solar Model Indicator
  ,                                       !- Beam Solar Day Schedule Name
  ,                                       !- Diffuse Solar Day Schedule Name
  0.556,                                  !- ASHRAE Clear Sky Optical Depth for Beam Irradiance {dimensionless}
  1.779;                                  !- ASHRAE Clear Sky Optical Depth for Diffuse Irradiance {dimensionless}

OS:SizingPeriod:DesignDay,
  {6e5cbbef-a84f-4cd4-bbf8-302211686dcb}, !- Handle
  Atlanta-Hartsfield.Jackson.Intl.AP_GA_USA Ann Clg .4% Condns WB=>MDB, !- Name
  31.2,                                   !- Maximum Dry-Bulb Temperature {C}
  9.5,                                    !- Daily Dry-Bulb Temperature Range {deltaC}
  97621,                                  !- Barometric Pressure {Pa}
  4,                                      !- Wind Speed {m/s}
  300,                                    !- Wind Direction {deg}
  ,                                       !- Sky Clearness
  No,                                     !- Rain Indicator
  No,                                     !- Snow Indicator
  21,                                     !- Day of Month
  7,                                      !- Month
  SummerDesignDay,                        !- Day Type
  No,                                     !- Daylight Saving Time Indicator
  Wetbulb,                                !- Humidity Condition Type
  ,                                       !- Humidity Condition Day Schedule Name
  25.1,                                   !- Wetbulb or DewPoint at Maximum Dry-Bulb {C}
  ,                                       !- Humidity Ratio at Maximum Dry-Bulb {kgWater/kgDryAir}
  ,                                       !- Enthalpy at Maximum Dry-Bulb {J/kg}
  DefaultMultipliers,                     !- Dry-Bulb Temperature Range Modifier Type
  ,                                       !- Dry-Bulb Temperature Range Modifier Day Schedule Name
  ASHRAETau,                              !- Solar Model Indicator
  ,                                       !- Beam Solar Day Schedule Name
  ,                                       !- Diffuse Solar Day Schedule Name
  0.556,                                  !- ASHRAE Clear Sky Optical Depth for Beam Irradiance {dimensionless}
  1.779;                                  !- ASHRAE Clear Sky Optical Depth for Diffuse Irradiance {dimensionless}

OS:SizingPeriod:DesignDay,
  {c42e0469-6735-464e-8b7e-3e911d4b81ed}, !- Handle
  Atlanta-Hartsfield.Jackson.Intl.AP_GA_USA Ann Htg 99.6% Condns DB, !- Name
  -6.3,                                   !- Maximum Dry-Bulb Temperature {C}
  0,                                      !- Daily Dry-Bulb Temperature Range {deltaC}
  97621,                                  !- Barometric Pressure {Pa}
  5.3,                                    !- Wind Speed {m/s}
  320,                                    !- Wind Direction {deg}
  0,                                      !- Sky Clearness
  No,                                     !- Rain Indicator
  No,                                     !- Snow Indicator
  21,                                     !- Day of Month
  1,                                      !- Month
  WinterDesignDay,                        !- Day Type
  No,                                     !- Daylight Saving Time Indicator
  Wetbulb,                                !- Humidity Condition Type
  ,                                       !- Humidity Condition Day Schedule Name
  -6.3,                                   !- Wetbulb or DewPoint at Maximum Dry-Bulb {C}
  ,                                       !- Humidity Ratio at Maximum Dry-Bulb {kgWater/kgDryAir}
  ,                                       !- Enthalpy at Maximum Dry-Bulb {J/kg}
  DefaultMultipliers,                     !- Dry-Bulb Temperature Range Modifier Type
  ,                                       !- Dry-Bulb Temperature Range Modifier Day Schedule Name
  ASHRAEClearSky;                         !- Solar Model Indicator

OS:ClimateZones,
  {49d9c42d-d3e8-4b9d-9d3c-5f5f05782a94}, !- Handle
  ASHRAE,                                 !- Climate Zone Institution Name 1
  ANSI/ASHRAE Standard 169,               !- Climate Zone Document Name 1
  2006,                                   !- Climate Zone Document Year 1
  3A;                                     !- Climate Zone Value 1

OS:Site:WaterMainsTemperature,
  {4659fc1f-704d-4b14-a582-e50e797e22b7}, !- Handle
  Correlation,                            !- Calculation Method
  ,                                       !- Temperature Schedule Name
  16.6,                                   !- Annual Average Outdoor Air Temperature {C}
  22.5,                                   !- Maximum Difference In Monthly Average Outdoor Air Temperatures {deltaC}
  1,                                      !- Temperature Multiplier {dimensionless}
  0;                                      !- Temperature Offset {deltaC}

OS:Site:GroundTemperature:Shallow,
  {a8bfe554-8d0d-44d7-960e-f53a30d9ad25}, !- Handle
  10.8,                                   !- January Surface Ground Temperature {C}
  7.3,                                    !- February Surface Ground Temperature {C}
  6.4,                                    !- March Surface Ground Temperature {C}
  7.2,                                    !- April Surface Ground Temperature {C}
  11.9,                                   !- May Surface Ground Temperature {C}
  17.2,                                   !- June Surface Ground Temperature {C}
  22.2,                                   !- July Surface Ground Temperature {C}
  25.8,                                   !- August Surface Ground Temperature {C}
  26.8,                                   !- September Surface Ground Temperature {C}
  25.1,                                   !- October Surface Ground Temperature {C}
  21.1,                                   !- November Surface Ground Temperature {C}
  15.9;                                   !- December Surface Ground Temperature {C}

OS:Site:GroundTemperature:Deep,
  {f53ebd2d-e837-4050-86bc-4f5260647b05}, !- Handle
  16,                                     !- January Deep Ground Temperature {C}
  13.5,                                   !- February Deep Ground Temperature {C}
  11.9,                                   !- March Deep Ground Temperature {C}
  11.4,                                   !- April Deep Ground Temperature {C}
  12.4,                                   !- May Deep Ground Temperature {C}
  14.5,                                   !- June Deep Ground Temperature {C}
  17.1,                                   !- July Deep Ground Temperature {C}
  19.6,                                   !- August Deep Ground Temperature {C}
  21.4,                                   !- September Deep Ground Temperature {C}
  21.8,                                   !- October Deep Ground Temperature {C}
  20.8,                                   !- November Deep Ground Temperature {C}
  18.7;                                   !- December Deep Ground Temperature {C}

OS:Site:GroundTemperature:FCfactorMethod,
  {f1f985a6-8c0a-481f-98af-c70a10ddfdf9}, !- Handle
  16,                                     !- January Ground Temperature {C}
  11.9,                                   !- February Ground Temperature {C}
  7.7,                                    !- March Ground Temperature {C}
  4,                                      !- April Ground Temperature {C}
  7.9,                                    !- May Ground Temperature {C}
  13.8,                                   !- June Ground Temperature {C}
  17.2,                                   !- July Ground Temperature {C}
  20.8,                                   !- August Ground Temperature {C}
  24.8,                                   !- September Ground Temperature {C}
  26.1,                                   !- October Ground Temperature {C}
  26.5,                                   !- November Ground Temperature {C}
  22.5;                                   !- December Ground Temperature {C}

OS:Rendering:Color,
  {b35bc0fa-203d-4ff1-81ba-62168caa664a}, !- Handle
  Retail Back_Space 1,                    !- Name
  120,                                    !- Rendering Red Value
  149,                                    !- Rendering Green Value
  230;                                    !- Rendering Blue Value

OS:People:Definition,
  {d4c3cbc2-a99c-41cf-90e0-20c4712f1862}, !- Handle
  Retail Back_Space People Definition,    !- Name
  People/Area,                            !- Number of People Calculation Method
  ,                                       !- Number of People {people}
  0.161458656250646,                      !- People per Space Floor Area {person/m2}
  ,                                       !- Space Floor Area per Person {m2/person}
  0.3,                                    !- Fraction Radiant
  ,                                       !- Sensible Heat Fraction
  ,                                       !- Carbon Dioxide Generation Rate {m3/s-W}
  ,                                       !- Enable ASHRAE 55 Comfort Warnings
  ,                                       !- Mean Radiant Temperature Calculation Type
  AdaptiveASH55;                          !- Thermal Comfort Model Type 1

OS:People,
  {bd1d1f43-1bc4-424f-a22b-2fd0be07ac11}, !- Handle
  Retail Back_Space People,               !- Name
  {d4c3cbc2-a99c-41cf-90e0-20c4712f1862}, !- People Definition Name
  {97f23ccd-8db1-4550-b7eb-9fd314f98603}, !- Space or SpaceType Name
  ,                                       !- Number of People Schedule Name
  ,                                       !- Activity Level Schedule Name
  ,                                       !- Surface Name/Angle Factor List Name
  {c2c72f20-ed66-4968-bbf6-9b8717d5d51a}, !- Work Efficiency Schedule Name
  ClothingInsulationSchedule,             !- Clothing Insulation Calculation Method
  ,                                       !- Clothing Insulation Calculation Method Schedule Name
  {73572ed0-9af0-43aa-9d7b-825700c8d839}, !- Clothing Insulation Schedule Name
  {9cf4b323-8cc3-4d58-87fc-226f6b25eb48}, !- Air Velocity Schedule Name
  1;                                      !- Multiplier

OS:Schedule:Ruleset,
  {73572ed0-9af0-43aa-9d7b-825700c8d839}, !- Handle
  Clothing Schedule,                      !- Name
  {0f1b3a1d-fbce-4930-bc33-61f80886d861}, !- Schedule Type Limits Name
  {74ec68e1-b32e-4d98-a630-0e3c89fd5787}; !- Default Day Schedule Name

OS:Schedule:Day,
  {74ec68e1-b32e-4d98-a630-0e3c89fd5787}, !- Handle
  Clothing Schedule Default Winter Clothes, !- Name
  {0f1b3a1d-fbce-4930-bc33-61f80886d861}, !- Schedule Type Limits Name
  ,                                       !- Interpolate to Timestep
  24,                                     !- Hour 1
  0,                                      !- Minute 1
  1;                                      !- Value Until Time 1

OS:Schedule:Rule,
  {c5f2ce80-f528-4218-a2b5-24edef584c15}, !- Handle
  Schedule Rule 1,                        !- Name
  {73572ed0-9af0-43aa-9d7b-825700c8d839}, !- Schedule Ruleset Name
  0,                                      !- Rule Order
  {5cba0e92-751e-4256-8264-945be298f81b}, !- Day Schedule Name
  ,                                       !- Apply Sunday
  ,                                       !- Apply Monday
  ,                                       !- Apply Tuesday
  ,                                       !- Apply Wednesday
  ,                                       !- Apply Thursday
  ,                                       !- Apply Friday
  ,                                       !- Apply Saturday
  DateRange,                              !- Date Specification Type
  5,                                      !- Start Month
  1,                                      !- Start Day
  9,                                      !- End Month
  30;                                     !- End Day

OS:Schedule:Day,
  {5cba0e92-751e-4256-8264-945be298f81b}, !- Handle
  Clothing Schedule Summer Clothes,       !- Name
  {0f1b3a1d-fbce-4930-bc33-61f80886d861}, !- Schedule Type Limits Name
  ,                                       !- Interpolate to Timestep
  24,                                     !- Hour 1
  0,                                      !- Minute 1
  0.5;                                    !- Value Until Time 1

OS:ScheduleTypeLimits,
  {0f1b3a1d-fbce-4930-bc33-61f80886d861}, !- Handle
  ClothingInsulation,                     !- Name
  0,                                      !- Lower Limit Value
  ,                                       !- Upper Limit Value
  Continuous,                             !- Numeric Type
  ClothingInsulation;                     !- Unit Type

OS:Schedule:Ruleset,
  {9cf4b323-8cc3-4d58-87fc-226f6b25eb48}, !- Handle
  Air Velocity Schedule,                  !- Name
  {779abc36-06b2-4452-a97f-b93bbe4c37a6}, !- Schedule Type Limits Name
  {89a8b432-9dd1-455f-afc8-691d83576da7}; !- Default Day Schedule Name

OS:Schedule:Day,
  {89a8b432-9dd1-455f-afc8-691d83576da7}, !- Handle
  Air Velocity Schedule Default,          !- Name
  {779abc36-06b2-4452-a97f-b93bbe4c37a6}, !- Schedule Type Limits Name
  ,                                       !- Interpolate to Timestep
  24,                                     !- Hour 1
  0,                                      !- Minute 1
  0.2;                                    !- Value Until Time 1

OS:ScheduleTypeLimits,
  {779abc36-06b2-4452-a97f-b93bbe4c37a6}, !- Handle
  Velocity,                               !- Name
  0,                                      !- Lower Limit Value
  ,                                       !- Upper Limit Value
  Continuous,                             !- Numeric Type
  Velocity;                               !- Unit Type

OS:Schedule:Ruleset,
  {c2c72f20-ed66-4968-bbf6-9b8717d5d51a}, !- Handle
  Work Efficiency Schedule,               !- Name
  {924a4528-c1e1-403e-bd80-619309031c01}, !- Schedule Type Limits Name
  {13c27761-15cc-4ad4-9f7e-c399c5430b59}; !- Default Day Schedule Name

OS:Schedule:Day,
  {13c27761-15cc-4ad4-9f7e-c399c5430b59}, !- Handle
  Work Efficiency Schedule Default,       !- Name
  {924a4528-c1e1-403e-bd80-619309031c01}, !- Schedule Type Limits Name
  ,                                       !- Interpolate to Timestep
  24,                                     !- Hour 1
  0,                                      !- Minute 1
  0;                                      !- Value Until Time 1

OS:ScheduleTypeLimits,
  {924a4528-c1e1-403e-bd80-619309031c01}, !- Handle
  Fractional,                             !- Name
  0,                                      !- Lower Limit Value
  1,                                      !- Upper Limit Value
  Continuous;                             !- Numeric Type

OS:Lights:Definition,
  {914382bd-00c6-47e3-81f1-c0dae18c04c7}, !- Handle
  Retail Back_Space Lights Definition,    !- Name
  Watts/Area,                             !- Design Level Calculation Method
  ,                                       !- Lighting Level {W}
  8.61112833336778,                       !- Watts per Space Floor Area {W/m2}
  ,                                       !- Watts per Person {W/person}
  0.7,                                    !- Fraction Radiant
  0.2,                                    !- Fraction Visible
  0;                                      !- Return Air Fraction

OS:Lights,
  {ba9cabdf-8a7a-498e-891c-f835533f9b87}, !- Handle
  Retail Back_Space Lights,               !- Name
  {914382bd-00c6-47e3-81f1-c0dae18c04c7}, !- Lights Definition Name
  {97f23ccd-8db1-4550-b7eb-9fd314f98603}, !- Space or SpaceType Name
  ,                                       !- Schedule Name
  1,                                      !- Fraction Replaceable
  ,                                       !- Multiplier
  General;                                !- End-Use Subcategory

OS:AdditionalProperties,
  {8b520851-87f2-4583-ad66-74b999e66a2b}, !- Handle
  {914382bd-00c6-47e3-81f1-c0dae18c04c7}, !- Object Name
  lpd_fraction_linear_fluorescent,        !- Feature Name 1
  Double,                                 !- Feature Data Type 1
  1;                                      !- Feature Value 1

OS:ElectricEquipment:Definition,
  {7a66992a-cd59-4633-9d5f-e80877e76ef1}, !- Handle
  Retail Back_Space Elec Equip Definition, !- Name
  Watts/Area,                             !- Design Level Calculation Method
  ,                                       !- Design Level {W}
  8.07293281253229,                       !- Watts per Space Floor Area {W/m2}
  ,                                       !- Watts per Person {W/person}
  0,                                      !- Fraction Latent
  0.5,                                    !- Fraction Radiant
  0;                                      !- Fraction Lost

OS:ElectricEquipment,
  {4dbd9098-38fe-4e61-bfea-eb77bd5f717b}, !- Handle
  Retail Back_Space Elec Equip,           !- Name
  {7a66992a-cd59-4633-9d5f-e80877e76ef1}, !- Electric Equipment Definition Name
  {97f23ccd-8db1-4550-b7eb-9fd314f98603}, !- Space or SpaceType Name
  ,                                       !- Schedule Name
  ,                                       !- Multiplier
  General;                                !- End-Use Subcategory

OS:DesignSpecification:OutdoorAir,
  {37be745f-93b6-42c4-9dba-5f9606353ca7}, !- Handle
  Retail Back_Space Ventilation,          !- Name
  Sum,                                    !- Outdoor Air Method
  ,                                       !- Outdoor Air Flow per Person {m3/s-person}
  0.0006096,                              !- Outdoor Air Flow per Floor Area {m3/s-m2}
  ,                                       !- Outdoor Air Flow Rate {m3/s}
  ,                                       !- Outdoor Air Flow Air Changes per Hour {1/hr}
  ;                                       !- Outdoor Air Flow Rate Fraction Schedule Name

OS:DefaultScheduleSet,
  {b7b8001e-3ef2-4648-8176-37695413eb8a}, !- Handle
  Retail Back_Space Schedule Set,         !- Name
  ,                                       !- Hours of Operation Schedule Name
  {bb049dbf-d3c3-4ee0-baee-3b784109e7c9}, !- Number of People Schedule Name
  {4e9dfb15-0149-45cf-aa7f-2a37a3a5ae8e}, !- People Activity Level Schedule Name
  {c47a6e9e-555c-45e4-b7ea-6c07506947d3}, !- Lighting Schedule Name
  {b9d849c2-33fe-479b-89e2-38b7b9e1c848}, !- Electric Equipment Schedule Name
  ,                                       !- Gas Equipment Schedule Name
  ,                                       !- Hot Water Equipment Schedule Name
  ,                                       !- Infiltration Schedule Name
  ,                                       !- Steam Equipment Schedule Name
  ;                                       !- Other Equipment Schedule Name

OS:Schedule:Ruleset,
  {bb049dbf-d3c3-4ee0-baee-3b784109e7c9}, !- Handle
  RetailStandalone BLDG_OCC_SCH,          !- Name
  {924a4528-c1e1-403e-bd80-619309031c01}, !- Schedule Type Limits Name
  {4080a3ad-3717-468e-8ee8-f7c7da5ac613}, !- Default Day Schedule Name
  {1f200a47-3fd1-47b0-b472-88812893f3e0}, !- Summer Design Day Schedule Name
  {b5075b89-4cc3-4636-9afb-0509e33ac5bc}; !- Winter Design Day Schedule Name

OS:Schedule:Day,
  {4080a3ad-3717-468e-8ee8-f7c7da5ac613}, !- Handle
  RetailStandalone BLDG_OCC_SCH Default,  !- Name
  {924a4528-c1e1-403e-bd80-619309031c01}, !- Schedule Type Limits Name
  No,                                     !- Interpolate to Timestep
  9,                                      !- Hour 1
  0,                                      !- Minute 1
  0,                                      !- Value Until Time 1
  10,                                     !- Hour 2
  0,                                      !- Minute 2
  0.1,                                    !- Value Until Time 2
  12,                                     !- Hour 3
  0,                                      !- Minute 3
  0.2,                                    !- Value Until Time 3
  17,                                     !- Hour 4
  0,                                      !- Minute 4
  0.4,                                    !- Value Until Time 4
  18,                                     !- Hour 5
  0,                                      !- Minute 5
  0.2,                                    !- Value Until Time 5
  19,                                     !- Hour 6
  0,                                      !- Minute 6
  0.1,                                    !- Value Until Time 6
  24,                                     !- Hour 7
  0,                                      !- Minute 7
  0;                                      !- Value Until Time 7

OS:Schedule:Rule,
  {c20124a5-74c4-4a35-8fc6-0e2a1b0cfdc1}, !- Handle
  Schedule Rule 2,                        !- Name
  {bb049dbf-d3c3-4ee0-baee-3b784109e7c9}, !- Schedule Ruleset Name
  1,                                      !- Rule Order
  {ceb685e2-ee1d-4ebd-9d8f-71bfc43cc61d}, !- Day Schedule Name
  ,                                       !- Apply Sunday
  ,                                       !- Apply Monday
  ,                                       !- Apply Tuesday
  ,                                       !- Apply Wednesday
  ,                                       !- Apply Thursday
  ,                                       !- Apply Friday
  Yes,                                    !- Apply Saturday
  DateRange,                              !- Date Specification Type
  1,                                      !- Start Month
  1,                                      !- Start Day
  12,                                     !- End Month
  31;                                     !- End Day

OS:Schedule:Day,
  {ceb685e2-ee1d-4ebd-9d8f-71bfc43cc61d}, !- Handle
  RetailStandalone BLDG_OCC_SCH Sat Day,  !- Name
  {924a4528-c1e1-403e-bd80-619309031c01}, !- Schedule Type Limits Name
  No,                                     !- Interpolate to Timestep
  7,                                      !- Hour 1
  0,                                      !- Minute 1
  0,                                      !- Value Until Time 1
  8,                                      !- Hour 2
  0,                                      !- Minute 2
  0.1,                                    !- Value Until Time 2
  9,                                      !- Hour 3
  0,                                      !- Minute 3
  0.2,                                    !- Value Until Time 3
  10,                                     !- Hour 4
  0,                                      !- Minute 4
  0.5,                                    !- Value Until Time 4
  11,                                     !- Hour 5
  0,                                      !- Minute 5
  0.6,                                    !- Value Until Time 5
  17,                                     !- Hour 6
  0,                                      !- Minute 6
  0.8,                                    !- Value Until Time 6
  18,                                     !- Hour 7
  0,                                      !- Minute 7
  0.6,                                    !- Value Until Time 7
  21,                                     !- Hour 8
  0,                                      !- Minute 8
  0.2,                                    !- Value Until Time 8
  22,                                     !- Hour 9
  0,                                      !- Minute 9
  0.1,                                    !- Value Until Time 9
  24,                                     !- Hour 10
  0,                                      !- Minute 10
  0;                                      !- Value Until Time 10

OS:Schedule:Day,
  {1f200a47-3fd1-47b0-b472-88812893f3e0}, !- Handle
  RetailStandalone BLDG_OCC_SCH Summer Design Day, !- Name
  {924a4528-c1e1-403e-bd80-619309031c01}, !- Schedule Type Limits Name
  No,                                     !- Interpolate to Timestep
  24,                                     !- Hour 1
  0,                                      !- Minute 1
  1;                                      !- Value Until Time 1

OS:Schedule:Rule,
  {8b1d592f-f609-4249-887b-2f1e62789e3f}, !- Handle
  Schedule Rule 3,                        !- Name
  {bb049dbf-d3c3-4ee0-baee-3b784109e7c9}, !- Schedule Ruleset Name
  0,                                      !- Rule Order
  {f13104fd-0d89-4d74-888b-a936d1592929}, !- Day Schedule Name
  ,                                       !- Apply Sunday
  Yes,                                    !- Apply Monday
  Yes,                                    !- Apply Tuesday
  Yes,                                    !- Apply Wednesday
  Yes,                                    !- Apply Thursday
  Yes,                                    !- Apply Friday
  ,                                       !- Apply Saturday
  DateRange,                              !- Date Specification Type
  1,                                      !- Start Month
  1,                                      !- Start Day
  12,                                     !- End Month
  31;                                     !- End Day

OS:Schedule:Day,
  {f13104fd-0d89-4d74-888b-a936d1592929}, !- Handle
  RetailStandalone BLDG_OCC_SCH Wkdy Day, !- Name
  {924a4528-c1e1-403e-bd80-619309031c01}, !- Schedule Type Limits Name
  No,                                     !- Interpolate to Timestep
  7,                                      !- Hour 1
  0,                                      !- Minute 1
  0,                                      !- Value Until Time 1
  8,                                      !- Hour 2
  0,                                      !- Minute 2
  0.1,                                    !- Value Until Time 2
  9,                                      !- Hour 3
  0,                                      !- Minute 3
  0.2,                                    !- Value Until Time 3
  11,                                     !- Hour 4
  0,                                      !- Minute 4
  0.5,                                    !- Value Until Time 4
  15,                                     !- Hour 5
  0,                                      !- Minute 5
  0.7,                                    !- Value Until Time 5
  16,                                     !- Hour 6
  0,                                      !- Minute 6
  0.8,                                    !- Value Until Time 6
  17,                                     !- Hour 7
  0,                                      !- Minute 7
  0.7,                                    !- Value Until Time 7
  19,                                     !- Hour 8
  0,                                      !- Minute 8
  0.5,                                    !- Value Until Time 8
  21,                                     !- Hour 9
  0,                                      !- Minute 9
  0.3,                                    !- Value Until Time 9
  24,                                     !- Hour 10
  0,                                      !- Minute 10
  0;                                      !- Value Until Time 10

OS:Schedule:Day,
  {b5075b89-4cc3-4636-9afb-0509e33ac5bc}, !- Handle
  RetailStandalone BLDG_OCC_SCH Winter Design Day, !- Name
  {924a4528-c1e1-403e-bd80-619309031c01}, !- Schedule Type Limits Name
  No,                                     !- Interpolate to Timestep
  24,                                     !- Hour 1
  0,                                      !- Minute 1
  0;                                      !- Value Until Time 1

OS:Schedule:Ruleset,
  {4e9dfb15-0149-45cf-aa7f-2a37a3a5ae8e}, !- Handle
  RetailStandalone ACTIVITY_SCH,          !- Name
  {9dd5465d-0380-49e5-831e-e28ce0d996eb}, !- Schedule Type Limits Name
  {34f14981-3857-4d5e-976b-2c2d93cdadd4}, !- Default Day Schedule Name
  {e425df06-44c1-495a-9bc9-e0e360c4e54e}, !- Summer Design Day Schedule Name
  {c0848213-c1c0-4742-a4a7-63aaa142f083}; !- Winter Design Day Schedule Name

OS:Schedule:Day,
  {34f14981-3857-4d5e-976b-2c2d93cdadd4}, !- Handle
  RetailStandalone ACTIVITY_SCH Default,  !- Name
  {9dd5465d-0380-49e5-831e-e28ce0d996eb}, !- Schedule Type Limits Name
  No,                                     !- Interpolate to Timestep
  24,                                     !- Hour 1
  0,                                      !- Minute 1
  120;                                    !- Value Until Time 1

OS:Schedule:Day,
  {c0848213-c1c0-4742-a4a7-63aaa142f083}, !- Handle
  RetailStandalone ACTIVITY_SCH Winter Design Day, !- Name
  {9dd5465d-0380-49e5-831e-e28ce0d996eb}, !- Schedule Type Limits Name
  No,                                     !- Interpolate to Timestep
  24,                                     !- Hour 1
  0,                                      !- Minute 1
  120;                                    !- Value Until Time 1

OS:Schedule:Day,
  {e425df06-44c1-495a-9bc9-e0e360c4e54e}, !- Handle
  RetailStandalone ACTIVITY_SCH Summer Design Day, !- Name
  {9dd5465d-0380-49e5-831e-e28ce0d996eb}, !- Schedule Type Limits Name
  No,                                     !- Interpolate to Timestep
  24,                                     !- Hour 1
  0,                                      !- Minute 1
  120;                                    !- Value Until Time 1

OS:ScheduleTypeLimits,
  {9dd5465d-0380-49e5-831e-e28ce0d996eb}, !- Handle
  ActivityLevel,                          !- Name
  0,                                      !- Lower Limit Value
  ,                                       !- Upper Limit Value
  Continuous,                             !- Numeric Type
  ActivityLevel;                          !- Unit Type

OS:Schedule:Ruleset,
  {c47a6e9e-555c-45e4-b7ea-6c07506947d3}, !- Handle
  RetailStandalone BLDG_LIGHT_BACK_SCH,   !- Name
  {924a4528-c1e1-403e-bd80-619309031c01}, !- Schedule Type Limits Name
  {8428c06a-540d-4e8d-9ed3-52b448b5ed3c}, !- Default Day Schedule Name
  {7c56af9a-4e2a-4c92-b219-6cb7ef1efc1b}, !- Summer Design Day Schedule Name
  {d3d8fb40-7927-4e60-b0f3-d9d149b47641}; !- Winter Design Day Schedule Name

OS:Schedule:Day,
  {8428c06a-540d-4e8d-9ed3-52b448b5ed3c}, !- Handle
  RetailStandalone BLDG_LIGHT_BACK_SCH Default, !- Name
  {924a4528-c1e1-403e-bd80-619309031c01}, !- Schedule Type Limits Name
  No,                                     !- Interpolate to Timestep
  9,                                      !- Hour 1
  0,                                      !- Minute 1
  0.05,                                   !- Value Until Time 1
  10,                                     !- Hour 2
  0,                                      !- Minute 2
  0.1,                                    !- Value Until Time 2
  12,                                     !- Hour 3
  0,                                      !- Minute 3
  0.4,                                    !- Value Until Time 3
  17,                                     !- Hour 4
  0,                                      !- Minute 4
  0.6,                                    !- Value Until Time 4
  18,                                     !- Hour 5
  0,                                      !- Minute 5
  0.4,                                    !- Value Until Time 5
  19,                                     !- Hour 6
  0,                                      !- Minute 6
  0.2,                                    !- Value Until Time 6
  24,                                     !- Hour 7
  0,                                      !- Minute 7
  0.05;                                   !- Value Until Time 7

OS:Schedule:Rule,
  {37061c7c-554f-4a8e-96af-35a51bc5c189}, !- Handle
  Schedule Rule 4,                        !- Name
  {c47a6e9e-555c-45e4-b7ea-6c07506947d3}, !- Schedule Ruleset Name
  1,                                      !- Rule Order
  {85cd2e22-d140-4660-8cf3-878b259e7544}, !- Day Schedule Name
  ,                                       !- Apply Sunday
  ,                                       !- Apply Monday
  ,                                       !- Apply Tuesday
  ,                                       !- Apply Wednesday
  ,                                       !- Apply Thursday
  ,                                       !- Apply Friday
  Yes,                                    !- Apply Saturday
  DateRange,                              !- Date Specification Type
  1,                                      !- Start Month
  1,                                      !- Start Day
  12,                                     !- End Month
  31;                                     !- End Day

OS:Schedule:Day,
  {85cd2e22-d140-4660-8cf3-878b259e7544}, !- Handle
  RetailStandalone BLDG_LIGHT_BACK_SCH Sat Day, !- Name
  {924a4528-c1e1-403e-bd80-619309031c01}, !- Schedule Type Limits Name
  No,                                     !- Interpolate to Timestep
  7,                                      !- Hour 1
  0,                                      !- Minute 1
  0.05,                                   !- Value Until Time 1
  8,                                      !- Hour 2
  0,                                      !- Minute 2
  0.1,                                    !- Value Until Time 2
  9,                                      !- Hour 3
  0,                                      !- Minute 3
  0.3,                                    !- Value Until Time 3
  10,                                     !- Hour 4
  0,                                      !- Minute 4
  0.6,                                    !- Value Until Time 4
  18,                                     !- Hour 5
  0,                                      !- Minute 5
  0.9,                                    !- Value Until Time 5
  19,                                     !- Hour 6
  0,                                      !- Minute 6
  0.5,                                    !- Value Until Time 6
  21,                                     !- Hour 7
  0,                                      !- Minute 7
  0.3,                                    !- Value Until Time 7
  22,                                     !- Hour 8
  0,                                      !- Minute 8
  0.1,                                    !- Value Until Time 8
  24,                                     !- Hour 9
  0,                                      !- Minute 9
  0.05;                                   !- Value Until Time 9

OS:Schedule:Day,
  {7c56af9a-4e2a-4c92-b219-6cb7ef1efc1b}, !- Handle
  RetailStandalone BLDG_LIGHT_BACK_SCH Summer Design Day, !- Name
  {924a4528-c1e1-403e-bd80-619309031c01}, !- Schedule Type Limits Name
  No,                                     !- Interpolate to Timestep
  24,                                     !- Hour 1
  0,                                      !- Minute 1
  1;                                      !- Value Until Time 1

OS:Schedule:Rule,
  {261f3d12-67a4-47cf-a7cf-376f10a07dd2}, !- Handle
  Schedule Rule 5,                        !- Name
  {c47a6e9e-555c-45e4-b7ea-6c07506947d3}, !- Schedule Ruleset Name
  0,                                      !- Rule Order
  {249ffc4c-f27a-499d-a9ea-f4726c1b071e}, !- Day Schedule Name
  ,                                       !- Apply Sunday
  Yes,                                    !- Apply Monday
  Yes,                                    !- Apply Tuesday
  Yes,                                    !- Apply Wednesday
  Yes,                                    !- Apply Thursday
  Yes,                                    !- Apply Friday
  ,                                       !- Apply Saturday
  DateRange,                              !- Date Specification Type
  1,                                      !- Start Month
  1,                                      !- Start Day
  12,                                     !- End Month
  31;                                     !- End Day

OS:Schedule:Day,
  {249ffc4c-f27a-499d-a9ea-f4726c1b071e}, !- Handle
  RetailStandalone BLDG_LIGHT_BACK_SCH Wkdy Day, !- Name
  {924a4528-c1e1-403e-bd80-619309031c01}, !- Schedule Type Limits Name
  No,                                     !- Interpolate to Timestep
  7,                                      !- Hour 1
  0,                                      !- Minute 1
  0.05,                                   !- Value Until Time 1
  8,                                      !- Hour 2
  0,                                      !- Minute 2
  0.2,                                    !- Value Until Time 2
  9,                                      !- Hour 3
  0,                                      !- Minute 3
  0.4,                                    !- Value Until Time 3
  18,                                     !- Hour 4
  0,                                      !- Minute 4
  0.9,                                    !- Value Until Time 4
  21,                                     !- Hour 5
  0,                                      !- Minute 5
  0.5,                                    !- Value Until Time 5
  22,                                     !- Hour 6
  0,                                      !- Minute 6
  0.2,                                    !- Value Until Time 6
  24,                                     !- Hour 7
  0,                                      !- Minute 7
  0.05;                                   !- Value Until Time 7

OS:Schedule:Day,
  {d3d8fb40-7927-4e60-b0f3-d9d149b47641}, !- Handle
  RetailStandalone BLDG_LIGHT_BACK_SCH Winter Design Day, !- Name
  {924a4528-c1e1-403e-bd80-619309031c01}, !- Schedule Type Limits Name
  No,                                     !- Interpolate to Timestep
  24,                                     !- Hour 1
  0,                                      !- Minute 1
  0;                                      !- Value Until Time 1

OS:Schedule:Ruleset,
  {b9d849c2-33fe-479b-89e2-38b7b9e1c848}, !- Handle
  RetailStandalone BLDG_EQUIP_SCH,        !- Name
  {924a4528-c1e1-403e-bd80-619309031c01}, !- Schedule Type Limits Name
  {e1b8df78-31d3-4c9a-b07c-cc90f8618fc4}, !- Default Day Schedule Name
  {6571ead4-f28d-4bce-9db8-be912937604e}, !- Summer Design Day Schedule Name
  {a05e03c7-bd8d-427f-91cd-6499e1622752}; !- Winter Design Day Schedule Name

OS:Schedule:Day,
  {e1b8df78-31d3-4c9a-b07c-cc90f8618fc4}, !- Handle
  RetailStandalone BLDG_EQUIP_SCH Default, !- Name
  {924a4528-c1e1-403e-bd80-619309031c01}, !- Schedule Type Limits Name
  No,                                     !- Interpolate to Timestep
  9,                                      !- Hour 1
  0,                                      !- Minute 1
  0.15,                                   !- Value Until Time 1
  10,                                     !- Hour 2
  0,                                      !- Minute 2
  0.3,                                    !- Value Until Time 2
  12,                                     !- Hour 3
  0,                                      !- Minute 3
  0.6,                                    !- Value Until Time 3
  17,                                     !- Hour 4
  0,                                      !- Minute 4
  0.8,                                    !- Value Until Time 4
  18,                                     !- Hour 5
  0,                                      !- Minute 5
  0.6,                                    !- Value Until Time 5
  19,                                     !- Hour 6
  0,                                      !- Minute 6
  0.4,                                    !- Value Until Time 6
  24,                                     !- Hour 7
  0,                                      !- Minute 7
  0.15;                                   !- Value Until Time 7

OS:Schedule:Rule,
  {77d2b6c7-637c-46e2-9ebe-d6f077158b62}, !- Handle
  Schedule Rule 6,                        !- Name
  {b9d849c2-33fe-479b-89e2-38b7b9e1c848}, !- Schedule Ruleset Name
  1,                                      !- Rule Order
  {1a5365e5-a85f-48e5-941f-9837e6fa4491}, !- Day Schedule Name
  ,                                       !- Apply Sunday
  ,                                       !- Apply Monday
  ,                                       !- Apply Tuesday
  ,                                       !- Apply Wednesday
  ,                                       !- Apply Thursday
  ,                                       !- Apply Friday
  Yes,                                    !- Apply Saturday
  DateRange,                              !- Date Specification Type
  1,                                      !- Start Month
  1,                                      !- Start Day
  12,                                     !- End Month
  31;                                     !- End Day

OS:Schedule:Day,
  {1a5365e5-a85f-48e5-941f-9837e6fa4491}, !- Handle
  RetailStandalone BLDG_EQUIP_SCH Sat Day, !- Name
  {924a4528-c1e1-403e-bd80-619309031c01}, !- Schedule Type Limits Name
  No,                                     !- Interpolate to Timestep
  7,                                      !- Hour 1
  0,                                      !- Minute 1
  0.15,                                   !- Value Until Time 1
  8,                                      !- Hour 2
  0,                                      !- Minute 2
  0.3,                                    !- Value Until Time 2
  9,                                      !- Hour 3
  0,                                      !- Minute 3
  0.5,                                    !- Value Until Time 3
  10,                                     !- Hour 4
  0,                                      !- Minute 4
  0.8,                                    !- Value Until Time 4
  18,                                     !- Hour 5
  0,                                      !- Minute 5
  0.9,                                    !- Value Until Time 5
  19,                                     !- Hour 6
  0,                                      !- Minute 6
  0.7,                                    !- Value Until Time 6
  21,                                     !- Hour 7
  0,                                      !- Minute 7
  0.5,                                    !- Value Until Time 7
  22,                                     !- Hour 8
  0,                                      !- Minute 8
  0.3,                                    !- Value Until Time 8
  24,                                     !- Hour 9
  0,                                      !- Minute 9
  0.15;                                   !- Value Until Time 9

OS:Schedule:Day,
  {6571ead4-f28d-4bce-9db8-be912937604e}, !- Handle
  RetailStandalone BLDG_EQUIP_SCH Summer Design Day, !- Name
  {924a4528-c1e1-403e-bd80-619309031c01}, !- Schedule Type Limits Name
  No,                                     !- Interpolate to Timestep
  24,                                     !- Hour 1
  0,                                      !- Minute 1
  1;                                      !- Value Until Time 1

OS:Schedule:Rule,
  {a5e7883b-071e-455c-bb75-e042a6d5e306}, !- Handle
  Schedule Rule 7,                        !- Name
  {b9d849c2-33fe-479b-89e2-38b7b9e1c848}, !- Schedule Ruleset Name
  0,                                      !- Rule Order
  {33c43ad3-ade6-4367-94b4-2288e24dcd89}, !- Day Schedule Name
  ,                                       !- Apply Sunday
  Yes,                                    !- Apply Monday
  Yes,                                    !- Apply Tuesday
  Yes,                                    !- Apply Wednesday
  Yes,                                    !- Apply Thursday
  Yes,                                    !- Apply Friday
  ,                                       !- Apply Saturday
  DateRange,                              !- Date Specification Type
  1,                                      !- Start Month
  1,                                      !- Start Day
  12,                                     !- End Month
  31;                                     !- End Day

OS:Schedule:Day,
  {33c43ad3-ade6-4367-94b4-2288e24dcd89}, !- Handle
  RetailStandalone BLDG_EQUIP_SCH Wkdy Day, !- Name
  {924a4528-c1e1-403e-bd80-619309031c01}, !- Schedule Type Limits Name
  No,                                     !- Interpolate to Timestep
  7,                                      !- Hour 1
  0,                                      !- Minute 1
  0.2,                                    !- Value Until Time 1
  8,                                      !- Hour 2
  0,                                      !- Minute 2
  0.4,                                    !- Value Until Time 2
  9,                                      !- Hour 3
  0,                                      !- Minute 3
  0.6,                                    !- Value Until Time 3
  19,                                     !- Hour 4
  0,                                      !- Minute 4
  0.9,                                    !- Value Until Time 4
  21,                                     !- Hour 5
  0,                                      !- Minute 5
  0.7,                                    !- Value Until Time 5
  24,                                     !- Hour 6
  0,                                      !- Minute 6
  0.2;                                    !- Value Until Time 6

OS:Schedule:Day,
  {a05e03c7-bd8d-427f-91cd-6499e1622752}, !- Handle
  RetailStandalone BLDG_EQUIP_SCH Winter Design Day, !- Name
  {924a4528-c1e1-403e-bd80-619309031c01}, !- Schedule Type Limits Name
  No,                                     !- Interpolate to Timestep
  24,                                     !- Hour 1
  0,                                      !- Minute 1
  0;                                      !- Value Until Time 1

OS:ThermostatSetpoint:DualSetpoint,
  {8c11eecb-367f-4d1a-b529-9a58bec21aaf}, !- Handle
  Retail Back_Space Thermostat,           !- Name
  {42f9175d-fbc5-4e42-9f74-18f2523405da}, !- Heating Setpoint Temperature Schedule Name
  {08530309-3827-41dd-b496-7bd6a9074bba}; !- Cooling Setpoint Temperature Schedule Name

OS:Schedule:Ruleset,
  {42f9175d-fbc5-4e42-9f74-18f2523405da}, !- Handle
  RetailStandalone HTGSETP_SCH_NO_OPTIMUM, !- Name
  {34c5c2db-98bb-4f07-a6b6-55ece48162ef}, !- Schedule Type Limits Name
  {0632bf71-91ee-4b78-92db-4867bb3a422f}, !- Default Day Schedule Name
  {842dfa12-5901-4a51-948e-37842a1536a7}, !- Summer Design Day Schedule Name
  {15b6c168-e989-4c4a-9f2d-44902b3418d8}; !- Winter Design Day Schedule Name

OS:Schedule:Day,
  {0632bf71-91ee-4b78-92db-4867bb3a422f}, !- Handle
  RetailStandalone HTGSETP_SCH_NO_OPTIMUM Default, !- Name
  {34c5c2db-98bb-4f07-a6b6-55ece48162ef}, !- Schedule Type Limits Name
  No,                                     !- Interpolate to Timestep
  7,                                      !- Hour 1
  0,                                      !- Minute 1
  15.56,                                  !- Value Until Time 1
  19,                                     !- Hour 2
  0,                                      !- Minute 2
  21.11,                                  !- Value Until Time 2
  24,                                     !- Hour 3
  0,                                      !- Minute 3
  15.56;                                  !- Value Until Time 3

OS:Schedule:Rule,
  {fc95218b-987c-4f8e-b9f5-4786ed7e2825}, !- Handle
  Schedule Rule 8,                        !- Name
  {42f9175d-fbc5-4e42-9f74-18f2523405da}, !- Schedule Ruleset Name
  1,                                      !- Rule Order
  {e8dae57d-d197-4458-b438-32edc1b9a2a6}, !- Day Schedule Name
  ,                                       !- Apply Sunday
  ,                                       !- Apply Monday
  ,                                       !- Apply Tuesday
  ,                                       !- Apply Wednesday
  ,                                       !- Apply Thursday
  ,                                       !- Apply Friday
  Yes,                                    !- Apply Saturday
  DateRange,                              !- Date Specification Type
  1,                                      !- Start Month
  1,                                      !- Start Day
  12,                                     !- End Month
  31;                                     !- End Day

OS:Schedule:Day,
  {e8dae57d-d197-4458-b438-32edc1b9a2a6}, !- Handle
  RetailStandalone HTGSETP_SCH_NO_OPTIMUM Sat Day, !- Name
  {34c5c2db-98bb-4f07-a6b6-55ece48162ef}, !- Schedule Type Limits Name
  No,                                     !- Interpolate to Timestep
  5,                                      !- Hour 1
  0,                                      !- Minute 1
  15.56,                                  !- Value Until Time 1
  22,                                     !- Hour 2
  0,                                      !- Minute 2
  21.11,                                  !- Value Until Time 2
  24,                                     !- Hour 3
  0,                                      !- Minute 3
  15.56;                                  !- Value Until Time 3

OS:Schedule:Day,
  {842dfa12-5901-4a51-948e-37842a1536a7}, !- Handle
  RetailStandalone HTGSETP_SCH_NO_OPTIMUM Summer Design Day, !- Name
  {34c5c2db-98bb-4f07-a6b6-55ece48162ef}, !- Schedule Type Limits Name
  No,                                     !- Interpolate to Timestep
  24,                                     !- Hour 1
  0,                                      !- Minute 1
  15.56;                                  !- Value Until Time 1

OS:Schedule:Rule,
  {17504d04-ae10-43c7-acbf-19d1bf2bb9ed}, !- Handle
  Schedule Rule 9,                        !- Name
  {42f9175d-fbc5-4e42-9f74-18f2523405da}, !- Schedule Ruleset Name
  0,                                      !- Rule Order
  {8d9fb5b9-ebf6-4f1b-94bd-af675f5f312c}, !- Day Schedule Name
  ,                                       !- Apply Sunday
  Yes,                                    !- Apply Monday
  Yes,                                    !- Apply Tuesday
  Yes,                                    !- Apply Wednesday
  Yes,                                    !- Apply Thursday
  Yes,                                    !- Apply Friday
  ,                                       !- Apply Saturday
  DateRange,                              !- Date Specification Type
  1,                                      !- Start Month
  1,                                      !- Start Day
  12,                                     !- End Month
  31;                                     !- End Day

OS:Schedule:Day,
  {8d9fb5b9-ebf6-4f1b-94bd-af675f5f312c}, !- Handle
  RetailStandalone HTGSETP_SCH_NO_OPTIMUM Wkdy Day, !- Name
  {34c5c2db-98bb-4f07-a6b6-55ece48162ef}, !- Schedule Type Limits Name
  No,                                     !- Interpolate to Timestep
  5,                                      !- Hour 1
  0,                                      !- Minute 1
  15.56,                                  !- Value Until Time 1
  21,                                     !- Hour 2
  0,                                      !- Minute 2
  21.11,                                  !- Value Until Time 2
  24,                                     !- Hour 3
  0,                                      !- Minute 3
  15.56;                                  !- Value Until Time 3

OS:Schedule:Day,
  {15b6c168-e989-4c4a-9f2d-44902b3418d8}, !- Handle
  RetailStandalone HTGSETP_SCH_NO_OPTIMUM Winter Design Day, !- Name
  {34c5c2db-98bb-4f07-a6b6-55ece48162ef}, !- Schedule Type Limits Name
  No,                                     !- Interpolate to Timestep
  6,                                      !- Hour 1
  0,                                      !- Minute 1
  15.56,                                  !- Value Until Time 1
  7,                                      !- Hour 2
  0,                                      !- Minute 2
  18.33,                                  !- Value Until Time 2
  21,                                     !- Hour 3
  0,                                      !- Minute 3
  21.11,                                  !- Value Until Time 3
  24,                                     !- Hour 4
  0,                                      !- Minute 4
  15.56;                                  !- Value Until Time 4

OS:ScheduleTypeLimits,
  {34c5c2db-98bb-4f07-a6b6-55ece48162ef}, !- Handle
  Temperature,                            !- Name
  ,                                       !- Lower Limit Value
  ,                                       !- Upper Limit Value
  Continuous,                             !- Numeric Type
  Temperature;                            !- Unit Type

OS:Schedule:Ruleset,
  {08530309-3827-41dd-b496-7bd6a9074bba}, !- Handle
  RetailStandalone CLGSETP_SCH_NO_SETBACK, !- Name
  {34c5c2db-98bb-4f07-a6b6-55ece48162ef}, !- Schedule Type Limits Name
  {4a1f4fd5-76f3-4331-8a0e-eec284234748}, !- Default Day Schedule Name
  {47fb08df-40d2-4147-835e-aa48c230a394}, !- Summer Design Day Schedule Name
  {c8195e0b-5c82-46e4-8783-6937881b5842}; !- Winter Design Day Schedule Name

OS:Schedule:Day,
  {4a1f4fd5-76f3-4331-8a0e-eec284234748}, !- Handle
  RetailStandalone CLGSETP_SCH_NO_SETBACK Default, !- Name
  {34c5c2db-98bb-4f07-a6b6-55ece48162ef}, !- Schedule Type Limits Name
  No,                                     !- Interpolate to Timestep
  24,                                     !- Hour 1
  0,                                      !- Minute 1
  23.89;                                  !- Value Until Time 1

OS:Schedule:Rule,
  {a5fae9cf-e385-4bc0-8862-0f1bd7ed77bb}, !- Handle
  Schedule Rule 10,                       !- Name
  {08530309-3827-41dd-b496-7bd6a9074bba}, !- Schedule Ruleset Name
  0,                                      !- Rule Order
  {3510d607-2fdd-4397-9a8e-00c41c14bc61}, !- Day Schedule Name
  ,                                       !- Apply Sunday
  Yes,                                    !- Apply Monday
  Yes,                                    !- Apply Tuesday
  Yes,                                    !- Apply Wednesday
  Yes,                                    !- Apply Thursday
  Yes,                                    !- Apply Friday
  Yes,                                    !- Apply Saturday
  DateRange,                              !- Date Specification Type
  1,                                      !- Start Month
  1,                                      !- Start Day
  12,                                     !- End Month
  31;                                     !- End Day

OS:Schedule:Day,
  {3510d607-2fdd-4397-9a8e-00c41c14bc61}, !- Handle
  RetailStandalone CLGSETP_SCH_NO_SETBACK Default|Sat|Wkdy Day, !- Name
  {34c5c2db-98bb-4f07-a6b6-55ece48162ef}, !- Schedule Type Limits Name
  No,                                     !- Interpolate to Timestep
  24,                                     !- Hour 1
  0,                                      !- Minute 1
  23.89;                                  !- Value Until Time 1

OS:Schedule:Day,
  {47fb08df-40d2-4147-835e-aa48c230a394}, !- Handle
  RetailStandalone CLGSETP_SCH_NO_SETBACK Summer Design Day, !- Name
  {34c5c2db-98bb-4f07-a6b6-55ece48162ef}, !- Schedule Type Limits Name
  No,                                     !- Interpolate to Timestep
  6,                                      !- Hour 1
  0,                                      !- Minute 1
  29.44,                                  !- Value Until Time 1
  7,                                      !- Hour 2
  0,                                      !- Minute 2
  26.67,                                  !- Value Until Time 2
  21,                                     !- Hour 3
  0,                                      !- Minute 3
  23.89,                                  !- Value Until Time 3
  24,                                     !- Hour 4
  0,                                      !- Minute 4
  29.44;                                  !- Value Until Time 4

OS:Schedule:Day,
  {c8195e0b-5c82-46e4-8783-6937881b5842}, !- Handle
  RetailStandalone CLGSETP_SCH_NO_SETBACK Winter Design Day, !- Name
  {34c5c2db-98bb-4f07-a6b6-55ece48162ef}, !- Schedule Type Limits Name
  No,                                     !- Interpolate to Timestep
  24,                                     !- Hour 1
  0,                                      !- Minute 1
  29.44;                                  !- Value Until Time 1

OS:Rendering:Color,
  {bd9408fe-6cba-4a10-8947-06728d3455c7}, !- Handle
  Retail Entry 1,                         !- Name
  169,                                    !- Rendering Red Value
  31,                                     !- Rendering Green Value
  31;                                     !- Rendering Blue Value

OS:Lights:Definition,
  {be775a7f-7894-404e-b8ae-6abded94fb34}, !- Handle
  Retail Entry Lights Definition,         !- Name
  Watts/Area,                             !- Design Level Calculation Method
  ,                                       !- Lighting Level {W}
  13.9930835417226,                       !- Watts per Space Floor Area {W/m2}
  ,                                       !- Watts per Person {W/person}
  0.7,                                    !- Fraction Radiant
  0.2,                                    !- Fraction Visible
  0;                                      !- Return Air Fraction

OS:Lights,
  {d517a2f3-a6b3-4f1a-81c4-d8c027996189}, !- Handle
  Retail Entry Lights,                    !- Name
  {be775a7f-7894-404e-b8ae-6abded94fb34}, !- Lights Definition Name
  {0bcafa2d-62fc-4553-b313-ffb78a469e75}, !- Space or SpaceType Name
  ,                                       !- Schedule Name
  1,                                      !- Fraction Replaceable
  ,                                       !- Multiplier
  General;                                !- End-Use Subcategory

OS:AdditionalProperties,
  {374c6bf4-abba-41b5-b2cc-9516433adbd7}, !- Handle
  {be775a7f-7894-404e-b8ae-6abded94fb34}, !- Object Name
  lpd_fraction_linear_fluorescent,        !- Feature Name 1
  Double,                                 !- Feature Data Type 1
  1;                                      !- Feature Value 1

OS:ElectricEquipment:Definition,
  {008984da-06b2-43a0-baa4-2c4f75a12adf}, !- Handle
  Retail Entry Elec Equip Definition,     !- Name
  Watts/Area,                             !- Design Level Calculation Method
  ,                                       !- Design Level {W}
  3.22917312501292,                       !- Watts per Space Floor Area {W/m2}
  ,                                       !- Watts per Person {W/person}
  0,                                      !- Fraction Latent
  0.5,                                    !- Fraction Radiant
  0;                                      !- Fraction Lost

OS:ElectricEquipment,
  {e0b5351a-9fd1-47da-ad69-3521168cce26}, !- Handle
  Retail Entry Elec Equip,                !- Name
  {008984da-06b2-43a0-baa4-2c4f75a12adf}, !- Electric Equipment Definition Name
  {0bcafa2d-62fc-4553-b313-ffb78a469e75}, !- Space or SpaceType Name
  ,                                       !- Schedule Name
  ,                                       !- Multiplier
  General;                                !- End-Use Subcategory

OS:DesignSpecification:OutdoorAir,
  {54b0281b-15f9-47a7-87d2-32345b70936b}, !- Handle
  Retail Entry Ventilation,               !- Name
  Sum,                                    !- Outdoor Air Method
  0.003539605824,                         !- Outdoor Air Flow per Person {m3/s-person}
  0.0006096,                              !- Outdoor Air Flow per Floor Area {m3/s-m2}
  ,                                       !- Outdoor Air Flow Rate {m3/s}
  ,                                       !- Outdoor Air Flow Air Changes per Hour {1/hr}
  ;                                       !- Outdoor Air Flow Rate Fraction Schedule Name

OS:DefaultScheduleSet,
  {f1d6b455-e821-4540-b7f8-8c4e727c018f}, !- Handle
  Retail Entry Schedule Set,              !- Name
  ,                                       !- Hours of Operation Schedule Name
  {bb049dbf-d3c3-4ee0-baee-3b784109e7c9}, !- Number of People Schedule Name
  {4e9dfb15-0149-45cf-aa7f-2a37a3a5ae8e}, !- People Activity Level Schedule Name
  {7d80948e-c5d4-421b-b56b-3789cb6d49c6}, !- Lighting Schedule Name
  {b9d849c2-33fe-479b-89e2-38b7b9e1c848}, !- Electric Equipment Schedule Name
  ,                                       !- Gas Equipment Schedule Name
  ,                                       !- Hot Water Equipment Schedule Name
  ,                                       !- Infiltration Schedule Name
  ,                                       !- Steam Equipment Schedule Name
  ;                                       !- Other Equipment Schedule Name

OS:Schedule:Ruleset,
  {7d80948e-c5d4-421b-b56b-3789cb6d49c6}, !- Handle
  RetailStandalone BLDG_LIGHT_ENTRY_SCH,  !- Name
  {924a4528-c1e1-403e-bd80-619309031c01}, !- Schedule Type Limits Name
  {d14ef02d-f0b9-4da8-b7ca-e27c8c5b374d}, !- Default Day Schedule Name
  {9fa8ee64-47fc-4939-b41c-bd967cf372e4}, !- Summer Design Day Schedule Name
  {eb0d4490-1f44-402c-a349-ac68dcaffc70}; !- Winter Design Day Schedule Name

OS:Schedule:Day,
  {d14ef02d-f0b9-4da8-b7ca-e27c8c5b374d}, !- Handle
  RetailStandalone BLDG_LIGHT_ENTRY_SCH Default, !- Name
  {924a4528-c1e1-403e-bd80-619309031c01}, !- Schedule Type Limits Name
  No,                                     !- Interpolate to Timestep
  9,                                      !- Hour 1
  0,                                      !- Minute 1
  0.05,                                   !- Value Until Time 1
  10,                                     !- Hour 2
  0,                                      !- Minute 2
  0.1,                                    !- Value Until Time 2
  12,                                     !- Hour 3
  0,                                      !- Minute 3
  0.4,                                    !- Value Until Time 3
  17,                                     !- Hour 4
  0,                                      !- Minute 4
  0.6,                                    !- Value Until Time 4
  18,                                     !- Hour 5
  0,                                      !- Minute 5
  0.4,                                    !- Value Until Time 5
  19,                                     !- Hour 6
  0,                                      !- Minute 6
  0.2,                                    !- Value Until Time 6
  24,                                     !- Hour 7
  0,                                      !- Minute 7
  0.05;                                   !- Value Until Time 7

OS:Schedule:Rule,
  {d43ef3b5-633a-40ff-b8b7-4fcd9a82c07c}, !- Handle
  Schedule Rule 11,                       !- Name
  {7d80948e-c5d4-421b-b56b-3789cb6d49c6}, !- Schedule Ruleset Name
  1,                                      !- Rule Order
  {15f1f4c8-bfbc-4415-a44b-c2cb61e37c02}, !- Day Schedule Name
  ,                                       !- Apply Sunday
  ,                                       !- Apply Monday
  ,                                       !- Apply Tuesday
  ,                                       !- Apply Wednesday
  ,                                       !- Apply Thursday
  ,                                       !- Apply Friday
  Yes,                                    !- Apply Saturday
  DateRange,                              !- Date Specification Type
  1,                                      !- Start Month
  1,                                      !- Start Day
  12,                                     !- End Month
  31;                                     !- End Day

OS:Schedule:Day,
  {15f1f4c8-bfbc-4415-a44b-c2cb61e37c02}, !- Handle
  RetailStandalone BLDG_LIGHT_ENTRY_SCH Sat Day, !- Name
  {924a4528-c1e1-403e-bd80-619309031c01}, !- Schedule Type Limits Name
  No,                                     !- Interpolate to Timestep
  7,                                      !- Hour 1
  0,                                      !- Minute 1
  0.05,                                   !- Value Until Time 1
  8,                                      !- Hour 2
  0,                                      !- Minute 2
  0.1,                                    !- Value Until Time 2
  9,                                      !- Hour 3
  0,                                      !- Minute 3
  0.3,                                    !- Value Until Time 3
  10,                                     !- Hour 4
  0,                                      !- Minute 4
  0.6,                                    !- Value Until Time 4
  18,                                     !- Hour 5
  0,                                      !- Minute 5
  0.9,                                    !- Value Until Time 5
  19,                                     !- Hour 6
  0,                                      !- Minute 6
  0.5,                                    !- Value Until Time 6
  21,                                     !- Hour 7
  0,                                      !- Minute 7
  0.3,                                    !- Value Until Time 7
  22,                                     !- Hour 8
  0,                                      !- Minute 8
  0.1,                                    !- Value Until Time 8
  24,                                     !- Hour 9
  0,                                      !- Minute 9
  0.05;                                   !- Value Until Time 9

OS:Schedule:Day,
  {9fa8ee64-47fc-4939-b41c-bd967cf372e4}, !- Handle
  RetailStandalone BLDG_LIGHT_ENTRY_SCH Summer Design Day, !- Name
  {924a4528-c1e1-403e-bd80-619309031c01}, !- Schedule Type Limits Name
  No,                                     !- Interpolate to Timestep
  24,                                     !- Hour 1
  0,                                      !- Minute 1
  1;                                      !- Value Until Time 1

OS:Schedule:Rule,
  {4d074b74-3bf1-4b8d-a671-84a4e12ea313}, !- Handle
  Schedule Rule 12,                       !- Name
  {7d80948e-c5d4-421b-b56b-3789cb6d49c6}, !- Schedule Ruleset Name
  0,                                      !- Rule Order
  {a20d8ffe-7baa-4b43-ac79-7ee428a92c04}, !- Day Schedule Name
  ,                                       !- Apply Sunday
  Yes,                                    !- Apply Monday
  Yes,                                    !- Apply Tuesday
  Yes,                                    !- Apply Wednesday
  Yes,                                    !- Apply Thursday
  Yes,                                    !- Apply Friday
  ,                                       !- Apply Saturday
  DateRange,                              !- Date Specification Type
  1,                                      !- Start Month
  1,                                      !- Start Day
  12,                                     !- End Month
  31;                                     !- End Day

OS:Schedule:Day,
  {a20d8ffe-7baa-4b43-ac79-7ee428a92c04}, !- Handle
  RetailStandalone BLDG_LIGHT_ENTRY_SCH Wkdy Day, !- Name
  {924a4528-c1e1-403e-bd80-619309031c01}, !- Schedule Type Limits Name
  No,                                     !- Interpolate to Timestep
  7,                                      !- Hour 1
  0,                                      !- Minute 1
  0.05,                                   !- Value Until Time 1
  8,                                      !- Hour 2
  0,                                      !- Minute 2
  0.2,                                    !- Value Until Time 2
  9,                                      !- Hour 3
  0,                                      !- Minute 3
  0.4,                                    !- Value Until Time 3
  18,                                     !- Hour 4
  0,                                      !- Minute 4
  0.9,                                    !- Value Until Time 4
  21,                                     !- Hour 5
  0,                                      !- Minute 5
  0.5,                                    !- Value Until Time 5
  22,                                     !- Hour 6
  0,                                      !- Minute 6
  0.2,                                    !- Value Until Time 6
  24,                                     !- Hour 7
  0,                                      !- Minute 7
  0.05;                                   !- Value Until Time 7

OS:Schedule:Day,
  {eb0d4490-1f44-402c-a349-ac68dcaffc70}, !- Handle
  RetailStandalone BLDG_LIGHT_ENTRY_SCH Winter Design Day, !- Name
  {924a4528-c1e1-403e-bd80-619309031c01}, !- Schedule Type Limits Name
  No,                                     !- Interpolate to Timestep
  24,                                     !- Hour 1
  0,                                      !- Minute 1
  0;                                      !- Value Until Time 1

OS:ThermostatSetpoint:DualSetpoint,
  {7db5cfc9-813f-4657-a70c-f1bf86bc91c4}, !- Handle
  Retail Entry Thermostat,                !- Name
  {42f9175d-fbc5-4e42-9f74-18f2523405da}, !- Heating Setpoint Temperature Schedule Name
  {ce93c20d-f1d1-453a-bfa8-384d34564753}; !- Cooling Setpoint Temperature Schedule Name

OS:Schedule:Ruleset,
  {ce93c20d-f1d1-453a-bfa8-384d34564753}, !- Handle
  RetailStandalone FRONT_ENTRY_COOLING,   !- Name
  {34c5c2db-98bb-4f07-a6b6-55ece48162ef}, !- Schedule Type Limits Name
  {fac65094-e4d1-4dae-be31-22c568079205}, !- Default Day Schedule Name
  {ec42e5cf-ecaf-4d15-8abe-2173455aaa3f}, !- Summer Design Day Schedule Name
  {af16c1a9-df82-4027-9853-5bc2901ffa2b}; !- Winter Design Day Schedule Name

OS:Schedule:Day,
  {fac65094-e4d1-4dae-be31-22c568079205}, !- Handle
  RetailStandalone FRONT_ENTRY_COOLING Default, !- Name
  {34c5c2db-98bb-4f07-a6b6-55ece48162ef}, !- Schedule Type Limits Name
  No,                                     !- Interpolate to Timestep
  24,                                     !- Hour 1
  0,                                      !- Minute 1
  100;                                    !- Value Until Time 1

OS:Schedule:Day,
  {af16c1a9-df82-4027-9853-5bc2901ffa2b}, !- Handle
  RetailStandalone FRONT_ENTRY_COOLING Winter Design Day, !- Name
  {34c5c2db-98bb-4f07-a6b6-55ece48162ef}, !- Schedule Type Limits Name
  No,                                     !- Interpolate to Timestep
  24,                                     !- Hour 1
  0,                                      !- Minute 1
  100;                                    !- Value Until Time 1

OS:Schedule:Day,
  {ec42e5cf-ecaf-4d15-8abe-2173455aaa3f}, !- Handle
  RetailStandalone FRONT_ENTRY_COOLING Summer Design Day, !- Name
  {34c5c2db-98bb-4f07-a6b6-55ece48162ef}, !- Schedule Type Limits Name
  No,                                     !- Interpolate to Timestep
  24,                                     !- Hour 1
  0,                                      !- Minute 1
  100;                                    !- Value Until Time 1

OS:Rendering:Color,
  {285ed86b-b043-4c94-b56c-742ae4c11378}, !- Handle
  Retail Point_of_Sale 1,                 !- Name
  171,                                    !- Rendering Red Value
  222,                                    !- Rendering Green Value
  78;                                     !- Rendering Blue Value

OS:People:Definition,
  {04752eda-2b01-4130-b0c2-5064c83506d6}, !- Handle
  Retail Point_of_Sale People Definition, !- Name
  People/Area,                            !- Number of People Calculation Method
  ,                                       !- Number of People {people}
  0.161458656250646,                      !- People per Space Floor Area {person/m2}
  ,                                       !- Space Floor Area per Person {m2/person}
  0.3,                                    !- Fraction Radiant
  ,                                       !- Sensible Heat Fraction
  ,                                       !- Carbon Dioxide Generation Rate {m3/s-W}
  ,                                       !- Enable ASHRAE 55 Comfort Warnings
  ,                                       !- Mean Radiant Temperature Calculation Type
  AdaptiveASH55;                          !- Thermal Comfort Model Type 1

OS:People,
  {29f7cc67-43d4-4820-8eda-4ec77e848310}, !- Handle
  Retail Point_of_Sale People,            !- Name
  {04752eda-2b01-4130-b0c2-5064c83506d6}, !- People Definition Name
  {bee7a769-0f42-4be2-92b3-1f1cd06fa604}, !- Space or SpaceType Name
  ,                                       !- Number of People Schedule Name
  ,                                       !- Activity Level Schedule Name
  ,                                       !- Surface Name/Angle Factor List Name
  {c2c72f20-ed66-4968-bbf6-9b8717d5d51a}, !- Work Efficiency Schedule Name
  ClothingInsulationSchedule,             !- Clothing Insulation Calculation Method
  ,                                       !- Clothing Insulation Calculation Method Schedule Name
  {73572ed0-9af0-43aa-9d7b-825700c8d839}, !- Clothing Insulation Schedule Name
  {9cf4b323-8cc3-4d58-87fc-226f6b25eb48}, !- Air Velocity Schedule Name
  1;                                      !- Multiplier

OS:Lights:Definition,
  {4eac14ba-24b9-4e6f-994c-420521b6cd56}, !- Handle
  Retail Point_of_Sale Lights Definition, !- Name
  Watts/Area,                             !- Design Level Calculation Method
  ,                                       !- Lighting Level {W}
  18.2986477084065,                       !- Watts per Space Floor Area {W/m2}
  ,                                       !- Watts per Person {W/person}
  0.7,                                    !- Fraction Radiant
  0.2,                                    !- Fraction Visible
  0;                                      !- Return Air Fraction

OS:Lights,
  {564f7e8f-1d44-4213-9245-94ba211afc73}, !- Handle
  Retail Point_of_Sale Lights,            !- Name
  {4eac14ba-24b9-4e6f-994c-420521b6cd56}, !- Lights Definition Name
  {bee7a769-0f42-4be2-92b3-1f1cd06fa604}, !- Space or SpaceType Name
  ,                                       !- Schedule Name
  1,                                      !- Fraction Replaceable
  ,                                       !- Multiplier
  General;                                !- End-Use Subcategory

OS:AdditionalProperties,
  {2cf0fc81-a789-4cc5-9bde-421075178605}, !- Handle
  {4eac14ba-24b9-4e6f-994c-420521b6cd56}, !- Object Name
  lpd_fraction_linear_fluorescent,        !- Feature Name 1
  Double,                                 !- Feature Data Type 1
  1;                                      !- Feature Value 1

OS:ElectricEquipment:Definition,
  {e64b631a-5f68-4e5e-a8f0-cd4296a1794a}, !- Handle
  Retail Point_of_Sale Elec Equip Definition, !- Name
  Watts/Area,                             !- Design Level Calculation Method
  ,                                       !- Design Level {W}
  21.5278208334194,                       !- Watts per Space Floor Area {W/m2}
  ,                                       !- Watts per Person {W/person}
  0,                                      !- Fraction Latent
  0.5,                                    !- Fraction Radiant
  0;                                      !- Fraction Lost

OS:ElectricEquipment,
  {916a9509-bfce-4e16-a79f-e17e12a6586a}, !- Handle
  Retail Point_of_Sale Elec Equip,        !- Name
  {e64b631a-5f68-4e5e-a8f0-cd4296a1794a}, !- Electric Equipment Definition Name
  {bee7a769-0f42-4be2-92b3-1f1cd06fa604}, !- Space or SpaceType Name
  ,                                       !- Schedule Name
  ,                                       !- Multiplier
  General;                                !- End-Use Subcategory

OS:DesignSpecification:OutdoorAir,
  {80042f5b-e287-4677-8d6e-8d593b14cdc0}, !- Handle
  Retail Point_of_Sale Ventilation,       !- Name
  Sum,                                    !- Outdoor Air Method
  0.003539605824,                         !- Outdoor Air Flow per Person {m3/s-person}
  0.0006096,                              !- Outdoor Air Flow per Floor Area {m3/s-m2}
  ,                                       !- Outdoor Air Flow Rate {m3/s}
  ,                                       !- Outdoor Air Flow Air Changes per Hour {1/hr}
  ;                                       !- Outdoor Air Flow Rate Fraction Schedule Name

OS:DefaultScheduleSet,
  {fc7f6824-2dcd-4bf7-a2fe-fe18147f4479}, !- Handle
  Retail Point_of_Sale Schedule Set,      !- Name
  ,                                       !- Hours of Operation Schedule Name
  {bb049dbf-d3c3-4ee0-baee-3b784109e7c9}, !- Number of People Schedule Name
  {4e9dfb15-0149-45cf-aa7f-2a37a3a5ae8e}, !- People Activity Level Schedule Name
  {2ee97706-bf16-4e49-b11c-8fc53c37b315}, !- Lighting Schedule Name
  {b9d849c2-33fe-479b-89e2-38b7b9e1c848}, !- Electric Equipment Schedule Name
  ,                                       !- Gas Equipment Schedule Name
  ,                                       !- Hot Water Equipment Schedule Name
  ,                                       !- Infiltration Schedule Name
  ,                                       !- Steam Equipment Schedule Name
  ;                                       !- Other Equipment Schedule Name

OS:Schedule:Ruleset,
  {2ee97706-bf16-4e49-b11c-8fc53c37b315}, !- Handle
  RetailStandalone BLDG_LIGHT_FRONT_SCH,  !- Name
  {924a4528-c1e1-403e-bd80-619309031c01}, !- Schedule Type Limits Name
  {b664ea73-f667-4af8-bc8a-ff0306b669a1}, !- Default Day Schedule Name
  {46253201-aba8-47b9-b339-88a6161a85f2}, !- Summer Design Day Schedule Name
  {7d4eeb82-bdc5-4781-85e1-7ef7fbae19a9}; !- Winter Design Day Schedule Name

OS:Schedule:Day,
  {b664ea73-f667-4af8-bc8a-ff0306b669a1}, !- Handle
  RetailStandalone BLDG_LIGHT_FRONT_SCH Default, !- Name
  {924a4528-c1e1-403e-bd80-619309031c01}, !- Schedule Type Limits Name
  No,                                     !- Interpolate to Timestep
  9,                                      !- Hour 1
  0,                                      !- Minute 1
  0.05,                                   !- Value Until Time 1
  10,                                     !- Hour 2
  0,                                      !- Minute 2
  0.1,                                    !- Value Until Time 2
  12,                                     !- Hour 3
  0,                                      !- Minute 3
  0.4,                                    !- Value Until Time 3
  17,                                     !- Hour 4
  0,                                      !- Minute 4
  0.6,                                    !- Value Until Time 4
  18,                                     !- Hour 5
  0,                                      !- Minute 5
  0.4,                                    !- Value Until Time 5
  19,                                     !- Hour 6
  0,                                      !- Minute 6
  0.2,                                    !- Value Until Time 6
  24,                                     !- Hour 7
  0,                                      !- Minute 7
  0.05;                                   !- Value Until Time 7

OS:Schedule:Rule,
  {5045eb35-5297-4958-8f02-5e8b373db9af}, !- Handle
  Schedule Rule 13,                       !- Name
  {2ee97706-bf16-4e49-b11c-8fc53c37b315}, !- Schedule Ruleset Name
  1,                                      !- Rule Order
  {bc7f124e-cbb9-4081-ba59-648fee4fca0c}, !- Day Schedule Name
  ,                                       !- Apply Sunday
  ,                                       !- Apply Monday
  ,                                       !- Apply Tuesday
  ,                                       !- Apply Wednesday
  ,                                       !- Apply Thursday
  ,                                       !- Apply Friday
  Yes,                                    !- Apply Saturday
  DateRange,                              !- Date Specification Type
  1,                                      !- Start Month
  1,                                      !- Start Day
  12,                                     !- End Month
  31;                                     !- End Day

OS:Schedule:Day,
  {bc7f124e-cbb9-4081-ba59-648fee4fca0c}, !- Handle
  RetailStandalone BLDG_LIGHT_FRONT_SCH Sat Day, !- Name
  {924a4528-c1e1-403e-bd80-619309031c01}, !- Schedule Type Limits Name
  No,                                     !- Interpolate to Timestep
  7,                                      !- Hour 1
  0,                                      !- Minute 1
  0.05,                                   !- Value Until Time 1
  8,                                      !- Hour 2
  0,                                      !- Minute 2
  0.1,                                    !- Value Until Time 2
  9,                                      !- Hour 3
  0,                                      !- Minute 3
  0.3,                                    !- Value Until Time 3
  10,                                     !- Hour 4
  0,                                      !- Minute 4
  0.6,                                    !- Value Until Time 4
  18,                                     !- Hour 5
  0,                                      !- Minute 5
  0.9,                                    !- Value Until Time 5
  19,                                     !- Hour 6
  0,                                      !- Minute 6
  0.5,                                    !- Value Until Time 6
  21,                                     !- Hour 7
  0,                                      !- Minute 7
  0.3,                                    !- Value Until Time 7
  22,                                     !- Hour 8
  0,                                      !- Minute 8
  0.1,                                    !- Value Until Time 8
  24,                                     !- Hour 9
  0,                                      !- Minute 9
  0.05;                                   !- Value Until Time 9

OS:Schedule:Day,
  {46253201-aba8-47b9-b339-88a6161a85f2}, !- Handle
  RetailStandalone BLDG_LIGHT_FRONT_SCH Summer Design Day, !- Name
  {924a4528-c1e1-403e-bd80-619309031c01}, !- Schedule Type Limits Name
  No,                                     !- Interpolate to Timestep
  24,                                     !- Hour 1
  0,                                      !- Minute 1
  1;                                      !- Value Until Time 1

OS:Schedule:Rule,
  {7806f30f-33bf-4e3f-affd-f341c8e5ec1b}, !- Handle
  Schedule Rule 14,                       !- Name
  {2ee97706-bf16-4e49-b11c-8fc53c37b315}, !- Schedule Ruleset Name
  0,                                      !- Rule Order
  {c5b03796-f448-4503-9b3a-677d85734276}, !- Day Schedule Name
  ,                                       !- Apply Sunday
  Yes,                                    !- Apply Monday
  Yes,                                    !- Apply Tuesday
  Yes,                                    !- Apply Wednesday
  Yes,                                    !- Apply Thursday
  Yes,                                    !- Apply Friday
  ,                                       !- Apply Saturday
  DateRange,                              !- Date Specification Type
  1,                                      !- Start Month
  1,                                      !- Start Day
  12,                                     !- End Month
  31;                                     !- End Day

OS:Schedule:Day,
  {c5b03796-f448-4503-9b3a-677d85734276}, !- Handle
  RetailStandalone BLDG_LIGHT_FRONT_SCH Wkdy Day, !- Name
  {924a4528-c1e1-403e-bd80-619309031c01}, !- Schedule Type Limits Name
  No,                                     !- Interpolate to Timestep
  7,                                      !- Hour 1
  0,                                      !- Minute 1
  0.05,                                   !- Value Until Time 1
  8,                                      !- Hour 2
  0,                                      !- Minute 2
  0.2,                                    !- Value Until Time 2
  9,                                      !- Hour 3
  0,                                      !- Minute 3
  0.4,                                    !- Value Until Time 3
  18,                                     !- Hour 4
  0,                                      !- Minute 4
  0.9,                                    !- Value Until Time 4
  21,                                     !- Hour 5
  0,                                      !- Minute 5
  0.5,                                    !- Value Until Time 5
  22,                                     !- Hour 6
  0,                                      !- Minute 6
  0.2,                                    !- Value Until Time 6
  24,                                     !- Hour 7
  0,                                      !- Minute 7
  0.05;                                   !- Value Until Time 7

OS:Schedule:Day,
  {7d4eeb82-bdc5-4781-85e1-7ef7fbae19a9}, !- Handle
  RetailStandalone BLDG_LIGHT_FRONT_SCH Winter Design Day, !- Name
  {924a4528-c1e1-403e-bd80-619309031c01}, !- Schedule Type Limits Name
  No,                                     !- Interpolate to Timestep
  24,                                     !- Hour 1
  0,                                      !- Minute 1
  0;                                      !- Value Until Time 1

OS:ThermostatSetpoint:DualSetpoint,
  {939df8e2-b553-4d55-a161-f8c14a86eebb}, !- Handle
  Retail Point_of_Sale Thermostat,        !- Name
  {42f9175d-fbc5-4e42-9f74-18f2523405da}, !- Heating Setpoint Temperature Schedule Name
  {08530309-3827-41dd-b496-7bd6a9074bba}; !- Cooling Setpoint Temperature Schedule Name

OS:Rendering:Color,
  {389345b3-e0f4-455d-a997-340d6c0c9b75}, !- Handle
  Retail Retail 1,                        !- Name
  171,                                    !- Rendering Red Value
  222,                                    !- Rendering Green Value
  78;                                     !- Rendering Blue Value

OS:People:Definition,
  {19cedcf9-94d5-4ead-be3e-aad07354de0f}, !- Handle
  Retail Retail People Definition,        !- Name
  People/Area,                            !- Number of People Calculation Method
  ,                                       !- Number of People {people}
  0.161458656250646,                      !- People per Space Floor Area {person/m2}
  ,                                       !- Space Floor Area per Person {m2/person}
  0.3,                                    !- Fraction Radiant
  ,                                       !- Sensible Heat Fraction
  ,                                       !- Carbon Dioxide Generation Rate {m3/s-W}
  ,                                       !- Enable ASHRAE 55 Comfort Warnings
  ,                                       !- Mean Radiant Temperature Calculation Type
  AdaptiveASH55;                          !- Thermal Comfort Model Type 1

OS:People,
  {3762ca73-ac81-4981-b68c-cf49454e6e08}, !- Handle
  Retail Retail People,                   !- Name
  {19cedcf9-94d5-4ead-be3e-aad07354de0f}, !- People Definition Name
  {41f69eaa-5eeb-42eb-996c-0f4de8e4a667}, !- Space or SpaceType Name
  ,                                       !- Number of People Schedule Name
  ,                                       !- Activity Level Schedule Name
  ,                                       !- Surface Name/Angle Factor List Name
  {c2c72f20-ed66-4968-bbf6-9b8717d5d51a}, !- Work Efficiency Schedule Name
  ClothingInsulationSchedule,             !- Clothing Insulation Calculation Method
  ,                                       !- Clothing Insulation Calculation Method Schedule Name
  {73572ed0-9af0-43aa-9d7b-825700c8d839}, !- Clothing Insulation Schedule Name
  {9cf4b323-8cc3-4d58-87fc-226f6b25eb48}, !- Air Velocity Schedule Name
  1;                                      !- Multiplier

OS:Lights:Definition,
  {938bacd1-0266-46f8-bed6-6f1eb40124b9}, !- Handle
  Retail Retail Lights Definition,        !- Name
  Watts/Area,                             !- Design Level Calculation Method
  ,                                       !- Lighting Level {W}
  18.2986477084065,                       !- Watts per Space Floor Area {W/m2}
  ,                                       !- Watts per Person {W/person}
  0.7,                                    !- Fraction Radiant
  0.2,                                    !- Fraction Visible
  0;                                      !- Return Air Fraction

OS:Lights,
  {55b38da8-32b2-44f1-94c3-eaef72ff47c7}, !- Handle
  Retail Retail Lights,                   !- Name
  {938bacd1-0266-46f8-bed6-6f1eb40124b9}, !- Lights Definition Name
  {41f69eaa-5eeb-42eb-996c-0f4de8e4a667}, !- Space or SpaceType Name
  ,                                       !- Schedule Name
  1,                                      !- Fraction Replaceable
  ,                                       !- Multiplier
  General;                                !- End-Use Subcategory

OS:AdditionalProperties,
  {2b08fde7-a7c1-44c7-b5d1-148208b30e41}, !- Handle
  {938bacd1-0266-46f8-bed6-6f1eb40124b9}, !- Object Name
  lpd_fraction_linear_fluorescent,        !- Feature Name 1
  Double,                                 !- Feature Data Type 1
  1;                                      !- Feature Value 1

OS:ElectricEquipment:Definition,
  {37439fce-4ebb-44a1-911b-1a751dac1ea3}, !- Handle
  Retail Retail Elec Equip Definition,    !- Name
  Watts/Area,                             !- Design Level Calculation Method
  ,                                       !- Design Level {W}
  3.22917312501292,                       !- Watts per Space Floor Area {W/m2}
  ,                                       !- Watts per Person {W/person}
  0,                                      !- Fraction Latent
  0.5,                                    !- Fraction Radiant
  0;                                      !- Fraction Lost

OS:ElectricEquipment,
  {3bfb59fd-7112-4025-9514-78416970705b}, !- Handle
  Retail Retail Elec Equip,               !- Name
  {37439fce-4ebb-44a1-911b-1a751dac1ea3}, !- Electric Equipment Definition Name
  {41f69eaa-5eeb-42eb-996c-0f4de8e4a667}, !- Space or SpaceType Name
  ,                                       !- Schedule Name
  ,                                       !- Multiplier
  General;                                !- End-Use Subcategory

OS:DesignSpecification:OutdoorAir,
  {77085be6-7916-43c7-80e4-528247d063b8}, !- Handle
  Retail Retail Ventilation,              !- Name
  Sum,                                    !- Outdoor Air Method
  0.003539605824,                         !- Outdoor Air Flow per Person {m3/s-person}
  0.0006096,                              !- Outdoor Air Flow per Floor Area {m3/s-m2}
  ,                                       !- Outdoor Air Flow Rate {m3/s}
  ,                                       !- Outdoor Air Flow Air Changes per Hour {1/hr}
  ;                                       !- Outdoor Air Flow Rate Fraction Schedule Name

OS:DefaultScheduleSet,
  {6842cd50-da50-41ee-acde-e304b79c0eb1}, !- Handle
  Retail Retail Schedule Set,             !- Name
  ,                                       !- Hours of Operation Schedule Name
  {bb049dbf-d3c3-4ee0-baee-3b784109e7c9}, !- Number of People Schedule Name
  {4e9dfb15-0149-45cf-aa7f-2a37a3a5ae8e}, !- People Activity Level Schedule Name
  {8fda5f90-a8e0-4bb3-abbc-09b0afeb76fc}, !- Lighting Schedule Name
  {b9d849c2-33fe-479b-89e2-38b7b9e1c848}, !- Electric Equipment Schedule Name
  ,                                       !- Gas Equipment Schedule Name
  ,                                       !- Hot Water Equipment Schedule Name
  ,                                       !- Infiltration Schedule Name
  ,                                       !- Steam Equipment Schedule Name
  ;                                       !- Other Equipment Schedule Name

OS:Schedule:Ruleset,
  {8fda5f90-a8e0-4bb3-abbc-09b0afeb76fc}, !- Handle
  RetailStandalone BLDG_LIGHT_SCH,        !- Name
  {924a4528-c1e1-403e-bd80-619309031c01}, !- Schedule Type Limits Name
  {8e6e1dbc-c671-4f9a-9824-583dd77933a9}, !- Default Day Schedule Name
  {2077f752-a1cb-4f98-b427-63ecadfe5aff}, !- Summer Design Day Schedule Name
  {32cafdb8-5e8c-430e-9280-b9a274aff15c}; !- Winter Design Day Schedule Name

OS:Schedule:Day,
  {8e6e1dbc-c671-4f9a-9824-583dd77933a9}, !- Handle
  RetailStandalone BLDG_LIGHT_SCH Default, !- Name
  {924a4528-c1e1-403e-bd80-619309031c01}, !- Schedule Type Limits Name
  No,                                     !- Interpolate to Timestep
  9,                                      !- Hour 1
  0,                                      !- Minute 1
  0.05,                                   !- Value Until Time 1
  10,                                     !- Hour 2
  0,                                      !- Minute 2
  0.1,                                    !- Value Until Time 2
  12,                                     !- Hour 3
  0,                                      !- Minute 3
  0.4,                                    !- Value Until Time 3
  17,                                     !- Hour 4
  0,                                      !- Minute 4
  0.6,                                    !- Value Until Time 4
  18,                                     !- Hour 5
  0,                                      !- Minute 5
  0.4,                                    !- Value Until Time 5
  19,                                     !- Hour 6
  0,                                      !- Minute 6
  0.2,                                    !- Value Until Time 6
  24,                                     !- Hour 7
  0,                                      !- Minute 7
  0.05;                                   !- Value Until Time 7

OS:Schedule:Rule,
  {813309c8-6b3f-4d0f-b684-91fc64d1d62e}, !- Handle
  Schedule Rule 15,                       !- Name
  {8fda5f90-a8e0-4bb3-abbc-09b0afeb76fc}, !- Schedule Ruleset Name
  1,                                      !- Rule Order
  {855ba054-5953-40d6-9449-04b92b8df536}, !- Day Schedule Name
  ,                                       !- Apply Sunday
  ,                                       !- Apply Monday
  ,                                       !- Apply Tuesday
  ,                                       !- Apply Wednesday
  ,                                       !- Apply Thursday
  ,                                       !- Apply Friday
  Yes,                                    !- Apply Saturday
  DateRange,                              !- Date Specification Type
  1,                                      !- Start Month
  1,                                      !- Start Day
  12,                                     !- End Month
  31;                                     !- End Day

OS:Schedule:Day,
  {855ba054-5953-40d6-9449-04b92b8df536}, !- Handle
  RetailStandalone BLDG_LIGHT_SCH Sat Day, !- Name
  {924a4528-c1e1-403e-bd80-619309031c01}, !- Schedule Type Limits Name
  No,                                     !- Interpolate to Timestep
  7,                                      !- Hour 1
  0,                                      !- Minute 1
  0.05,                                   !- Value Until Time 1
  8,                                      !- Hour 2
  0,                                      !- Minute 2
  0.1,                                    !- Value Until Time 2
  9,                                      !- Hour 3
  0,                                      !- Minute 3
  0.3,                                    !- Value Until Time 3
  10,                                     !- Hour 4
  0,                                      !- Minute 4
  0.6,                                    !- Value Until Time 4
  18,                                     !- Hour 5
  0,                                      !- Minute 5
  0.9,                                    !- Value Until Time 5
  19,                                     !- Hour 6
  0,                                      !- Minute 6
  0.5,                                    !- Value Until Time 6
  21,                                     !- Hour 7
  0,                                      !- Minute 7
  0.3,                                    !- Value Until Time 7
  22,                                     !- Hour 8
  0,                                      !- Minute 8
  0.1,                                    !- Value Until Time 8
  24,                                     !- Hour 9
  0,                                      !- Minute 9
  0.05;                                   !- Value Until Time 9

OS:Schedule:Day,
  {2077f752-a1cb-4f98-b427-63ecadfe5aff}, !- Handle
  RetailStandalone BLDG_LIGHT_SCH Summer Design Day, !- Name
  {924a4528-c1e1-403e-bd80-619309031c01}, !- Schedule Type Limits Name
  No,                                     !- Interpolate to Timestep
  24,                                     !- Hour 1
  0,                                      !- Minute 1
  1;                                      !- Value Until Time 1

OS:Schedule:Rule,
  {f7f0a22c-717e-456c-8511-4f9bcb1eab26}, !- Handle
  Schedule Rule 16,                       !- Name
  {8fda5f90-a8e0-4bb3-abbc-09b0afeb76fc}, !- Schedule Ruleset Name
  0,                                      !- Rule Order
  {1a95a6a5-8a6b-4993-9c14-75f46239deba}, !- Day Schedule Name
  ,                                       !- Apply Sunday
  Yes,                                    !- Apply Monday
  Yes,                                    !- Apply Tuesday
  Yes,                                    !- Apply Wednesday
  Yes,                                    !- Apply Thursday
  Yes,                                    !- Apply Friday
  ,                                       !- Apply Saturday
  DateRange,                              !- Date Specification Type
  1,                                      !- Start Month
  1,                                      !- Start Day
  12,                                     !- End Month
  31;                                     !- End Day

OS:Schedule:Day,
  {1a95a6a5-8a6b-4993-9c14-75f46239deba}, !- Handle
  RetailStandalone BLDG_LIGHT_SCH Wkdy Day, !- Name
  {924a4528-c1e1-403e-bd80-619309031c01}, !- Schedule Type Limits Name
  No,                                     !- Interpolate to Timestep
  7,                                      !- Hour 1
  0,                                      !- Minute 1
  0.05,                                   !- Value Until Time 1
  8,                                      !- Hour 2
  0,                                      !- Minute 2
  0.2,                                    !- Value Until Time 2
  9,                                      !- Hour 3
  0,                                      !- Minute 3
  0.4,                                    !- Value Until Time 3
  18,                                     !- Hour 4
  0,                                      !- Minute 4
  0.9,                                    !- Value Until Time 4
  21,                                     !- Hour 5
  0,                                      !- Minute 5
  0.5,                                    !- Value Until Time 5
  22,                                     !- Hour 6
  0,                                      !- Minute 6
  0.2,                                    !- Value Until Time 6
  24,                                     !- Hour 7
  0,                                      !- Minute 7
  0.05;                                   !- Value Until Time 7

OS:Schedule:Day,
  {32cafdb8-5e8c-430e-9280-b9a274aff15c}, !- Handle
  RetailStandalone BLDG_LIGHT_SCH Winter Design Day, !- Name
  {924a4528-c1e1-403e-bd80-619309031c01}, !- Schedule Type Limits Name
  No,                                     !- Interpolate to Timestep
  24,                                     !- Hour 1
  0,                                      !- Minute 1
  0;                                      !- Value Until Time 1

OS:ThermostatSetpoint:DualSetpoint,
  {7c590f36-0bb2-4eed-a7e4-70fcc2039c42}, !- Handle
  Retail Retail Thermostat,               !- Name
  {42f9175d-fbc5-4e42-9f74-18f2523405da}, !- Heating Setpoint Temperature Schedule Name
  {08530309-3827-41dd-b496-7bd6a9074bba}; !- Cooling Setpoint Temperature Schedule Name

OS:SpaceInfiltration:DesignFlowRate,
  {e6c680e4-9573-4eae-98f3-d9da16e90b9f}, !- Handle
  Front_Entry HVAC On Infiltration,       !- Name
  {7f004107-3619-4e77-8241-17e92dc82fb2}, !- Space or SpaceType Name
  {1b04e74b-66a2-4992-ad7a-acbe15685b47}, !- Schedule Name
  Flow/ExteriorArea,                      !- Design Flow Rate Calculation Method
  ,                                       !- Design Flow Rate {m3/s}
  ,                                       !- Flow per Space Floor Area {m3/s-m2}
  0.000570329398838798,                   !- Flow per Exterior Surface Area {m3/s-m2}
  ,                                       !- Air Changes per Hour {1/hr}
  -0.0629,                                !- Constant Term Coefficient
  0.0072,                                 !- Temperature Term Coefficient
  0,                                      !- Velocity Term Coefficient
  0.0447,                                 !- Velocity Squared Term Coefficient
  Outdoor;                                !- Density Basis

OS:SpaceInfiltration:DesignFlowRate,
  {1e8dd90c-6271-425b-8b0c-2ad0761c56c6}, !- Handle
  Front_Entry HVAC Off Infiltration,      !- Name
  {7f004107-3619-4e77-8241-17e92dc82fb2}, !- Space or SpaceType Name
  {f8630ec2-6fb3-470c-bcc1-2a891a788556}, !- Schedule Name
  Flow/ExteriorArea,                      !- Design Flow Rate Calculation Method
  ,                                       !- Design Flow Rate {m3/s}
  ,                                       !- Flow per Space Floor Area {m3/s-m2}
  0.000570329398838798,                   !- Flow per Exterior Surface Area {m3/s-m2}
  ,                                       !- Air Changes per Hour {1/hr}
  0,                                      !- Constant Term Coefficient
  0.0111,                                 !- Temperature Term Coefficient
  0,                                      !- Velocity Term Coefficient
  0.0593,                                 !- Velocity Squared Term Coefficient
  Outdoor;                                !- Density Basis

OS:SpaceInfiltration:DesignFlowRate,
  {a095616b-1c59-4c76-9dc6-f649a1ab28d5}, !- Handle
  Back_Space HVAC On Infiltration,        !- Name
  {3d4b9ba5-883d-4fc8-bf66-520e25258a41}, !- Space or SpaceType Name
  {1b04e74b-66a2-4992-ad7a-acbe15685b47}, !- Schedule Name
  Flow/ExteriorArea,                      !- Design Flow Rate Calculation Method
  ,                                       !- Design Flow Rate {m3/s}
  ,                                       !- Flow per Space Floor Area {m3/s-m2}
  0.000570329398838798,                   !- Flow per Exterior Surface Area {m3/s-m2}
  ,                                       !- Air Changes per Hour {1/hr}
  -0.0629,                                !- Constant Term Coefficient
  0.0072,                                 !- Temperature Term Coefficient
  0,                                      !- Velocity Term Coefficient
  0.0447,                                 !- Velocity Squared Term Coefficient
  Outdoor;                                !- Density Basis

OS:SpaceInfiltration:DesignFlowRate,
  {ca392c07-549c-4a6f-aa2a-749c383cb19d}, !- Handle
  Back_Space HVAC Off Infiltration,       !- Name
  {3d4b9ba5-883d-4fc8-bf66-520e25258a41}, !- Space or SpaceType Name
  {f8630ec2-6fb3-470c-bcc1-2a891a788556}, !- Schedule Name
  Flow/ExteriorArea,                      !- Design Flow Rate Calculation Method
  ,                                       !- Design Flow Rate {m3/s}
  ,                                       !- Flow per Space Floor Area {m3/s-m2}
  0.000570329398838798,                   !- Flow per Exterior Surface Area {m3/s-m2}
  ,                                       !- Air Changes per Hour {1/hr}
  0,                                      !- Constant Term Coefficient
  0.0111,                                 !- Temperature Term Coefficient
  0,                                      !- Velocity Term Coefficient
  0.0593,                                 !- Velocity Squared Term Coefficient
  Outdoor;                                !- Density Basis

OS:SpaceInfiltration:DesignFlowRate,
  {704f1e26-589c-4caa-bc4b-db5391848290}, !- Handle
  Front_Retail HVAC On Infiltration,      !- Name
  {5e7c1d0f-985d-4e7c-870a-fc6c94988ab0}, !- Space or SpaceType Name
  {1b04e74b-66a2-4992-ad7a-acbe15685b47}, !- Schedule Name
  Flow/ExteriorArea,                      !- Design Flow Rate Calculation Method
  ,                                       !- Design Flow Rate {m3/s}
  ,                                       !- Flow per Space Floor Area {m3/s-m2}
  0.000570329398838798,                   !- Flow per Exterior Surface Area {m3/s-m2}
  ,                                       !- Air Changes per Hour {1/hr}
  -0.0629,                                !- Constant Term Coefficient
  0.0072,                                 !- Temperature Term Coefficient
  0,                                      !- Velocity Term Coefficient
  0.0447,                                 !- Velocity Squared Term Coefficient
  Outdoor;                                !- Density Basis

OS:SpaceInfiltration:DesignFlowRate,
  {97abe450-fb77-4725-b111-ee3bb2838758}, !- Handle
  Front_Retail HVAC Off Infiltration,     !- Name
  {5e7c1d0f-985d-4e7c-870a-fc6c94988ab0}, !- Space or SpaceType Name
  {f8630ec2-6fb3-470c-bcc1-2a891a788556}, !- Schedule Name
  Flow/ExteriorArea,                      !- Design Flow Rate Calculation Method
  ,                                       !- Design Flow Rate {m3/s}
  ,                                       !- Flow per Space Floor Area {m3/s-m2}
  0.000570329398838798,                   !- Flow per Exterior Surface Area {m3/s-m2}
  ,                                       !- Air Changes per Hour {1/hr}
  0,                                      !- Constant Term Coefficient
  0.0111,                                 !- Temperature Term Coefficient
  0,                                      !- Velocity Term Coefficient
  0.0593,                                 !- Velocity Squared Term Coefficient
  Outdoor;                                !- Density Basis

OS:SpaceInfiltration:DesignFlowRate,
  {dba6696b-9a0b-4620-b391-e42648846ea2}, !- Handle
  Point_Of_Sale HVAC On Infiltration,     !- Name
  {5e3f23ce-ce46-4ddb-aa00-f04cd954fb88}, !- Space or SpaceType Name
  {1b04e74b-66a2-4992-ad7a-acbe15685b47}, !- Schedule Name
  Flow/ExteriorArea,                      !- Design Flow Rate Calculation Method
  ,                                       !- Design Flow Rate {m3/s}
  ,                                       !- Flow per Space Floor Area {m3/s-m2}
  0.000570329398838798,                   !- Flow per Exterior Surface Area {m3/s-m2}
  ,                                       !- Air Changes per Hour {1/hr}
  -0.0629,                                !- Constant Term Coefficient
  0.0072,                                 !- Temperature Term Coefficient
  0,                                      !- Velocity Term Coefficient
  0.0447,                                 !- Velocity Squared Term Coefficient
  Outdoor;                                !- Density Basis

OS:SpaceInfiltration:DesignFlowRate,
  {580053b4-2099-49c3-b723-6cac3f3c4d7e}, !- Handle
  Point_Of_Sale HVAC Off Infiltration,    !- Name
  {5e3f23ce-ce46-4ddb-aa00-f04cd954fb88}, !- Space or SpaceType Name
  {f8630ec2-6fb3-470c-bcc1-2a891a788556}, !- Schedule Name
  Flow/ExteriorArea,                      !- Design Flow Rate Calculation Method
  ,                                       !- Design Flow Rate {m3/s}
  ,                                       !- Flow per Space Floor Area {m3/s-m2}
  0.000570329398838798,                   !- Flow per Exterior Surface Area {m3/s-m2}
  ,                                       !- Air Changes per Hour {1/hr}
  0,                                      !- Constant Term Coefficient
  0.0111,                                 !- Temperature Term Coefficient
  0,                                      !- Velocity Term Coefficient
  0.0593,                                 !- Velocity Squared Term Coefficient
  Outdoor;                                !- Density Basis

OS:SpaceInfiltration:DesignFlowRate,
  {8d66ae5f-e8ab-4610-a584-14bff88dea03}, !- Handle
  Core_Retail HVAC On Infiltration,       !- Name
  {e3918e2f-852e-438a-a248-c13d9fc146d0}, !- Space or SpaceType Name
  {1b04e74b-66a2-4992-ad7a-acbe15685b47}, !- Schedule Name
  Flow/ExteriorArea,                      !- Design Flow Rate Calculation Method
  ,                                       !- Design Flow Rate {m3/s}
  ,                                       !- Flow per Space Floor Area {m3/s-m2}
  0.000570329398838798,                   !- Flow per Exterior Surface Area {m3/s-m2}
  ,                                       !- Air Changes per Hour {1/hr}
  -0.0629,                                !- Constant Term Coefficient
  0.0072,                                 !- Temperature Term Coefficient
  0,                                      !- Velocity Term Coefficient
  0.0447,                                 !- Velocity Squared Term Coefficient
  Outdoor;                                !- Density Basis

OS:SpaceInfiltration:DesignFlowRate,
  {d99549c8-f82b-4267-851f-b7c2aa86f183}, !- Handle
  Core_Retail HVAC Off Infiltration,      !- Name
  {e3918e2f-852e-438a-a248-c13d9fc146d0}, !- Space or SpaceType Name
  {f8630ec2-6fb3-470c-bcc1-2a891a788556}, !- Schedule Name
  Flow/ExteriorArea,                      !- Design Flow Rate Calculation Method
  ,                                       !- Design Flow Rate {m3/s}
  ,                                       !- Flow per Space Floor Area {m3/s-m2}
  0.000570329398838798,                   !- Flow per Exterior Surface Area {m3/s-m2}
  ,                                       !- Air Changes per Hour {1/hr}
  0,                                      !- Constant Term Coefficient
  0.0111,                                 !- Temperature Term Coefficient
  0,                                      !- Velocity Term Coefficient
  0.0593,                                 !- Velocity Squared Term Coefficient
  Outdoor;                                !- Density Basis

OS:SurfaceConvectionAlgorithm:Inside,
  {df57627a-6915-4dc9-9422-28efcdb52e28}, !- Handle
  TARP;                                   !- Algorithm

OS:SurfaceConvectionAlgorithm:Outside,
  {0d0ab064-06b9-44d7-9086-0d960c19c4d2}, !- Handle
  TARP;                                   !- Algorithm

OS:ThermalZone,
  {14b8ce65-e2ee-4bf8-8d91-542874e6c5ed}, !- Handle
  Back_Space ZN,                          !- Name
  ,                                       !- Multiplier
  ,                                       !- Ceiling Height {m}
  ,                                       !- Volume {m3}
  ,                                       !- Floor Area {m2}
  ,                                       !- Zone Inside Convection Algorithm
  ,                                       !- Zone Outside Convection Algorithm
  ,                                       !- Zone Conditioning Equipment List Name
  {0c82dc8e-55c7-41ac-bc53-d95c5ef7e33e}, !- Zone Air Inlet Port List
  {e40baada-0d3e-4618-a701-0e3a7468d147}, !- Zone Air Exhaust Port List
  {0dbda5bb-556b-48f0-bcf5-39ea9117c568}, !- Zone Air Node Name
  {78ee1a34-bc56-4d02-8a9a-ee6824dc6f43}, !- Zone Return Air Port List
  ,                                       !- Primary Daylighting Control Name
  ,                                       !- Fraction of Zone Controlled by Primary Daylighting Control
  ,                                       !- Secondary Daylighting Control Name
  ,                                       !- Fraction of Zone Controlled by Secondary Daylighting Control
  ,                                       !- Illuminance Map Name
  ,                                       !- Group Rendering Name
  {81934d38-f88a-4a53-82a1-3a1421fa3e45}, !- Thermostat Name
  No;                                     !- Use Ideal Air Loads

OS:Node,
  {7f2ab81b-00e0-4150-8e6f-22c41b021f63}, !- Handle
  Back_Space ZN Zone Air Node,            !- Name
  {0dbda5bb-556b-48f0-bcf5-39ea9117c568}, !- Inlet Port
  ;                                       !- Outlet Port

OS:Connection,
  {0dbda5bb-556b-48f0-bcf5-39ea9117c568}, !- Handle
  {14b8ce65-e2ee-4bf8-8d91-542874e6c5ed}, !- Source Object
  11,                                     !- Outlet Port
  {7f2ab81b-00e0-4150-8e6f-22c41b021f63}, !- Target Object
  2;                                      !- Inlet Port

OS:PortList,
  {0c82dc8e-55c7-41ac-bc53-d95c5ef7e33e}, !- Handle
  {14b8ce65-e2ee-4bf8-8d91-542874e6c5ed}, !- HVAC Component
  {1cd905ad-c223-447f-9d48-b0bcf4fafc38}; !- Port 1

OS:PortList,
  {e40baada-0d3e-4618-a701-0e3a7468d147}, !- Handle
  {14b8ce65-e2ee-4bf8-8d91-542874e6c5ed}; !- HVAC Component

OS:PortList,
  {78ee1a34-bc56-4d02-8a9a-ee6824dc6f43}, !- Handle
  {14b8ce65-e2ee-4bf8-8d91-542874e6c5ed}, !- HVAC Component
  {77abf61f-9ac0-4da7-bba4-97ffc2c5eadd}; !- Port 1

OS:Sizing:Zone,
  {623b8448-3829-46e2-9c69-251dd2b53730}, !- Handle
  {14b8ce65-e2ee-4bf8-8d91-542874e6c5ed}, !- Zone or ZoneList Name
  SupplyAirTemperature,                   !- Zone Cooling Design Supply Air Temperature Input Method
  12.7777777777778,                       !- Zone Cooling Design Supply Air Temperature {C}
  11.11,                                  !- Zone Cooling Design Supply Air Temperature Difference {deltaC}
  SupplyAirTemperature,                   !- Zone Heating Design Supply Air Temperature Input Method
  50.0000000000001,                       !- Zone Heating Design Supply Air Temperature {C}
  11.11,                                  !- Zone Heating Design Supply Air Temperature Difference {deltaC}
  0.0085,                                 !- Zone Cooling Design Supply Air Humidity Ratio {kg-H2O/kg-air}
  0.008,                                  !- Zone Heating Design Supply Air Humidity Ratio {kg-H2O/kg-air}
  ,                                       !- Zone Heating Sizing Factor
  ,                                       !- Zone Cooling Sizing Factor
  DesignDay,                              !- Cooling Design Air Flow Method
  ,                                       !- Cooling Design Air Flow Rate {m3/s}
  ,                                       !- Cooling Minimum Air Flow per Zone Floor Area {m3/s-m2}
  ,                                       !- Cooling Minimum Air Flow {m3/s}
  ,                                       !- Cooling Minimum Air Flow Fraction
  DesignDay,                              !- Heating Design Air Flow Method
  ,                                       !- Heating Design Air Flow Rate {m3/s}
  ,                                       !- Heating Maximum Air Flow per Zone Floor Area {m3/s-m2}
  ,                                       !- Heating Maximum Air Flow {m3/s}
  1,                                      !- Heating Maximum Air Flow Fraction
  No,                                     !- Account for Dedicated Outdoor Air System
  NeutralSupplyAir,                       !- Dedicated Outdoor Air System Control Strategy
  autosize,                               !- Dedicated Outdoor Air Low Setpoint Temperature for Design {C}
  autosize,                               !- Dedicated Outdoor Air High Setpoint Temperature for Design {C}
  Sensible Load Only No Latent Load,      !- Zone Load Sizing Method
  HumidityRatioDifference,                !- Zone Latent Cooling Design Supply Air Humidity Ratio Input Method
  ,                                       !- Zone Dehumidification Design Supply Air Humidity Ratio {kgWater/kgDryAir}
  0.005,                                  !- Zone Cooling Design Supply Air Humidity Ratio Difference {kgWater/kgDryAir}
  HumidityRatioDifference,                !- Zone Latent Heating Design Supply Air Humidity Ratio Input Method
  ,                                       !- Zone Humidification Design Supply Air Humidity Ratio {kgWater/kgDryAir}
  0.005,                                  !- Zone Humidification Design Supply Air Humidity Ratio Difference {kgWater/kgDryAir}
  ,                                       !- Zone Humidistat Dehumidification Set Point Schedule Name
  ,                                       !- Zone Humidistat Humidification Set Point Schedule Name
  ,                                       !- Design Zone Air Distribution Effectiveness in Cooling Mode
  ,                                       !- Design Zone Air Distribution Effectiveness in Heating Mode
  ,                                       !- Design Zone Secondary Recirculation Fraction {dimensionless}
  ,                                       !- Design Minimum Zone Ventilation Efficiency {dimensionless}
  Coincident,                             !- Sizing Option
  None,                                   !- Heating Coil Sizing Method
  1;                                      !- Maximum Heating Capacity To Cooling Load Sizing Ratio {W/W}

OS:ZoneHVAC:EquipmentList,
  {b341c001-6bf0-4550-a9ab-028d0d6a1f0c}, !- Handle
  Back_Space ZN Zone HVAC Equipment List, !- Name
  {14b8ce65-e2ee-4bf8-8d91-542874e6c5ed}, !- Thermal Zone
  ,                                       !- Load Distribution Scheme
  {bf236849-c04c-4364-b74f-64dcf3e44f96}, !- Zone Equipment 1
  1,                                      !- Zone Equipment Cooling Sequence 1
  1,                                      !- Zone Equipment Heating or No-Load Sequence 1
  ,                                       !- Zone Equipment Sequential Cooling Fraction Schedule Name 1
  ;                                       !- Zone Equipment Sequential Heating Fraction Schedule Name 1

OS:ThermostatSetpoint:DualSetpoint,
  {81934d38-f88a-4a53-82a1-3a1421fa3e45}, !- Handle
  Retail Back_Space Thermostat 1,         !- Name
  {42f9175d-fbc5-4e42-9f74-18f2523405da}, !- Heating Setpoint Temperature Schedule Name
  {08530309-3827-41dd-b496-7bd6a9074bba}; !- Cooling Setpoint Temperature Schedule Name

OS:ThermalZone,
  {642a64b1-7881-41ca-91fa-67733b4dc7af}, !- Handle
  Core_Retail ZN,                         !- Name
  ,                                       !- Multiplier
  ,                                       !- Ceiling Height {m}
  ,                                       !- Volume {m3}
  ,                                       !- Floor Area {m2}
  ,                                       !- Zone Inside Convection Algorithm
  ,                                       !- Zone Outside Convection Algorithm
  ,                                       !- Zone Conditioning Equipment List Name
  {b146ba04-afe6-44ab-bffb-710d2bbb2831}, !- Zone Air Inlet Port List
  {c9dd8eb1-9e4f-41f3-8384-0c580a9d4f37}, !- Zone Air Exhaust Port List
  {9af8abcb-673e-40f6-bc1b-940a74ee8a87}, !- Zone Air Node Name
  {d7126ffb-74af-43c4-9e30-4aedd543de08}, !- Zone Return Air Port List
  ,                                       !- Primary Daylighting Control Name
  ,                                       !- Fraction of Zone Controlled by Primary Daylighting Control
  ,                                       !- Secondary Daylighting Control Name
  ,                                       !- Fraction of Zone Controlled by Secondary Daylighting Control
  ,                                       !- Illuminance Map Name
  ,                                       !- Group Rendering Name
  {bea45d54-9c49-4ee5-a2d3-fa50f5c8f7ad}, !- Thermostat Name
  No;                                     !- Use Ideal Air Loads

OS:Node,
  {eed0d745-93ac-4704-bd2e-e838a4a6d4bc}, !- Handle
  Core_Retail ZN Zone Air Node,           !- Name
  {9af8abcb-673e-40f6-bc1b-940a74ee8a87}, !- Inlet Port
  ;                                       !- Outlet Port

OS:Connection,
  {9af8abcb-673e-40f6-bc1b-940a74ee8a87}, !- Handle
  {642a64b1-7881-41ca-91fa-67733b4dc7af}, !- Source Object
  11,                                     !- Outlet Port
  {eed0d745-93ac-4704-bd2e-e838a4a6d4bc}, !- Target Object
  2;                                      !- Inlet Port

OS:PortList,
  {b146ba04-afe6-44ab-bffb-710d2bbb2831}, !- Handle
  {642a64b1-7881-41ca-91fa-67733b4dc7af}, !- HVAC Component
  {a7ca8126-d54b-4d0a-a57e-5ecf1c80770f}; !- Port 1

OS:PortList,
  {c9dd8eb1-9e4f-41f3-8384-0c580a9d4f37}, !- Handle
  {642a64b1-7881-41ca-91fa-67733b4dc7af}; !- HVAC Component

OS:PortList,
  {d7126ffb-74af-43c4-9e30-4aedd543de08}, !- Handle
  {642a64b1-7881-41ca-91fa-67733b4dc7af}, !- HVAC Component
  {4aae39d2-05a9-40e3-9a89-013b253047cc}; !- Port 1

OS:Sizing:Zone,
  {e4242087-7c37-4be4-991d-7d22246ab157}, !- Handle
  {642a64b1-7881-41ca-91fa-67733b4dc7af}, !- Zone or ZoneList Name
  SupplyAirTemperature,                   !- Zone Cooling Design Supply Air Temperature Input Method
  12.7777777777778,                       !- Zone Cooling Design Supply Air Temperature {C}
  11.11,                                  !- Zone Cooling Design Supply Air Temperature Difference {deltaC}
  SupplyAirTemperature,                   !- Zone Heating Design Supply Air Temperature Input Method
  50.0000000000001,                       !- Zone Heating Design Supply Air Temperature {C}
  11.11,                                  !- Zone Heating Design Supply Air Temperature Difference {deltaC}
  0.0085,                                 !- Zone Cooling Design Supply Air Humidity Ratio {kg-H2O/kg-air}
  0.008,                                  !- Zone Heating Design Supply Air Humidity Ratio {kg-H2O/kg-air}
  ,                                       !- Zone Heating Sizing Factor
  ,                                       !- Zone Cooling Sizing Factor
  DesignDay,                              !- Cooling Design Air Flow Method
  ,                                       !- Cooling Design Air Flow Rate {m3/s}
  ,                                       !- Cooling Minimum Air Flow per Zone Floor Area {m3/s-m2}
  ,                                       !- Cooling Minimum Air Flow {m3/s}
  ,                                       !- Cooling Minimum Air Flow Fraction
  DesignDay,                              !- Heating Design Air Flow Method
  ,                                       !- Heating Design Air Flow Rate {m3/s}
  ,                                       !- Heating Maximum Air Flow per Zone Floor Area {m3/s-m2}
  ,                                       !- Heating Maximum Air Flow {m3/s}
  1,                                      !- Heating Maximum Air Flow Fraction
  No,                                     !- Account for Dedicated Outdoor Air System
  NeutralSupplyAir,                       !- Dedicated Outdoor Air System Control Strategy
  autosize,                               !- Dedicated Outdoor Air Low Setpoint Temperature for Design {C}
  autosize,                               !- Dedicated Outdoor Air High Setpoint Temperature for Design {C}
  Sensible Load Only No Latent Load,      !- Zone Load Sizing Method
  HumidityRatioDifference,                !- Zone Latent Cooling Design Supply Air Humidity Ratio Input Method
  ,                                       !- Zone Dehumidification Design Supply Air Humidity Ratio {kgWater/kgDryAir}
  0.005,                                  !- Zone Cooling Design Supply Air Humidity Ratio Difference {kgWater/kgDryAir}
  HumidityRatioDifference,                !- Zone Latent Heating Design Supply Air Humidity Ratio Input Method
  ,                                       !- Zone Humidification Design Supply Air Humidity Ratio {kgWater/kgDryAir}
  0.005,                                  !- Zone Humidification Design Supply Air Humidity Ratio Difference {kgWater/kgDryAir}
  ,                                       !- Zone Humidistat Dehumidification Set Point Schedule Name
  ,                                       !- Zone Humidistat Humidification Set Point Schedule Name
  ,                                       !- Design Zone Air Distribution Effectiveness in Cooling Mode
  ,                                       !- Design Zone Air Distribution Effectiveness in Heating Mode
  ,                                       !- Design Zone Secondary Recirculation Fraction {dimensionless}
  ,                                       !- Design Minimum Zone Ventilation Efficiency {dimensionless}
  Coincident,                             !- Sizing Option
  None,                                   !- Heating Coil Sizing Method
  1;                                      !- Maximum Heating Capacity To Cooling Load Sizing Ratio {W/W}

OS:ZoneHVAC:EquipmentList,
  {f8d2fabe-fafd-4e39-8ccc-cc92a6f2cf5c}, !- Handle
  Core_Retail ZN Zone HVAC Equipment List, !- Name
  {642a64b1-7881-41ca-91fa-67733b4dc7af}, !- Thermal Zone
  ,                                       !- Load Distribution Scheme
  {9d70b264-07db-4d75-9e0c-03fc50ee3295}, !- Zone Equipment 1
  1,                                      !- Zone Equipment Cooling Sequence 1
  1,                                      !- Zone Equipment Heating or No-Load Sequence 1
  ,                                       !- Zone Equipment Sequential Cooling Fraction Schedule Name 1
  ;                                       !- Zone Equipment Sequential Heating Fraction Schedule Name 1

OS:ThermostatSetpoint:DualSetpoint,
  {bea45d54-9c49-4ee5-a2d3-fa50f5c8f7ad}, !- Handle
  Retail Retail Thermostat 1,             !- Name
  {42f9175d-fbc5-4e42-9f74-18f2523405da}, !- Heating Setpoint Temperature Schedule Name
  {08530309-3827-41dd-b496-7bd6a9074bba}; !- Cooling Setpoint Temperature Schedule Name

OS:ThermalZone,
  {2088e316-6881-456f-8a2f-40058bebc7a6}, !- Handle
  Front_Entry ZN,                         !- Name
  ,                                       !- Multiplier
  ,                                       !- Ceiling Height {m}
  ,                                       !- Volume {m3}
  ,                                       !- Floor Area {m2}
  ,                                       !- Zone Inside Convection Algorithm
  ,                                       !- Zone Outside Convection Algorithm
  ,                                       !- Zone Conditioning Equipment List Name
  {aa279f49-f803-49a2-8eef-b4120bc3b396}, !- Zone Air Inlet Port List
  {21484843-daa2-422a-81ae-af1df8c223f7}, !- Zone Air Exhaust Port List
  {efcf9a1c-b213-47e1-b1d9-a32d63628af5}, !- Zone Air Node Name
  {7a59d123-e76e-46fc-b0a5-a054c23dd002}, !- Zone Return Air Port List
  ,                                       !- Primary Daylighting Control Name
  ,                                       !- Fraction of Zone Controlled by Primary Daylighting Control
  ,                                       !- Secondary Daylighting Control Name
  ,                                       !- Fraction of Zone Controlled by Secondary Daylighting Control
  ,                                       !- Illuminance Map Name
  ,                                       !- Group Rendering Name
  {5cabdf31-2d65-4e90-8c28-418524f7e83a}, !- Thermostat Name
  No;                                     !- Use Ideal Air Loads

OS:Node,
  {5fa75020-9e7f-4a27-a61a-b262416a0836}, !- Handle
  Front_Entry ZN Zone Air Node,           !- Name
  {efcf9a1c-b213-47e1-b1d9-a32d63628af5}, !- Inlet Port
  ;                                       !- Outlet Port

OS:Connection,
  {efcf9a1c-b213-47e1-b1d9-a32d63628af5}, !- Handle
  {2088e316-6881-456f-8a2f-40058bebc7a6}, !- Source Object
  11,                                     !- Outlet Port
  {5fa75020-9e7f-4a27-a61a-b262416a0836}, !- Target Object
  2;                                      !- Inlet Port

OS:PortList,
  {aa279f49-f803-49a2-8eef-b4120bc3b396}, !- Handle
  {2088e316-6881-456f-8a2f-40058bebc7a6}, !- HVAC Component
  {5b8c369f-a5b6-4906-8819-d4cd1fbbc3cc}; !- Port 1

OS:PortList,
  {21484843-daa2-422a-81ae-af1df8c223f7}, !- Handle
  {2088e316-6881-456f-8a2f-40058bebc7a6}, !- HVAC Component
  {ad6a9185-2f8d-47b9-a611-2f5fd77b2cd9}; !- Port 1

OS:PortList,
  {7a59d123-e76e-46fc-b0a5-a054c23dd002}, !- Handle
  {2088e316-6881-456f-8a2f-40058bebc7a6}; !- HVAC Component

OS:Sizing:Zone,
  {7e46a4f4-35ae-489e-9411-ce3c6296aa4d}, !- Handle
  {2088e316-6881-456f-8a2f-40058bebc7a6}, !- Zone or ZoneList Name
  SupplyAirTemperature,                   !- Zone Cooling Design Supply Air Temperature Input Method
  14,                                     !- Zone Cooling Design Supply Air Temperature {C}
  11.11,                                  !- Zone Cooling Design Supply Air Temperature Difference {deltaC}
  SupplyAirTemperature,                   !- Zone Heating Design Supply Air Temperature Input Method
  50.0000000000001,                       !- Zone Heating Design Supply Air Temperature {C}
  11.11,                                  !- Zone Heating Design Supply Air Temperature Difference {deltaC}
  0.0085,                                 !- Zone Cooling Design Supply Air Humidity Ratio {kg-H2O/kg-air}
  0.008,                                  !- Zone Heating Design Supply Air Humidity Ratio {kg-H2O/kg-air}
  ,                                       !- Zone Heating Sizing Factor
  ,                                       !- Zone Cooling Sizing Factor
  DesignDay,                              !- Cooling Design Air Flow Method
  ,                                       !- Cooling Design Air Flow Rate {m3/s}
  ,                                       !- Cooling Minimum Air Flow per Zone Floor Area {m3/s-m2}
  ,                                       !- Cooling Minimum Air Flow {m3/s}
  ,                                       !- Cooling Minimum Air Flow Fraction
  DesignDay,                              !- Heating Design Air Flow Method
  ,                                       !- Heating Design Air Flow Rate {m3/s}
  ,                                       !- Heating Maximum Air Flow per Zone Floor Area {m3/s-m2}
  ,                                       !- Heating Maximum Air Flow {m3/s}
  1,                                      !- Heating Maximum Air Flow Fraction
  No,                                     !- Account for Dedicated Outdoor Air System
  NeutralSupplyAir,                       !- Dedicated Outdoor Air System Control Strategy
  autosize,                               !- Dedicated Outdoor Air Low Setpoint Temperature for Design {C}
  autosize,                               !- Dedicated Outdoor Air High Setpoint Temperature for Design {C}
  Sensible Load Only No Latent Load,      !- Zone Load Sizing Method
  HumidityRatioDifference,                !- Zone Latent Cooling Design Supply Air Humidity Ratio Input Method
  ,                                       !- Zone Dehumidification Design Supply Air Humidity Ratio {kgWater/kgDryAir}
  0.005,                                  !- Zone Cooling Design Supply Air Humidity Ratio Difference {kgWater/kgDryAir}
  HumidityRatioDifference,                !- Zone Latent Heating Design Supply Air Humidity Ratio Input Method
  ,                                       !- Zone Humidification Design Supply Air Humidity Ratio {kgWater/kgDryAir}
  0.005,                                  !- Zone Humidification Design Supply Air Humidity Ratio Difference {kgWater/kgDryAir}
  ,                                       !- Zone Humidistat Dehumidification Set Point Schedule Name
  ,                                       !- Zone Humidistat Humidification Set Point Schedule Name
  ,                                       !- Design Zone Air Distribution Effectiveness in Cooling Mode
  ,                                       !- Design Zone Air Distribution Effectiveness in Heating Mode
  ,                                       !- Design Zone Secondary Recirculation Fraction {dimensionless}
  ,                                       !- Design Minimum Zone Ventilation Efficiency {dimensionless}
  Coincident,                             !- Sizing Option
  None,                                   !- Heating Coil Sizing Method
  1;                                      !- Maximum Heating Capacity To Cooling Load Sizing Ratio {W/W}

OS:ZoneHVAC:EquipmentList,
  {81d9bbf1-76fd-49ee-8643-b26208ea06fe}, !- Handle
  Front_Entry ZN Zone HVAC Equipment List, !- Name
  {2088e316-6881-456f-8a2f-40058bebc7a6}, !- Thermal Zone
  ,                                       !- Load Distribution Scheme
  {2e5b858f-dff2-47bf-9b47-34232de12493}, !- Zone Equipment 1
  1,                                      !- Zone Equipment Cooling Sequence 1
  1,                                      !- Zone Equipment Heating or No-Load Sequence 1
  ,                                       !- Zone Equipment Sequential Cooling Fraction Schedule Name 1
  ;                                       !- Zone Equipment Sequential Heating Fraction Schedule Name 1

OS:ThermostatSetpoint:DualSetpoint,
  {5cabdf31-2d65-4e90-8c28-418524f7e83a}, !- Handle
  Retail Entry Thermostat 1,              !- Name
  {42f9175d-fbc5-4e42-9f74-18f2523405da}, !- Heating Setpoint Temperature Schedule Name
  {ce93c20d-f1d1-453a-bfa8-384d34564753}; !- Cooling Setpoint Temperature Schedule Name

OS:ThermalZone,
  {f881e34a-2ae1-43da-bd34-e895f53ea752}, !- Handle
  Front_Retail ZN,                        !- Name
  ,                                       !- Multiplier
  ,                                       !- Ceiling Height {m}
  ,                                       !- Volume {m3}
  ,                                       !- Floor Area {m2}
  ,                                       !- Zone Inside Convection Algorithm
  ,                                       !- Zone Outside Convection Algorithm
  ,                                       !- Zone Conditioning Equipment List Name
  {36a883b8-5301-415d-9fb5-7de18f58a6b2}, !- Zone Air Inlet Port List
  {112d226a-4a77-4cfb-8ec2-0547b46cfc5c}, !- Zone Air Exhaust Port List
  {ee9ee9e1-f07e-4bc3-a442-e52ead768bf3}, !- Zone Air Node Name
  {9733c43d-e90c-45f2-addf-614de9bc5143}, !- Zone Return Air Port List
  ,                                       !- Primary Daylighting Control Name
  ,                                       !- Fraction of Zone Controlled by Primary Daylighting Control
  ,                                       !- Secondary Daylighting Control Name
  ,                                       !- Fraction of Zone Controlled by Secondary Daylighting Control
  ,                                       !- Illuminance Map Name
  ,                                       !- Group Rendering Name
  {ed1620da-342c-46c9-86b3-ed029f4bfa63}, !- Thermostat Name
  No;                                     !- Use Ideal Air Loads

OS:Node,
  {6941ac75-51b6-4c56-9486-747d79cc3dc4}, !- Handle
  Front_Retail ZN Zone Air Node,          !- Name
  {ee9ee9e1-f07e-4bc3-a442-e52ead768bf3}, !- Inlet Port
  ;                                       !- Outlet Port

OS:Connection,
  {ee9ee9e1-f07e-4bc3-a442-e52ead768bf3}, !- Handle
  {f881e34a-2ae1-43da-bd34-e895f53ea752}, !- Source Object
  11,                                     !- Outlet Port
  {6941ac75-51b6-4c56-9486-747d79cc3dc4}, !- Target Object
  2;                                      !- Inlet Port

OS:PortList,
  {36a883b8-5301-415d-9fb5-7de18f58a6b2}, !- Handle
  {f881e34a-2ae1-43da-bd34-e895f53ea752}, !- HVAC Component
  {e1913982-94c5-4195-9410-b35a0e4bb209}; !- Port 1

OS:PortList,
  {112d226a-4a77-4cfb-8ec2-0547b46cfc5c}, !- Handle
  {f881e34a-2ae1-43da-bd34-e895f53ea752}; !- HVAC Component

OS:PortList,
  {9733c43d-e90c-45f2-addf-614de9bc5143}, !- Handle
  {f881e34a-2ae1-43da-bd34-e895f53ea752}, !- HVAC Component
  {15915603-7258-4203-9ece-78ed9860b224}; !- Port 1

OS:Sizing:Zone,
  {7f2db03e-75cd-42f0-b533-0e05b633007c}, !- Handle
  {f881e34a-2ae1-43da-bd34-e895f53ea752}, !- Zone or ZoneList Name
  SupplyAirTemperature,                   !- Zone Cooling Design Supply Air Temperature Input Method
  12.7777777777778,                       !- Zone Cooling Design Supply Air Temperature {C}
  11.11,                                  !- Zone Cooling Design Supply Air Temperature Difference {deltaC}
  SupplyAirTemperature,                   !- Zone Heating Design Supply Air Temperature Input Method
  50.0000000000001,                       !- Zone Heating Design Supply Air Temperature {C}
  11.11,                                  !- Zone Heating Design Supply Air Temperature Difference {deltaC}
  0.0085,                                 !- Zone Cooling Design Supply Air Humidity Ratio {kg-H2O/kg-air}
  0.008,                                  !- Zone Heating Design Supply Air Humidity Ratio {kg-H2O/kg-air}
  ,                                       !- Zone Heating Sizing Factor
  ,                                       !- Zone Cooling Sizing Factor
  DesignDay,                              !- Cooling Design Air Flow Method
  ,                                       !- Cooling Design Air Flow Rate {m3/s}
  ,                                       !- Cooling Minimum Air Flow per Zone Floor Area {m3/s-m2}
  ,                                       !- Cooling Minimum Air Flow {m3/s}
  ,                                       !- Cooling Minimum Air Flow Fraction
  DesignDay,                              !- Heating Design Air Flow Method
  ,                                       !- Heating Design Air Flow Rate {m3/s}
  ,                                       !- Heating Maximum Air Flow per Zone Floor Area {m3/s-m2}
  ,                                       !- Heating Maximum Air Flow {m3/s}
  1,                                      !- Heating Maximum Air Flow Fraction
  No,                                     !- Account for Dedicated Outdoor Air System
  NeutralSupplyAir,                       !- Dedicated Outdoor Air System Control Strategy
  autosize,                               !- Dedicated Outdoor Air Low Setpoint Temperature for Design {C}
  autosize,                               !- Dedicated Outdoor Air High Setpoint Temperature for Design {C}
  Sensible Load Only No Latent Load,      !- Zone Load Sizing Method
  HumidityRatioDifference,                !- Zone Latent Cooling Design Supply Air Humidity Ratio Input Method
  ,                                       !- Zone Dehumidification Design Supply Air Humidity Ratio {kgWater/kgDryAir}
  0.005,                                  !- Zone Cooling Design Supply Air Humidity Ratio Difference {kgWater/kgDryAir}
  HumidityRatioDifference,                !- Zone Latent Heating Design Supply Air Humidity Ratio Input Method
  ,                                       !- Zone Humidification Design Supply Air Humidity Ratio {kgWater/kgDryAir}
  0.005,                                  !- Zone Humidification Design Supply Air Humidity Ratio Difference {kgWater/kgDryAir}
  ,                                       !- Zone Humidistat Dehumidification Set Point Schedule Name
  ,                                       !- Zone Humidistat Humidification Set Point Schedule Name
  ,                                       !- Design Zone Air Distribution Effectiveness in Cooling Mode
  ,                                       !- Design Zone Air Distribution Effectiveness in Heating Mode
  ,                                       !- Design Zone Secondary Recirculation Fraction {dimensionless}
  ,                                       !- Design Minimum Zone Ventilation Efficiency {dimensionless}
  Coincident,                             !- Sizing Option
  None,                                   !- Heating Coil Sizing Method
  1;                                      !- Maximum Heating Capacity To Cooling Load Sizing Ratio {W/W}

OS:ZoneHVAC:EquipmentList,
  {ed48239a-9b13-4d0d-a679-b665d068d1cb}, !- Handle
  Front_Retail ZN Zone HVAC Equipment List, !- Name
  {f881e34a-2ae1-43da-bd34-e895f53ea752}, !- Thermal Zone
  ,                                       !- Load Distribution Scheme
  {934ee172-f2d0-4ee8-85e4-5282ce5caad4}, !- Zone Equipment 1
  1,                                      !- Zone Equipment Cooling Sequence 1
  1,                                      !- Zone Equipment Heating or No-Load Sequence 1
  ,                                       !- Zone Equipment Sequential Cooling Fraction Schedule Name 1
  ;                                       !- Zone Equipment Sequential Heating Fraction Schedule Name 1

OS:ThermostatSetpoint:DualSetpoint,
  {ed1620da-342c-46c9-86b3-ed029f4bfa63}, !- Handle
  Retail Retail Thermostat 2,             !- Name
  {42f9175d-fbc5-4e42-9f74-18f2523405da}, !- Heating Setpoint Temperature Schedule Name
  {08530309-3827-41dd-b496-7bd6a9074bba}; !- Cooling Setpoint Temperature Schedule Name

OS:ThermalZone,
  {ecd0b4dd-c3aa-483f-9c84-d8758f08db4c}, !- Handle
  Point_Of_Sale ZN,                       !- Name
  ,                                       !- Multiplier
  ,                                       !- Ceiling Height {m}
  ,                                       !- Volume {m3}
  ,                                       !- Floor Area {m2}
  ,                                       !- Zone Inside Convection Algorithm
  ,                                       !- Zone Outside Convection Algorithm
  ,                                       !- Zone Conditioning Equipment List Name
  {f83c6466-c6e9-4a6a-b84b-9cc6567daff8}, !- Zone Air Inlet Port List
  {1ba39279-e993-44f4-bd6a-c6cad28dc6eb}, !- Zone Air Exhaust Port List
  {57b734c4-d0e0-446d-9e9d-a6074fa88a36}, !- Zone Air Node Name
  {5ecc600d-45eb-4ab1-a73a-ad57996f7687}, !- Zone Return Air Port List
  ,                                       !- Primary Daylighting Control Name
  ,                                       !- Fraction of Zone Controlled by Primary Daylighting Control
  ,                                       !- Secondary Daylighting Control Name
  ,                                       !- Fraction of Zone Controlled by Secondary Daylighting Control
  ,                                       !- Illuminance Map Name
  ,                                       !- Group Rendering Name
  {69ff59c2-10ec-4187-8a0b-40eb26f6c761}, !- Thermostat Name
  No;                                     !- Use Ideal Air Loads

OS:Node,
  {8ff27f50-eb6a-4114-828f-d87e8a9685f3}, !- Handle
  Point_Of_Sale ZN Zone Air Node,         !- Name
  {57b734c4-d0e0-446d-9e9d-a6074fa88a36}, !- Inlet Port
  ;                                       !- Outlet Port

OS:Connection,
  {57b734c4-d0e0-446d-9e9d-a6074fa88a36}, !- Handle
  {ecd0b4dd-c3aa-483f-9c84-d8758f08db4c}, !- Source Object
  11,                                     !- Outlet Port
  {8ff27f50-eb6a-4114-828f-d87e8a9685f3}, !- Target Object
  2;                                      !- Inlet Port

OS:PortList,
  {f83c6466-c6e9-4a6a-b84b-9cc6567daff8}, !- Handle
  {ecd0b4dd-c3aa-483f-9c84-d8758f08db4c}, !- HVAC Component
  {04d8fabd-80c6-4863-82b8-1c3040a33d01}; !- Port 1

OS:PortList,
  {1ba39279-e993-44f4-bd6a-c6cad28dc6eb}, !- Handle
  {ecd0b4dd-c3aa-483f-9c84-d8758f08db4c}; !- HVAC Component

OS:PortList,
  {5ecc600d-45eb-4ab1-a73a-ad57996f7687}, !- Handle
  {ecd0b4dd-c3aa-483f-9c84-d8758f08db4c}, !- HVAC Component
  {800e025f-765d-4cb0-a26f-92590acf94e5}; !- Port 1

OS:Sizing:Zone,
  {67311ade-0054-44b2-b48e-fce10f303da6}, !- Handle
  {ecd0b4dd-c3aa-483f-9c84-d8758f08db4c}, !- Zone or ZoneList Name
  SupplyAirTemperature,                   !- Zone Cooling Design Supply Air Temperature Input Method
  12.7777777777778,                       !- Zone Cooling Design Supply Air Temperature {C}
  11.11,                                  !- Zone Cooling Design Supply Air Temperature Difference {deltaC}
  SupplyAirTemperature,                   !- Zone Heating Design Supply Air Temperature Input Method
  50.0000000000001,                       !- Zone Heating Design Supply Air Temperature {C}
  11.11,                                  !- Zone Heating Design Supply Air Temperature Difference {deltaC}
  0.0085,                                 !- Zone Cooling Design Supply Air Humidity Ratio {kg-H2O/kg-air}
  0.008,                                  !- Zone Heating Design Supply Air Humidity Ratio {kg-H2O/kg-air}
  ,                                       !- Zone Heating Sizing Factor
  ,                                       !- Zone Cooling Sizing Factor
  DesignDay,                              !- Cooling Design Air Flow Method
  ,                                       !- Cooling Design Air Flow Rate {m3/s}
  ,                                       !- Cooling Minimum Air Flow per Zone Floor Area {m3/s-m2}
  ,                                       !- Cooling Minimum Air Flow {m3/s}
  ,                                       !- Cooling Minimum Air Flow Fraction
  DesignDay,                              !- Heating Design Air Flow Method
  ,                                       !- Heating Design Air Flow Rate {m3/s}
  ,                                       !- Heating Maximum Air Flow per Zone Floor Area {m3/s-m2}
  ,                                       !- Heating Maximum Air Flow {m3/s}
  1,                                      !- Heating Maximum Air Flow Fraction
  No,                                     !- Account for Dedicated Outdoor Air System
  NeutralSupplyAir,                       !- Dedicated Outdoor Air System Control Strategy
  autosize,                               !- Dedicated Outdoor Air Low Setpoint Temperature for Design {C}
  autosize,                               !- Dedicated Outdoor Air High Setpoint Temperature for Design {C}
  Sensible Load Only No Latent Load,      !- Zone Load Sizing Method
  HumidityRatioDifference,                !- Zone Latent Cooling Design Supply Air Humidity Ratio Input Method
  ,                                       !- Zone Dehumidification Design Supply Air Humidity Ratio {kgWater/kgDryAir}
  0.005,                                  !- Zone Cooling Design Supply Air Humidity Ratio Difference {kgWater/kgDryAir}
  HumidityRatioDifference,                !- Zone Latent Heating Design Supply Air Humidity Ratio Input Method
  ,                                       !- Zone Humidification Design Supply Air Humidity Ratio {kgWater/kgDryAir}
  0.005,                                  !- Zone Humidification Design Supply Air Humidity Ratio Difference {kgWater/kgDryAir}
  ,                                       !- Zone Humidistat Dehumidification Set Point Schedule Name
  ,                                       !- Zone Humidistat Humidification Set Point Schedule Name
  ,                                       !- Design Zone Air Distribution Effectiveness in Cooling Mode
  ,                                       !- Design Zone Air Distribution Effectiveness in Heating Mode
  ,                                       !- Design Zone Secondary Recirculation Fraction {dimensionless}
  ,                                       !- Design Minimum Zone Ventilation Efficiency {dimensionless}
  Coincident,                             !- Sizing Option
  None,                                   !- Heating Coil Sizing Method
  1;                                      !- Maximum Heating Capacity To Cooling Load Sizing Ratio {W/W}

OS:ZoneHVAC:EquipmentList,
  {10e337a5-5aa5-41c9-8d37-f4aa979a2f85}, !- Handle
  Point_Of_Sale ZN Zone HVAC Equipment List, !- Name
  {ecd0b4dd-c3aa-483f-9c84-d8758f08db4c}, !- Thermal Zone
  ,                                       !- Load Distribution Scheme
  {7d3371c6-a4ff-4d3d-8f70-27c4f44c5afb}, !- Zone Equipment 1
  1,                                      !- Zone Equipment Cooling Sequence 1
  1,                                      !- Zone Equipment Heating or No-Load Sequence 1
  ,                                       !- Zone Equipment Sequential Cooling Fraction Schedule Name 1
  ;                                       !- Zone Equipment Sequential Heating Fraction Schedule Name 1

OS:ThermostatSetpoint:DualSetpoint,
  {69ff59c2-10ec-4187-8a0b-40eb26f6c761}, !- Handle
  Retail Point_of_Sale Thermostat 1,      !- Name
  {42f9175d-fbc5-4e42-9f74-18f2523405da}, !- Heating Setpoint Temperature Schedule Name
  {08530309-3827-41dd-b496-7bd6a9074bba}; !- Cooling Setpoint Temperature Schedule Name

OS:Schedule:Ruleset,
  {af3782b3-c862-4d7b-9526-04c50cf52959}, !- Handle
  RetailStandalone HVACOperationSchd,     !- Name
  {9b1a13e1-74b8-402a-a517-357efea8cfd7}, !- Schedule Type Limits Name
  {47c3bb23-0918-4e78-ae16-967b38923ef5}, !- Default Day Schedule Name
  {adf738fa-4cf7-44dd-989a-0e5a916c5ab2}, !- Summer Design Day Schedule Name
  {71ed7eee-6a4f-4d5e-a909-80cc99ab52b2}; !- Winter Design Day Schedule Name

OS:Schedule:Day,
  {47c3bb23-0918-4e78-ae16-967b38923ef5}, !- Handle
  RetailStandalone HVACOperationSchd Default, !- Name
  {9b1a13e1-74b8-402a-a517-357efea8cfd7}, !- Schedule Type Limits Name
  No,                                     !- Interpolate to Timestep
  8,                                      !- Hour 1
  0,                                      !- Minute 1
  0,                                      !- Value Until Time 1
  19,                                     !- Hour 2
  0,                                      !- Minute 2
  1,                                      !- Value Until Time 2
  24,                                     !- Hour 3
  0,                                      !- Minute 3
  0;                                      !- Value Until Time 3

OS:Schedule:Day,
  {adf738fa-4cf7-44dd-989a-0e5a916c5ab2}, !- Handle
  RetailStandalone HVACOperationSchd Summer Design Day, !- Name
  {9b1a13e1-74b8-402a-a517-357efea8cfd7}, !- Schedule Type Limits Name
  No,                                     !- Interpolate to Timestep
  6,                                      !- Hour 1
  0,                                      !- Minute 1
  0,                                      !- Value Until Time 1
  21,                                     !- Hour 2
  0,                                      !- Minute 2
  1,                                      !- Value Until Time 2
  24,                                     !- Hour 3
  0,                                      !- Minute 3
  0;                                      !- Value Until Time 3

OS:Schedule:Rule,
  {7d45580c-911f-4379-a98a-b51d7064d278}, !- Handle
  Schedule Rule 17,                       !- Name
  {af3782b3-c862-4d7b-9526-04c50cf52959}, !- Schedule Ruleset Name
  1,                                      !- Rule Order
  {6e586cad-36d1-4607-8f5d-a8a0a5589cd3}, !- Day Schedule Name
  ,                                       !- Apply Sunday
  Yes,                                    !- Apply Monday
  Yes,                                    !- Apply Tuesday
  Yes,                                    !- Apply Wednesday
  Yes,                                    !- Apply Thursday
  Yes,                                    !- Apply Friday
  ,                                       !- Apply Saturday
  DateRange,                              !- Date Specification Type
  1,                                      !- Start Month
  1,                                      !- Start Day
  12,                                     !- End Month
  31;                                     !- End Day

OS:Schedule:Day,
  {6e586cad-36d1-4607-8f5d-a8a0a5589cd3}, !- Handle
  RetailStandalone HVACOperationSchd SmrDsn|Wkdy Day, !- Name
  {9b1a13e1-74b8-402a-a517-357efea8cfd7}, !- Schedule Type Limits Name
  No,                                     !- Interpolate to Timestep
  6,                                      !- Hour 1
  0,                                      !- Minute 1
  0,                                      !- Value Until Time 1
  21,                                     !- Hour 2
  0,                                      !- Minute 2
  1,                                      !- Value Until Time 2
  24,                                     !- Hour 3
  0,                                      !- Minute 3
  0;                                      !- Value Until Time 3

OS:Schedule:Day,
  {71ed7eee-6a4f-4d5e-a909-80cc99ab52b2}, !- Handle
  RetailStandalone HVACOperationSchd Winter Design Day, !- Name
  {9b1a13e1-74b8-402a-a517-357efea8cfd7}, !- Schedule Type Limits Name
  No,                                     !- Interpolate to Timestep
  6,                                      !- Hour 1
  0,                                      !- Minute 1
  0,                                      !- Value Until Time 1
  22,                                     !- Hour 2
  0,                                      !- Minute 2
  1,                                      !- Value Until Time 2
  24,                                     !- Hour 3
  0,                                      !- Minute 3
  0;                                      !- Value Until Time 3

OS:Schedule:Rule,
  {c7bc0c20-a696-4bdf-a6cf-ca9798ee7985}, !- Handle
  Schedule Rule 18,                       !- Name
  {af3782b3-c862-4d7b-9526-04c50cf52959}, !- Schedule Ruleset Name
  0,                                      !- Rule Order
  {f86013a6-675a-4a4e-bcd2-485b3445f752}, !- Day Schedule Name
  ,                                       !- Apply Sunday
  ,                                       !- Apply Monday
  ,                                       !- Apply Tuesday
  ,                                       !- Apply Wednesday
  ,                                       !- Apply Thursday
  ,                                       !- Apply Friday
  Yes,                                    !- Apply Saturday
  DateRange,                              !- Date Specification Type
  1,                                      !- Start Month
  1,                                      !- Start Day
  12,                                     !- End Month
  31;                                     !- End Day

OS:Schedule:Day,
  {f86013a6-675a-4a4e-bcd2-485b3445f752}, !- Handle
  RetailStandalone HVACOperationSchd WntrDsn|Sat Day, !- Name
  {9b1a13e1-74b8-402a-a517-357efea8cfd7}, !- Schedule Type Limits Name
  No,                                     !- Interpolate to Timestep
  6,                                      !- Hour 1
  0,                                      !- Minute 1
  0,                                      !- Value Until Time 1
  22,                                     !- Hour 2
  0,                                      !- Minute 2
  1,                                      !- Value Until Time 2
  24,                                     !- Hour 3
  0,                                      !- Minute 3
  0;                                      !- Value Until Time 3

OS:Schedule:Ruleset,
  {213e98c2-d424-4eca-aa12-2d1e71f751ed}, !- Handle
  RetailStandalone MinOA_MotorizedDamper_Sched, !- Name
  {924a4528-c1e1-403e-bd80-619309031c01}, !- Schedule Type Limits Name
  {633ecfe5-fa14-4a5e-a345-7fc9d3cc19bf}, !- Default Day Schedule Name
  {f24ded35-b165-47d8-a919-71b4504d046f}, !- Summer Design Day Schedule Name
  {9b88f5d2-9ba5-424f-91b9-cd335354480c}; !- Winter Design Day Schedule Name

OS:Schedule:Day,
  {633ecfe5-fa14-4a5e-a345-7fc9d3cc19bf}, !- Handle
  RetailStandalone MinOA_MotorizedDamper_Sched Default, !- Name
  {924a4528-c1e1-403e-bd80-619309031c01}, !- Schedule Type Limits Name
  No,                                     !- Interpolate to Timestep
  9,                                      !- Hour 1
  0,                                      !- Minute 1
  0,                                      !- Value Until Time 1
  19,                                     !- Hour 2
  0,                                      !- Minute 2
  1,                                      !- Value Until Time 2
  24,                                     !- Hour 3
  0,                                      !- Minute 3
  0;                                      !- Value Until Time 3

OS:Schedule:Rule,
  {a473acc4-c7b2-4342-8615-af85429dd66c}, !- Handle
  Schedule Rule 19,                       !- Name
  {213e98c2-d424-4eca-aa12-2d1e71f751ed}, !- Schedule Ruleset Name
  1,                                      !- Rule Order
  {2c6f5ada-5d54-42a7-963b-3830e89b5531}, !- Day Schedule Name
  ,                                       !- Apply Sunday
  ,                                       !- Apply Monday
  ,                                       !- Apply Tuesday
  ,                                       !- Apply Wednesday
  ,                                       !- Apply Thursday
  ,                                       !- Apply Friday
  Yes,                                    !- Apply Saturday
  DateRange,                              !- Date Specification Type
  1,                                      !- Start Month
  1,                                      !- Start Day
  12,                                     !- End Month
  31;                                     !- End Day

OS:Schedule:Day,
  {2c6f5ada-5d54-42a7-963b-3830e89b5531}, !- Handle
  RetailStandalone MinOA_MotorizedDamper_Sched Sat Day, !- Name
  {924a4528-c1e1-403e-bd80-619309031c01}, !- Schedule Type Limits Name
  No,                                     !- Interpolate to Timestep
  7,                                      !- Hour 1
  0,                                      !- Minute 1
  0,                                      !- Value Until Time 1
  22,                                     !- Hour 2
  0,                                      !- Minute 2
  1,                                      !- Value Until Time 2
  24,                                     !- Hour 3
  0,                                      !- Minute 3
  0;                                      !- Value Until Time 3

OS:Schedule:Day,
  {f24ded35-b165-47d8-a919-71b4504d046f}, !- Handle
  RetailStandalone MinOA_MotorizedDamper_Sched Summer Design Day, !- Name
  {924a4528-c1e1-403e-bd80-619309031c01}, !- Schedule Type Limits Name
  No,                                     !- Interpolate to Timestep
  7,                                      !- Hour 1
  0,                                      !- Minute 1
  0,                                      !- Value Until Time 1
  21,                                     !- Hour 2
  0,                                      !- Minute 2
  1,                                      !- Value Until Time 2
  24,                                     !- Hour 3
  0,                                      !- Minute 3
  0;                                      !- Value Until Time 3

OS:Schedule:Rule,
  {8c120892-f54c-44a2-8f1e-8967537347de}, !- Handle
  Schedule Rule 20,                       !- Name
  {213e98c2-d424-4eca-aa12-2d1e71f751ed}, !- Schedule Ruleset Name
  0,                                      !- Rule Order
  {9e0c05bc-b379-42cd-a39c-18db560132b0}, !- Day Schedule Name
  ,                                       !- Apply Sunday
  Yes,                                    !- Apply Monday
  Yes,                                    !- Apply Tuesday
  Yes,                                    !- Apply Wednesday
  Yes,                                    !- Apply Thursday
  Yes,                                    !- Apply Friday
  ,                                       !- Apply Saturday
  DateRange,                              !- Date Specification Type
  1,                                      !- Start Month
  1,                                      !- Start Day
  12,                                     !- End Month
  31;                                     !- End Day

OS:Schedule:Day,
  {9e0c05bc-b379-42cd-a39c-18db560132b0}, !- Handle
  RetailStandalone MinOA_MotorizedDamper_Sched SmrDsn|Wkdy Day, !- Name
  {924a4528-c1e1-403e-bd80-619309031c01}, !- Schedule Type Limits Name
  No,                                     !- Interpolate to Timestep
  7,                                      !- Hour 1
  0,                                      !- Minute 1
  0,                                      !- Value Until Time 1
  21,                                     !- Hour 2
  0,                                      !- Minute 2
  1,                                      !- Value Until Time 2
  24,                                     !- Hour 3
  0,                                      !- Minute 3
  0;                                      !- Value Until Time 3

OS:Schedule:Day,
  {9b88f5d2-9ba5-424f-91b9-cd335354480c}, !- Handle
  RetailStandalone MinOA_MotorizedDamper_Sched Winter Design Day, !- Name
  {924a4528-c1e1-403e-bd80-619309031c01}, !- Schedule Type Limits Name
  No,                                     !- Interpolate to Timestep
  24,                                     !- Hour 1
  0,                                      !- Minute 1
  1;                                      !- Value Until Time 1

OS:AirLoopHVAC,
  {6148a530-4bdd-4417-807b-7f99872f243a}, !- Handle
  Back_Space ZN PSZ-AC,                   !- Name
  ,                                       !- Controller List Name
  {af3782b3-c862-4d7b-9526-04c50cf52959}, !- Availability Schedule
  {9b06ae14-148c-435b-94c3-ec77d94cb8e2}, !- Availability Manager List Name
  autosize,                               !- Design Supply Air Flow Rate {m3/s}
  1,                                      !- Design Return Air Flow Fraction of Supply Air Flow
  ,                                       !- Branch List Name
  ,                                       !- Connector List Name
  {821afd4f-c0e5-4d34-8145-b90c869fc269}, !- Supply Side Inlet Node Name
  {f8811318-0786-48d9-b79c-ec6f200fd726}, !- Demand Side Outlet Node Name
  {c28498c7-3ef8-4e83-8757-d1a2f12e8568}, !- Demand Side Inlet Node A
  {609e7ffa-d485-4a93-bacd-20756aea68e5}, !- Supply Side Outlet Node A
  ,                                       !- Demand Side Inlet Node B
  ,                                       !- Supply Side Outlet Node B
  ,                                       !- Return Air Bypass Flow Temperature Setpoint Schedule Name
  {7944be6c-2903-4ad8-b9f3-2b7821d6aaec}, !- Demand Mixer Name
  {df229005-311f-4580-b127-3ab593a6d407}, !- Demand Splitter A Name
  ,                                       !- Demand Splitter B Name
  ;                                       !- Supply Splitter Name

OS:Node,
  {b0c2d949-1427-46ae-8cf2-6baef9e137b6}, !- Handle
  Back_Space ZN PSZ-AC Supply Inlet Node, !- Name
  {821afd4f-c0e5-4d34-8145-b90c869fc269}, !- Inlet Port
  {bd409c92-c946-486c-982f-2647b9b74e1e}; !- Outlet Port

OS:Node,
  {6b225ce8-b7ba-47a1-9345-4a65c6d2faa7}, !- Handle
  Back_Space ZN PSZ-AC Supply Outlet Node, !- Name
  {44223fa1-f1f6-4695-bc72-3933b675b4e9}, !- Inlet Port
  {609e7ffa-d485-4a93-bacd-20756aea68e5}; !- Outlet Port

OS:Connection,
  {821afd4f-c0e5-4d34-8145-b90c869fc269}, !- Handle
  {6148a530-4bdd-4417-807b-7f99872f243a}, !- Source Object
  9,                                      !- Outlet Port
  {b0c2d949-1427-46ae-8cf2-6baef9e137b6}, !- Target Object
  2;                                      !- Inlet Port

OS:Connection,
  {609e7ffa-d485-4a93-bacd-20756aea68e5}, !- Handle
  {6b225ce8-b7ba-47a1-9345-4a65c6d2faa7}, !- Source Object
  3,                                      !- Outlet Port
  {6148a530-4bdd-4417-807b-7f99872f243a}, !- Target Object
  12;                                     !- Inlet Port

OS:Node,
  {5dea9b60-f6a9-4e23-84c4-40e73da606db}, !- Handle
  Back_Space ZN PSZ-AC Demand Inlet Node, !- Name
  {c28498c7-3ef8-4e83-8757-d1a2f12e8568}, !- Inlet Port
  {2d6553f0-e607-4f69-b141-29e411f86304}; !- Outlet Port

OS:Node,
  {3af40820-77a3-4329-94b1-47ae21374fe5}, !- Handle
  Back_Space ZN PSZ-AC Demand Outlet Node, !- Name
  {8aac2c10-f146-48a3-b000-522a12902b8a}, !- Inlet Port
  {f8811318-0786-48d9-b79c-ec6f200fd726}; !- Outlet Port

OS:Node,
  {9aa6e226-2d62-4f6d-855d-7b3d2d020c36}, !- Handle
  Back_Space ZN PSZ-AC Diffuser Outlet Air Node, !- Name
  {c37e3cd5-14ca-4d2f-89d9-1aadad0e0449}, !- Inlet Port
  {1cd905ad-c223-447f-9d48-b0bcf4fafc38}; !- Outlet Port

OS:Connection,
  {c28498c7-3ef8-4e83-8757-d1a2f12e8568}, !- Handle
  {6148a530-4bdd-4417-807b-7f99872f243a}, !- Source Object
  11,                                     !- Outlet Port
  {5dea9b60-f6a9-4e23-84c4-40e73da606db}, !- Target Object
  2;                                      !- Inlet Port

OS:Connection,
  {f8811318-0786-48d9-b79c-ec6f200fd726}, !- Handle
  {3af40820-77a3-4329-94b1-47ae21374fe5}, !- Source Object
  3,                                      !- Outlet Port
  {6148a530-4bdd-4417-807b-7f99872f243a}, !- Target Object
  10;                                     !- Inlet Port

OS:AirLoopHVAC:ZoneSplitter,
  {df229005-311f-4580-b127-3ab593a6d407}, !- Handle
  Air Loop HVAC Zone Splitter 1,          !- Name
  {2d6553f0-e607-4f69-b141-29e411f86304}, !- Inlet Node Name
  {5a7dbda2-b971-4c61-b52b-05596aca4e10}; !- Outlet Node Name 1

OS:AirLoopHVAC:ZoneMixer,
  {7944be6c-2903-4ad8-b9f3-2b7821d6aaec}, !- Handle
  Air Loop HVAC Zone Mixer 1,             !- Name
  {8aac2c10-f146-48a3-b000-522a12902b8a}, !- Outlet Node Name
  {b124b788-23e4-4b69-9c77-eaa0a9172415}; !- Inlet Node Name 1

OS:Connection,
  {2d6553f0-e607-4f69-b141-29e411f86304}, !- Handle
  {5dea9b60-f6a9-4e23-84c4-40e73da606db}, !- Source Object
  3,                                      !- Outlet Port
  {df229005-311f-4580-b127-3ab593a6d407}, !- Target Object
  2;                                      !- Inlet Port

OS:Connection,
  {8aac2c10-f146-48a3-b000-522a12902b8a}, !- Handle
  {7944be6c-2903-4ad8-b9f3-2b7821d6aaec}, !- Source Object
  2,                                      !- Outlet Port
  {3af40820-77a3-4329-94b1-47ae21374fe5}, !- Target Object
  2;                                      !- Inlet Port

OS:Sizing:System,
  {f8f98b4f-85eb-408e-829d-e42783dd7c93}, !- Handle
  {6148a530-4bdd-4417-807b-7f99872f243a}, !- AirLoop Name
  Sensible,                               !- Type of Load to Size On
  Autosize,                               !- Design Outdoor Air Flow Rate {m3/s}
  1,                                      !- Central Heating Maximum System Air Flow Ratio
  7.22222222222229,                       !- Preheat Design Temperature {C}
  0.008,                                  !- Preheat Design Humidity Ratio {kg-H2O/kg-Air}
  12.7777777777778,                       !- Precool Design Temperature {C}
  0.008,                                  !- Precool Design Humidity Ratio {kg-H2O/kg-Air}
  12.7777777777778,                       !- Central Cooling Design Supply Air Temperature {C}
  50.0000000000001,                       !- Central Heating Design Supply Air Temperature {C}
  Coincident,                             !- Sizing Option
  No,                                     !- 100% Outdoor Air in Cooling
  No,                                     !- 100% Outdoor Air in Heating
  0.0085,                                 !- Central Cooling Design Supply Air Humidity Ratio {kg-H2O/kg-Air}
  0.008,                                  !- Central Heating Design Supply Air Humidity Ratio {kg-H2O/kg-Air}
  DesignDay,                              !- Cooling Design Air Flow Method
  ,                                       !- Cooling Design Air Flow Rate {m3/s}
  DesignDay,                              !- Heating Design Air Flow Method
  ,                                       !- Heating Design Air Flow Rate {m3/s}
  ZoneSum,                                !- System Outdoor Air Method
  1,                                      !- Zone Maximum Outdoor Air Fraction {dimensionless}
  0.0099676501,                           !- Cooling Supply Air Flow Rate Per Floor Area {m3/s-m2}
  1,                                      !- Cooling Fraction of Autosized Cooling Supply Air Flow Rate
  3.9475456e-05,                          !- Cooling Supply Air Flow Rate Per Unit Cooling Capacity {m3/s-W}
  0.0099676501,                           !- Heating Supply Air Flow Rate Per Floor Area {m3/s-m2}
  1,                                      !- Heating Fraction of Autosized Heating Supply Air Flow Rate
  1,                                      !- Heating Fraction of Autosized Cooling Supply Air Flow Rate
  3.1588213e-05,                          !- Heating Supply Air Flow Rate Per Unit Heating Capacity {m3/s-W}
  CoolingDesignCapacity,                  !- Cooling Design Capacity Method
  autosize,                               !- Cooling Design Capacity {W}
  234.7,                                  !- Cooling Design Capacity Per Floor Area {W/m2}
  1,                                      !- Fraction of Autosized Cooling Design Capacity
  HeatingDesignCapacity,                  !- Heating Design Capacity Method
  autosize,                               !- Heating Design Capacity {W}
  157,                                    !- Heating Design Capacity Per Floor Area {W/m2}
  1,                                      !- Fraction of Autosized Heating Design Capacity
  OnOff,                                  !- Central Cooling Capacity Control Method
  autosize,                               !- Occupant Diversity
  None,                                   !- Heating Coil Sizing Method
  1;                                      !- Maximum Heating Capacity To Cooling Capacity Sizing Ratio {W/W}

OS:AvailabilityManagerAssignmentList,
  {9b06ae14-148c-435b-94c3-ec77d94cb8e2}, !- Handle
  Air Loop HVAC 1 AvailabilityManagerAssignmentList, !- Name
  {0e84fe8a-5700-4e4c-b45e-a29c210ac569}; !- Availability Manager Name 1

OS:SetpointManager:SingleZone:Reheat,
  {e65630ce-f3bd-4634-9d06-2a6cc64857bf}, !- Handle
  Back_Space ZN Setpoint Manager SZ Reheat, !- Name
  12.7777777777778,                       !- Minimum Supply Air Temperature {C}
  50.0000000000001,                       !- Maximum Supply Air Temperature {C}
  {14b8ce65-e2ee-4bf8-8d91-542874e6c5ed}, !- Control Zone Name
  {6b225ce8-b7ba-47a1-9345-4a65c6d2faa7}; !- Setpoint Node or NodeList Name

OS:Coil:Heating:Gas,
  {3ad23ec7-e6d5-4c0d-b13f-08aec938d9a9}, !- Handle
  Back_Space ZN PSZ-AC Gas Htg Coil 274kBtu/hr 0.8 Combustion Eff, !- Name
  {da075b50-9331-4adc-b033-2db36572d58e}, !- Availability Schedule Name
  0.793,                                  !- Gas Burner Efficiency
  AutoSize,                               !- Nominal Capacity {W}
  ,                                       !- Air Inlet Node Name
  ,                                       !- Air Outlet Node Name
  ,                                       !- Temperature Setpoint Node Name
  0,                                      !- On Cycle Parasitic Electric Load {W}
  ,                                       !- Part Load Fraction Correlation Curve Name
  0;                                      !- Off Cycle Parasitic Gas Load {W}

OS:Schedule:Constant,
  {3613d908-4e29-41e0-93b1-5cf995563df0}, !- Handle
  Always Off Discrete,                    !- Name
  {9b1a13e1-74b8-402a-a517-357efea8cfd7}, !- Schedule Type Limits Name
  0;                                      !- Value

OS:ScheduleTypeLimits,
  {9b1a13e1-74b8-402a-a517-357efea8cfd7}, !- Handle
  OnOff,                                  !- Name
  0,                                      !- Lower Limit Value
  1,                                      !- Upper Limit Value
  Discrete,                               !- Numeric Type
  Availability;                           !- Unit Type

OS:Coil:Heating:Electric,
  {b1ae30c7-220e-4684-8757-fb471f94e626}, !- Handle
  Back_Space ZN PSZ-AC No Heat,           !- Name
  {3613d908-4e29-41e0-93b1-5cf995563df0}, !- Availability Schedule Name
  1,                                      !- Efficiency
  0,                                      !- Nominal Capacity {W}
  ,                                       !- Air Inlet Node Name
  ;                                       !- Air Outlet Node Name

OS:Coil:Cooling:DX:TwoSpeed,
  {644cdb3f-059f-4613-a80d-a7e36d289bbc}, !- Handle
  Back_Space ZN PSZ-AC 2spd DX AC Clg Coil 154kBtu/hr 10.8EER, !- Name
  {da075b50-9331-4adc-b033-2db36572d58e}, !- Availability Schedule Name
  Autosize,                               !- Rated High Speed Total Cooling Capacity {W}
  Autosize,                               !- Rated High Speed Sensible Heat Ratio
  3.73314495211364,                       !- Rated High Speed COP {W/W}
  Autosize,                               !- Rated High Speed Air Flow Rate {m3/s}
  773.3,                                  !- Rated High Speed Evaporator Fan Power Per Volume Flow Rate 2017 {W/(m3/s)}
  934.4,                                  !- Rated High Speed Evaporator Fan Power Per Volume Flow Rate 2023 {W/(m3/s)}
  773.3,                                  !- Unit Internal Static Air Pressure {Pa}
  ,                                       !- Air Inlet Node Name
  ,                                       !- Air Outlet Node Name
  {f3261872-d5c3-4780-9849-f29e86149418}, !- Total Cooling Capacity Function of Temperature Curve Name
  {b0e8e98d-cba7-494e-8aa1-11c871a1a1e1}, !- Total Cooling Capacity Function of Flow Fraction Curve Name
  {87787f45-f034-40a2-bb84-4b8b684b5294}, !- Energy Input Ratio Function of Temperature Curve Name
  {87d160f8-34cc-4f7e-8b27-4e91177e639a}, !- Energy Input Ratio Function of Flow Fraction Curve Name
  {d7b10063-973b-4ed9-8a74-a7048a5d971f}, !- Part Load Fraction Correlation Curve Name
  Autosize,                               !- Rated Low Speed Total Cooling Capacity {W}
  0.69,                                   !- Rated Low Speed Sensible Heat Ratio
  3.73314495211364,                       !- Rated Low Speed COP {W/W}
  Autosize,                               !- Rated Low Speed Air Flow Rate {m3/s}
  773.3,                                  !- Rated Low Speed Evaporator Fan Power Per Volume Flow Rate 2017 {W/(m3/s)}
  934.4,                                  !- Rated Low Speed Evaporator Fan Power Per Volume Flow Rate 2023 {W/(m3/s)}
  {f3261872-d5c3-4780-9849-f29e86149418}, !- Low Speed Total Cooling Capacity Function of Temperature Curve Name
  {87787f45-f034-40a2-bb84-4b8b684b5294}, !- Low Speed Energy Input Ratio Function of Temperature Curve Name
  ,                                       !- Condenser Air Inlet Node Name
  AirCooled,                              !- Condenser Type
  -25,                                    !- Minimum Outdoor Dry-Bulb Temperature for Compressor Operation {C}
  0.9,                                    !- High Speed Evaporative Condenser Effectiveness {dimensionless}
  Autosize,                               !- High Speed Evaporative Condenser Air Flow Rate {m3/s}
  Autosize,                               !- High Speed Evaporative Condenser Pump Rated Power Consumption {W}
  0.9,                                    !- Low Speed Evaporative Condenser Effectiveness {dimensionless}
  Autosize,                               !- Low Speed Evaporative Condenser Air Flow Rate {m3/s}
  Autosize,                               !- Low Speed Evaporative Condenser Pump Rated Power Consumption {W}
  ,                                       !- Supply Water Storage Tank Name
  ,                                       !- Condensate Collection Water Storage Tank Name
  10,                                     !- Basin Heater Capacity {W/K}
  2,                                      !- Basin Heater Setpoint Temperature {C}
  ;                                       !- Basin Heater Operating Schedule Name

OS:Fan:OnOff,
  {089f2cc1-ce78-4bcd-bef0-244877249676}, !- Handle
  Back_Space ZN PSZ-AC Fan,               !- Name
  {da075b50-9331-4adc-b033-2db36572d58e}, !- Availability Schedule Name
  0.56875,                                !- Fan Total Efficiency
  622.722275,                             !- Pressure Rise {Pa}
  autosize,                               !- Maximum Flow Rate {m3/s}
  0.875,                                  !- Motor Efficiency
  1,                                      !- Motor In Airstream Fraction
  ,                                       !- Air Inlet Node Name
  ,                                       !- Air Outlet Node Name
  {a2130642-cc2e-4213-841a-924cdadbbd51}, !- Fan Power Ratio Function of Speed Ratio Curve Name
  {a5d5ea14-0ecb-4476-869f-d4ca3efb3efd}, !- Fan Efficiency Ratio Function of Speed Ratio Curve Name
  ;                                       !- End-Use Subcategory

OS:Curve:Exponent,
  {a2130642-cc2e-4213-841a-924cdadbbd51}, !- Handle
  Fan On Off Power Curve,                 !- Name
  1,                                      !- Coefficient1 Constant
  0,                                      !- Coefficient2 Constant
  0,                                      !- Coefficient3 Constant
  0,                                      !- Minimum Value of x
  1,                                      !- Maximum Value of x
  ,                                       !- Minimum Curve Output
  ,                                       !- Maximum Curve Output
  ,                                       !- Input Unit Type for X
  ;                                       !- Output Unit Type

OS:Curve:Cubic,
  {a5d5ea14-0ecb-4476-869f-d4ca3efb3efd}, !- Handle
  Fan On Off Efficiency Curve,            !- Name
  1,                                      !- Coefficient1 Constant
  0,                                      !- Coefficient2 x
  0,                                      !- Coefficient3 x**2
  0,                                      !- Coefficient4 x**3
  0,                                      !- Minimum Value of x
  1;                                      !- Maximum Value of x

OS:AirLoopHVAC:UnitarySystem,
  {0a543218-4a6d-4a3f-84f9-480e65ca99a6}, !- Handle
  Back_Space ZN PSZ-AC Unitary AC,        !- Name
  Load,                                   !- Control Type
  {14b8ce65-e2ee-4bf8-8d91-542874e6c5ed}, !- Controlling Zone or Thermostat Location
  None,                                   !- Dehumidification Control Type
  {af3782b3-c862-4d7b-9526-04c50cf52959}, !- Availability Schedule Name
  {6d6ff7b9-4945-4031-a6c1-9aa194fb8acc}, !- Air Inlet Node Name
  {44223fa1-f1f6-4695-bc72-3933b675b4e9}, !- Air Outlet Node Name
  {089f2cc1-ce78-4bcd-bef0-244877249676}, !- Supply Fan Name
  DrawThrough,                            !- Fan Placement
  {af3782b3-c862-4d7b-9526-04c50cf52959}, !- Supply Air Fan Operating Mode Schedule Name
  {3ad23ec7-e6d5-4c0d-b13f-08aec938d9a9}, !- Heating Coil Name
  1,                                      !- DX Heating Coil Sizing Ratio
  {644cdb3f-059f-4613-a80d-a7e36d289bbc}, !- Cooling Coil Name
  No,                                     !- Use DOAS DX Cooling Coil
  2,                                      !- DOAS DX Cooling Coil Leaving Minimum Air Temperature {C}
  SensibleOnlyLoadControl,                !- Latent Load Control
  {b1ae30c7-220e-4684-8757-fb471f94e626}, !- Supplemental Heating Coil Name
  SupplyAirFlowRate,                      !- Supply Air Flow Rate Method During Cooling Operation
  Autosize,                               !- Supply Air Flow Rate During Cooling Operation {m3/s}
  ,                                       !- Supply Air Flow Rate Per Floor Area During Cooling Operation {m3/s-m2}
  ,                                       !- Fraction of Autosized Design Cooling Supply Air Flow Rate
  ,                                       !- Design Supply Air Flow Rate Per Unit of Capacity During Cooling Operation {m3/s-W}
  SupplyAirFlowRate,                      !- Supply Air Flow Rate Method During Heating Operation
  Autosize,                               !- Supply Air Flow Rate During Heating Operation {m3/s}
  ,                                       !- Supply Air Flow Rate Per Floor Area during Heating Operation {m3/s-m2}
  ,                                       !- Fraction of Autosized Design Heating Supply Air Flow Rate
  ,                                       !- Design Supply Air Flow Rate Per Unit of Capacity During Heating Operation {m3/s-W}
  None,                                   !- Supply Air Flow Rate Method When No Cooling or Heating is Required
  ,                                       !- Supply Air Flow Rate When No Cooling or Heating is Required {m3/s}
  ,                                       !- Supply Air Flow Rate Per Floor Area When No Cooling or Heating is Required {m3/s-m2}
  ,                                       !- Fraction of Autosized Design Cooling Supply Air Flow Rate When No Cooling or Heating is Required
  ,                                       !- Fraction of Autosized Design Heating Supply Air Flow Rate When No Cooling or Heating is Required
  ,                                       !- Design Supply Air Flow Rate Per Unit of Capacity During Cooling Operation When No Cooling or Heating is Required {m3/s-W}
  ,                                       !- Design Supply Air Flow Rate Per Unit of Capacity During Heating Operation When No Cooling or Heating is Required {m3/s-W}
  Yes,                                    !- No Load Supply Air Flow Rate Control Set To Low Speed
  80,                                     !- Maximum Supply Air Temperature {C}
  21,                                     !- Maximum Outdoor Dry-Bulb Temperature for Supplemental Heater Operation {C}
  ,                                       !- Outdoor Dry-Bulb Temperature Sensor Node Name
  0,                                      !- Ancilliary On-Cycle Electric Power {W}
  0;                                      !- Ancilliary Off-Cycle Electric Power {W}

OS:Connection,
  {44223fa1-f1f6-4695-bc72-3933b675b4e9}, !- Handle
  {0a543218-4a6d-4a3f-84f9-480e65ca99a6}, !- Source Object
  7,                                      !- Outlet Port
  {6b225ce8-b7ba-47a1-9345-4a65c6d2faa7}, !- Target Object
  2;                                      !- Inlet Port

OS:Controller:OutdoorAir,
  {6b044905-58b5-4137-84a2-68462ac8b9c4}, !- Handle
  Back_Space ZN PSZ-AC OA System Controller, !- Name
  ,                                       !- Relief Air Outlet Node Name
  ,                                       !- Return Air Node Name
  ,                                       !- Mixed Air Node Name
  ,                                       !- Actuator Node Name
  autosize,                               !- Minimum Outdoor Air Flow Rate {m3/s}
  Autosize,                               !- Maximum Outdoor Air Flow Rate {m3/s}
  NoEconomizer,                           !- Economizer Control Type
  ModulateFlow,                           !- Economizer Control Action Type
  28,                                     !- Economizer Maximum Limit Dry-Bulb Temperature {C}
  64000,                                  !- Economizer Maximum Limit Enthalpy {J/kg}
  ,                                       !- Economizer Maximum Limit Dewpoint Temperature {C}
  ,                                       !- Electronic Enthalpy Limit Curve Name
  ,                                       !- Economizer Minimum Limit Dry-Bulb Temperature {C}
  LockoutWithCompressor,                  !- Lockout Type
  FixedMinimum,                           !- Minimum Limit Type
  {da075b50-9331-4adc-b033-2db36572d58e}, !- Minimum Outdoor Air Schedule Name
  ,                                       !- Minimum Fraction of Outdoor Air Schedule Name
  {94923f35-c288-46f4-8f6e-fdb6aa8c52cb}, !- Maximum Fraction of Outdoor Air Schedule Name
  {65be9536-ad6d-403d-8706-4fe559d36b37}, !- Controller Mechanical Ventilation
  ,                                       !- Time of Day Economizer Control Schedule Name
  No,                                     !- High Humidity Control
  ,                                       !- Humidistat Control Zone Name
  1,                                      !- High Humidity Outdoor Air Flow Ratio
  Yes,                                    !- Control High Indoor Humidity Based on Outdoor Humidity Ratio
  BypassWhenWithinEconomizerLimits,       !- Heat Recovery Bypass Control Type
  InterlockedWithMechanicalCooling;       !- Economizer Operation Staging

OS:Controller:MechanicalVentilation,
  {65be9536-ad6d-403d-8706-4fe559d36b37}, !- Handle
  Controller Mechanical Ventilation 1,    !- Name
  {da075b50-9331-4adc-b033-2db36572d58e}, !- Availability Schedule
  ,                                       !- Demand Controlled Ventilation
  ;                                       !- System Outdoor Air Method

OS:AirLoopHVAC:OutdoorAirSystem,
  {b0b33d73-bd24-401c-95dc-3bbf45bd4f86}, !- Handle
  Back_Space ZN PSZ-AC OA System,         !- Name
  {6b044905-58b5-4137-84a2-68462ac8b9c4}, !- Controller Name
  ,                                       !- Outdoor Air Equipment List Name
  ,                                       !- Availability Manager List Name
  {fae271e4-7c89-4002-87fa-3cf3bcba36bd}, !- Mixed Air Node Name
  {2678d7a7-69c2-4727-ac9f-34c5cbabe963}, !- Outdoor Air Stream Node Name
  {bfa9d678-7110-4645-9cc1-72ba751723ee}, !- Relief Air Stream Node Name
  {bd409c92-c946-486c-982f-2647b9b74e1e}; !- Return Air Stream Node Name

OS:Node,
  {dd1f92f1-dc7d-48fb-bdb1-c7484ea80af6}, !- Handle
  Back_Space ZN PSZ-AC Outdoor Air Node,  !- Name
  ,                                       !- Inlet Port
  {2678d7a7-69c2-4727-ac9f-34c5cbabe963}; !- Outlet Port

OS:Connection,
  {2678d7a7-69c2-4727-ac9f-34c5cbabe963}, !- Handle
  {dd1f92f1-dc7d-48fb-bdb1-c7484ea80af6}, !- Source Object
  3,                                      !- Outlet Port
  {b0b33d73-bd24-401c-95dc-3bbf45bd4f86}, !- Target Object
  6;                                      !- Inlet Port

OS:Node,
  {a7a3b083-c04d-4555-8924-39bba72cdf4c}, !- Handle
  Back_Space ZN PSZ-AC Relief Air Node,   !- Name
  {bfa9d678-7110-4645-9cc1-72ba751723ee}, !- Inlet Port
  ;                                       !- Outlet Port

OS:Connection,
  {bfa9d678-7110-4645-9cc1-72ba751723ee}, !- Handle
  {b0b33d73-bd24-401c-95dc-3bbf45bd4f86}, !- Source Object
  7,                                      !- Outlet Port
  {a7a3b083-c04d-4555-8924-39bba72cdf4c}, !- Target Object
  2;                                      !- Inlet Port

OS:Node,
  {23acb8da-2acc-452b-b74b-0be82902df18}, !- Handle
  Back_Space ZN PSZ-AC Mixed Air Node,    !- Name
  {fae271e4-7c89-4002-87fa-3cf3bcba36bd}, !- Inlet Port
  {6d6ff7b9-4945-4031-a6c1-9aa194fb8acc}; !- Outlet Port

OS:Connection,
  {bd409c92-c946-486c-982f-2647b9b74e1e}, !- Handle
  {b0c2d949-1427-46ae-8cf2-6baef9e137b6}, !- Source Object
  3,                                      !- Outlet Port
  {b0b33d73-bd24-401c-95dc-3bbf45bd4f86}, !- Target Object
  8;                                      !- Inlet Port

OS:Connection,
  {fae271e4-7c89-4002-87fa-3cf3bcba36bd}, !- Handle
  {b0b33d73-bd24-401c-95dc-3bbf45bd4f86}, !- Source Object
  5,                                      !- Outlet Port
  {23acb8da-2acc-452b-b74b-0be82902df18}, !- Target Object
  2;                                      !- Inlet Port

OS:Connection,
  {6d6ff7b9-4945-4031-a6c1-9aa194fb8acc}, !- Handle
  {23acb8da-2acc-452b-b74b-0be82902df18}, !- Source Object
  3,                                      !- Outlet Port
  {0a543218-4a6d-4a3f-84f9-480e65ca99a6}, !- Target Object
  6;                                      !- Inlet Port

OS:AvailabilityManager:NightCycle,
  {0e84fe8a-5700-4e4c-b45e-a29c210ac569}, !- Handle
  Availability Manager Night Cycle 1,     !- Name
  {da075b50-9331-4adc-b033-2db36572d58e}, !- Applicability Schedule
  ,                                       !- Fan Schedule
  CycleOnAny,                             !- Control Type
  1,                                      !- Thermostat Tolerance {deltaC}
  ,                                       !- Cycling Run Time Control Type
  1800,                                   !- Cycling Run Time {s}
  {6b769910-d61f-4eed-8768-4dd60336cdab}, !- Control Zone or Zone List Name
  {bc96464b-a639-4fad-9bb2-d2761e643555}, !- Cooling Control Zone or Zone List Name
  {522ce279-80a6-4eb5-8be1-3b849447a811}, !- Heating Control Zone or Zone List Name
  {8a9eccf6-b77b-4d3e-8f26-df4be7f39b99}; !- Heating Zone Fans Only Zone or Zone List Name

OS:ModelObjectList,
  {6b769910-d61f-4eed-8768-4dd60336cdab}, !- Handle
  Availability Manager Night Cycle 1 Control Zone List; !- Name

OS:ModelObjectList,
  {bc96464b-a639-4fad-9bb2-d2761e643555}, !- Handle
  Availability Manager Night Cycle 1 Cooling Control Zone List; !- Name

OS:ModelObjectList,
  {522ce279-80a6-4eb5-8be1-3b849447a811}, !- Handle
  Availability Manager Night Cycle 1 Heating Control Zone List; !- Name

OS:ModelObjectList,
  {8a9eccf6-b77b-4d3e-8f26-df4be7f39b99}, !- Handle
  Availability Manager Night Cycle 1 Heating Zone Fans Only Zone List; !- Name

OS:AirTerminal:SingleDuct:ConstantVolume:NoReheat,
  {bf236849-c04c-4364-b74f-64dcf3e44f96}, !- Handle
  Back_Space ZN PSZ-AC Diffuser,          !- Name
  {da075b50-9331-4adc-b033-2db36572d58e}, !- Availability Schedule Name
  {c2060c32-736d-4bb2-836f-48710aa28f36}, !- Air Inlet Node Name
  {c37e3cd5-14ca-4d2f-89d9-1aadad0e0449}, !- Air Outlet Node Name
  AutoSize;                               !- Maximum Air Flow Rate {m3/s}

OS:Node,
  {f7bd89cf-5162-40e2-882b-05eb9d638a05}, !- Handle
  Back_Space ZN Return Air Node,          !- Name
  {77abf61f-9ac0-4da7-bba4-97ffc2c5eadd}, !- Inlet Port
  {b124b788-23e4-4b69-9c77-eaa0a9172415}; !- Outlet Port

OS:Connection,
  {1cd905ad-c223-447f-9d48-b0bcf4fafc38}, !- Handle
  {9aa6e226-2d62-4f6d-855d-7b3d2d020c36}, !- Source Object
  3,                                      !- Outlet Port
  {0c82dc8e-55c7-41ac-bc53-d95c5ef7e33e}, !- Target Object
  2;                                      !- Inlet Port

OS:Connection,
  {77abf61f-9ac0-4da7-bba4-97ffc2c5eadd}, !- Handle
  {78ee1a34-bc56-4d02-8a9a-ee6824dc6f43}, !- Source Object
  2,                                      !- Outlet Port
  {f7bd89cf-5162-40e2-882b-05eb9d638a05}, !- Target Object
  2;                                      !- Inlet Port

OS:Connection,
  {b124b788-23e4-4b69-9c77-eaa0a9172415}, !- Handle
  {f7bd89cf-5162-40e2-882b-05eb9d638a05}, !- Source Object
  3,                                      !- Outlet Port
  {7944be6c-2903-4ad8-b9f3-2b7821d6aaec}, !- Target Object
  3;                                      !- Inlet Port

OS:Node,
  {dad33584-71be-4f43-a24c-14c0faeaee69}, !- Handle
  Back_Space ZN PSZ-AC Diffuser Inlet Air Node, !- Name
  {5a7dbda2-b971-4c61-b52b-05596aca4e10}, !- Inlet Port
  {c2060c32-736d-4bb2-836f-48710aa28f36}; !- Outlet Port

OS:Connection,
  {5a7dbda2-b971-4c61-b52b-05596aca4e10}, !- Handle
  {df229005-311f-4580-b127-3ab593a6d407}, !- Source Object
  3,                                      !- Outlet Port
  {dad33584-71be-4f43-a24c-14c0faeaee69}, !- Target Object
  2;                                      !- Inlet Port

OS:Connection,
  {c2060c32-736d-4bb2-836f-48710aa28f36}, !- Handle
  {dad33584-71be-4f43-a24c-14c0faeaee69}, !- Source Object
  3,                                      !- Outlet Port
  {bf236849-c04c-4364-b74f-64dcf3e44f96}, !- Target Object
  3;                                      !- Inlet Port

OS:Connection,
  {c37e3cd5-14ca-4d2f-89d9-1aadad0e0449}, !- Handle
  {bf236849-c04c-4364-b74f-64dcf3e44f96}, !- Source Object
  4,                                      !- Outlet Port
  {9aa6e226-2d62-4f6d-855d-7b3d2d020c36}, !- Target Object
  2;                                      !- Inlet Port

OS:AirLoopHVAC,
  {7545ec2a-bfcb-451c-a4cf-4a2234efec6e}, !- Handle
  Core_Retail ZN PSZ-AC,                  !- Name
  ,                                       !- Controller List Name
  {af3782b3-c862-4d7b-9526-04c50cf52959}, !- Availability Schedule
  {271bb714-87ee-45ac-b16d-e80f441cd791}, !- Availability Manager List Name
  autosize,                               !- Design Supply Air Flow Rate {m3/s}
  1,                                      !- Design Return Air Flow Fraction of Supply Air Flow
  ,                                       !- Branch List Name
  ,                                       !- Connector List Name
  {59c448b2-55eb-4ecc-b128-097d888bac3a}, !- Supply Side Inlet Node Name
  {98dc808f-abdd-40e9-9634-00ecaf10dfa3}, !- Demand Side Outlet Node Name
  {c9eef5a1-026c-47c7-a358-da586065f2ab}, !- Demand Side Inlet Node A
  {10d6e009-ea3f-470e-a712-b76ab94ec56b}, !- Supply Side Outlet Node A
  ,                                       !- Demand Side Inlet Node B
  ,                                       !- Supply Side Outlet Node B
  ,                                       !- Return Air Bypass Flow Temperature Setpoint Schedule Name
  {c5f3da69-4799-424b-9813-1c0c6c11a426}, !- Demand Mixer Name
  {b407742b-8199-4f97-87de-0b75e5123e8c}, !- Demand Splitter A Name
  ,                                       !- Demand Splitter B Name
  ;                                       !- Supply Splitter Name

OS:Node,
  {b0e1132a-91cd-435a-af10-030287ff6416}, !- Handle
  Core_Retail ZN PSZ-AC Supply Inlet Node, !- Name
  {59c448b2-55eb-4ecc-b128-097d888bac3a}, !- Inlet Port
  {50cff780-024e-4f4c-84f0-2eaf69a53ec1}; !- Outlet Port

OS:Node,
  {6995b0a3-61b3-4df7-9738-a9428b1ab436}, !- Handle
  Core_Retail ZN PSZ-AC Supply Outlet Node, !- Name
  {56500aa4-4084-4d08-b8c8-7463b755a743}, !- Inlet Port
  {10d6e009-ea3f-470e-a712-b76ab94ec56b}; !- Outlet Port

OS:Connection,
  {59c448b2-55eb-4ecc-b128-097d888bac3a}, !- Handle
  {7545ec2a-bfcb-451c-a4cf-4a2234efec6e}, !- Source Object
  9,                                      !- Outlet Port
  {b0e1132a-91cd-435a-af10-030287ff6416}, !- Target Object
  2;                                      !- Inlet Port

OS:Connection,
  {10d6e009-ea3f-470e-a712-b76ab94ec56b}, !- Handle
  {6995b0a3-61b3-4df7-9738-a9428b1ab436}, !- Source Object
  3,                                      !- Outlet Port
  {7545ec2a-bfcb-451c-a4cf-4a2234efec6e}, !- Target Object
  12;                                     !- Inlet Port

OS:Node,
  {34765b65-525b-4718-a30a-f2beb8b35cbe}, !- Handle
  Core_Retail ZN PSZ-AC Demand Inlet Node, !- Name
  {c9eef5a1-026c-47c7-a358-da586065f2ab}, !- Inlet Port
  {07e2f1e1-6033-4a0e-82f5-ca4fa0126853}; !- Outlet Port

OS:Node,
  {0a6c3038-f2e5-40e7-964e-fff13b17d83a}, !- Handle
  Core_Retail ZN PSZ-AC Demand Outlet Node, !- Name
  {9bcfd60b-8de9-4a31-857b-0735e92e9927}, !- Inlet Port
  {98dc808f-abdd-40e9-9634-00ecaf10dfa3}; !- Outlet Port

OS:Node,
  {f72e0e1b-0e30-46c8-aae5-fe22ba597109}, !- Handle
  Core_Retail ZN PSZ-AC Diffuser Outlet Air Node, !- Name
  {745944b7-8a07-440b-882f-1c9e3d23c858}, !- Inlet Port
  {a7ca8126-d54b-4d0a-a57e-5ecf1c80770f}; !- Outlet Port

OS:Connection,
  {c9eef5a1-026c-47c7-a358-da586065f2ab}, !- Handle
  {7545ec2a-bfcb-451c-a4cf-4a2234efec6e}, !- Source Object
  11,                                     !- Outlet Port
  {34765b65-525b-4718-a30a-f2beb8b35cbe}, !- Target Object
  2;                                      !- Inlet Port

OS:Connection,
  {98dc808f-abdd-40e9-9634-00ecaf10dfa3}, !- Handle
  {0a6c3038-f2e5-40e7-964e-fff13b17d83a}, !- Source Object
  3,                                      !- Outlet Port
  {7545ec2a-bfcb-451c-a4cf-4a2234efec6e}, !- Target Object
  10;                                     !- Inlet Port

OS:AirLoopHVAC:ZoneSplitter,
  {b407742b-8199-4f97-87de-0b75e5123e8c}, !- Handle
  Air Loop HVAC Zone Splitter 2,          !- Name
  {07e2f1e1-6033-4a0e-82f5-ca4fa0126853}, !- Inlet Node Name
  {b092aa5c-1d71-4b7e-a3d0-c89cb8a35a61}; !- Outlet Node Name 1

OS:AirLoopHVAC:ZoneMixer,
  {c5f3da69-4799-424b-9813-1c0c6c11a426}, !- Handle
  Air Loop HVAC Zone Mixer 2,             !- Name
  {9bcfd60b-8de9-4a31-857b-0735e92e9927}, !- Outlet Node Name
  {ad2c9bce-059e-445d-934f-27b1ce89a9a1}; !- Inlet Node Name 1

OS:Connection,
  {07e2f1e1-6033-4a0e-82f5-ca4fa0126853}, !- Handle
  {34765b65-525b-4718-a30a-f2beb8b35cbe}, !- Source Object
  3,                                      !- Outlet Port
  {b407742b-8199-4f97-87de-0b75e5123e8c}, !- Target Object
  2;                                      !- Inlet Port

OS:Connection,
  {9bcfd60b-8de9-4a31-857b-0735e92e9927}, !- Handle
  {c5f3da69-4799-424b-9813-1c0c6c11a426}, !- Source Object
  2,                                      !- Outlet Port
  {0a6c3038-f2e5-40e7-964e-fff13b17d83a}, !- Target Object
  2;                                      !- Inlet Port

OS:Sizing:System,
  {f665cda5-717b-4116-8723-131af7e9c59d}, !- Handle
  {7545ec2a-bfcb-451c-a4cf-4a2234efec6e}, !- AirLoop Name
  Sensible,                               !- Type of Load to Size On
  Autosize,                               !- Design Outdoor Air Flow Rate {m3/s}
  1,                                      !- Central Heating Maximum System Air Flow Ratio
  7.22222222222229,                       !- Preheat Design Temperature {C}
  0.008,                                  !- Preheat Design Humidity Ratio {kg-H2O/kg-Air}
  12.7777777777778,                       !- Precool Design Temperature {C}
  0.008,                                  !- Precool Design Humidity Ratio {kg-H2O/kg-Air}
  12.7777777777778,                       !- Central Cooling Design Supply Air Temperature {C}
  50.0000000000001,                       !- Central Heating Design Supply Air Temperature {C}
  Coincident,                             !- Sizing Option
  No,                                     !- 100% Outdoor Air in Cooling
  No,                                     !- 100% Outdoor Air in Heating
  0.0085,                                 !- Central Cooling Design Supply Air Humidity Ratio {kg-H2O/kg-Air}
  0.008,                                  !- Central Heating Design Supply Air Humidity Ratio {kg-H2O/kg-Air}
  DesignDay,                              !- Cooling Design Air Flow Method
  ,                                       !- Cooling Design Air Flow Rate {m3/s}
  DesignDay,                              !- Heating Design Air Flow Method
  ,                                       !- Heating Design Air Flow Rate {m3/s}
  ZoneSum,                                !- System Outdoor Air Method
  1,                                      !- Zone Maximum Outdoor Air Fraction {dimensionless}
  0.0099676501,                           !- Cooling Supply Air Flow Rate Per Floor Area {m3/s-m2}
  1,                                      !- Cooling Fraction of Autosized Cooling Supply Air Flow Rate
  3.9475456e-05,                          !- Cooling Supply Air Flow Rate Per Unit Cooling Capacity {m3/s-W}
  0.0099676501,                           !- Heating Supply Air Flow Rate Per Floor Area {m3/s-m2}
  1,                                      !- Heating Fraction of Autosized Heating Supply Air Flow Rate
  1,                                      !- Heating Fraction of Autosized Cooling Supply Air Flow Rate
  3.1588213e-05,                          !- Heating Supply Air Flow Rate Per Unit Heating Capacity {m3/s-W}
  CoolingDesignCapacity,                  !- Cooling Design Capacity Method
  autosize,                               !- Cooling Design Capacity {W}
  234.7,                                  !- Cooling Design Capacity Per Floor Area {W/m2}
  1,                                      !- Fraction of Autosized Cooling Design Capacity
  HeatingDesignCapacity,                  !- Heating Design Capacity Method
  autosize,                               !- Heating Design Capacity {W}
  157,                                    !- Heating Design Capacity Per Floor Area {W/m2}
  1,                                      !- Fraction of Autosized Heating Design Capacity
  OnOff,                                  !- Central Cooling Capacity Control Method
  autosize,                               !- Occupant Diversity
  None,                                   !- Heating Coil Sizing Method
  1;                                      !- Maximum Heating Capacity To Cooling Capacity Sizing Ratio {W/W}

OS:AvailabilityManagerAssignmentList,
  {271bb714-87ee-45ac-b16d-e80f441cd791}, !- Handle
  Air Loop HVAC 1 AvailabilityManagerAssignmentList 1, !- Name
  {97fe7de3-8629-444e-82ef-8b9aec8271e4}; !- Availability Manager Name 1

OS:SetpointManager:SingleZone:Reheat,
  {34c19c77-4806-4bb7-afb8-3807ae670840}, !- Handle
  Core_Retail ZN Setpoint Manager SZ Reheat, !- Name
  12.7777777777778,                       !- Minimum Supply Air Temperature {C}
  50.0000000000001,                       !- Maximum Supply Air Temperature {C}
  {642a64b1-7881-41ca-91fa-67733b4dc7af}, !- Control Zone Name
  {6995b0a3-61b3-4df7-9738-a9428b1ab436}; !- Setpoint Node or NodeList Name

OS:Coil:Heating:Gas,
  {59af842e-ef02-4d7f-83c1-a13481314469}, !- Handle
  Core_Retail ZN PSZ-AC Gas Htg Coil 1156kBtu/hr 0.8 Combustion Eff, !- Name
  {da075b50-9331-4adc-b033-2db36572d58e}, !- Availability Schedule Name
  0.793,                                  !- Gas Burner Efficiency
  AutoSize,                               !- Nominal Capacity {W}
  ,                                       !- Air Inlet Node Name
  ,                                       !- Air Outlet Node Name
  ,                                       !- Temperature Setpoint Node Name
  0,                                      !- On Cycle Parasitic Electric Load {W}
  ,                                       !- Part Load Fraction Correlation Curve Name
  0;                                      !- Off Cycle Parasitic Gas Load {W}

OS:Coil:Heating:Electric,
  {3662150f-d3fa-4754-8435-c89633dc309a}, !- Handle
  Core_Retail ZN PSZ-AC No Heat,          !- Name
  {3613d908-4e29-41e0-93b1-5cf995563df0}, !- Availability Schedule Name
  1,                                      !- Efficiency
  0,                                      !- Nominal Capacity {W}
  ,                                       !- Air Inlet Node Name
  ;                                       !- Air Outlet Node Name

OS:Coil:Cooling:DX:TwoSpeed,
  {b3ae9ca6-6054-46ed-9bc7-956e11996322}, !- Handle
  Core_Retail ZN PSZ-AC 2spd DX AC Clg Coil 678kBtu/hr 9.8EER, !- Name
  {da075b50-9331-4adc-b033-2db36572d58e}, !- Availability Schedule Name
  Autosize,                               !- Rated High Speed Total Cooling Capacity {W}
  Autosize,                               !- Rated High Speed Sensible Heat Ratio
  3.40010964509975,                       !- Rated High Speed COP {W/W}
  Autosize,                               !- Rated High Speed Air Flow Rate {m3/s}
  773.3,                                  !- Rated High Speed Evaporator Fan Power Per Volume Flow Rate 2017 {W/(m3/s)}
  934.4,                                  !- Rated High Speed Evaporator Fan Power Per Volume Flow Rate 2023 {W/(m3/s)}
  773.3,                                  !- Unit Internal Static Air Pressure {Pa}
  ,                                       !- Air Inlet Node Name
  ,                                       !- Air Outlet Node Name
  {f3261872-d5c3-4780-9849-f29e86149418}, !- Total Cooling Capacity Function of Temperature Curve Name
  {b0e8e98d-cba7-494e-8aa1-11c871a1a1e1}, !- Total Cooling Capacity Function of Flow Fraction Curve Name
  {87787f45-f034-40a2-bb84-4b8b684b5294}, !- Energy Input Ratio Function of Temperature Curve Name
  {87d160f8-34cc-4f7e-8b27-4e91177e639a}, !- Energy Input Ratio Function of Flow Fraction Curve Name
  {d7b10063-973b-4ed9-8a74-a7048a5d971f}, !- Part Load Fraction Correlation Curve Name
  Autosize,                               !- Rated Low Speed Total Cooling Capacity {W}
  0.69,                                   !- Rated Low Speed Sensible Heat Ratio
  3.40010964509975,                       !- Rated Low Speed COP {W/W}
  Autosize,                               !- Rated Low Speed Air Flow Rate {m3/s}
  773.3,                                  !- Rated Low Speed Evaporator Fan Power Per Volume Flow Rate 2017 {W/(m3/s)}
  934.4,                                  !- Rated Low Speed Evaporator Fan Power Per Volume Flow Rate 2023 {W/(m3/s)}
  {f3261872-d5c3-4780-9849-f29e86149418}, !- Low Speed Total Cooling Capacity Function of Temperature Curve Name
  {87787f45-f034-40a2-bb84-4b8b684b5294}, !- Low Speed Energy Input Ratio Function of Temperature Curve Name
  ,                                       !- Condenser Air Inlet Node Name
  AirCooled,                              !- Condenser Type
  -25,                                    !- Minimum Outdoor Dry-Bulb Temperature for Compressor Operation {C}
  0.9,                                    !- High Speed Evaporative Condenser Effectiveness {dimensionless}
  Autosize,                               !- High Speed Evaporative Condenser Air Flow Rate {m3/s}
  Autosize,                               !- High Speed Evaporative Condenser Pump Rated Power Consumption {W}
  0.9,                                    !- Low Speed Evaporative Condenser Effectiveness {dimensionless}
  Autosize,                               !- Low Speed Evaporative Condenser Air Flow Rate {m3/s}
  Autosize,                               !- Low Speed Evaporative Condenser Pump Rated Power Consumption {W}
  ,                                       !- Supply Water Storage Tank Name
  ,                                       !- Condensate Collection Water Storage Tank Name
  10,                                     !- Basin Heater Capacity {W/K}
  2,                                      !- Basin Heater Setpoint Temperature {C}
  ;                                       !- Basin Heater Operating Schedule Name

OS:Fan:OnOff,
  {d5a06909-434a-4033-ab81-a71316ee4882}, !- Handle
  Core_Retail ZN PSZ-AC Fan,              !- Name
  {da075b50-9331-4adc-b033-2db36572d58e}, !- Availability Schedule Name
  0.5915,                                 !- Fan Total Efficiency
  1018.7736419,                           !- Pressure Rise {Pa}
  autosize,                               !- Maximum Flow Rate {m3/s}
  0.91,                                   !- Motor Efficiency
  1,                                      !- Motor In Airstream Fraction
  ,                                       !- Air Inlet Node Name
  ,                                       !- Air Outlet Node Name
  {6b2c20ed-5db5-4b21-9814-e45af5966312}, !- Fan Power Ratio Function of Speed Ratio Curve Name
  {09b66525-8846-400f-aed4-ace179429cc6}, !- Fan Efficiency Ratio Function of Speed Ratio Curve Name
  ;                                       !- End-Use Subcategory

OS:Curve:Exponent,
  {6b2c20ed-5db5-4b21-9814-e45af5966312}, !- Handle
  Fan On Off Power Curve 1,               !- Name
  1,                                      !- Coefficient1 Constant
  0,                                      !- Coefficient2 Constant
  0,                                      !- Coefficient3 Constant
  0,                                      !- Minimum Value of x
  1,                                      !- Maximum Value of x
  ,                                       !- Minimum Curve Output
  ,                                       !- Maximum Curve Output
  ,                                       !- Input Unit Type for X
  ;                                       !- Output Unit Type

OS:Curve:Cubic,
  {09b66525-8846-400f-aed4-ace179429cc6}, !- Handle
  Fan On Off Efficiency Curve 1,          !- Name
  1,                                      !- Coefficient1 Constant
  0,                                      !- Coefficient2 x
  0,                                      !- Coefficient3 x**2
  0,                                      !- Coefficient4 x**3
  0,                                      !- Minimum Value of x
  1;                                      !- Maximum Value of x

OS:AirLoopHVAC:UnitarySystem,
  {b1529b00-18b4-4a8c-901d-5b7a46e2c846}, !- Handle
  Core_Retail ZN PSZ-AC Unitary AC,       !- Name
  Load,                                   !- Control Type
  {642a64b1-7881-41ca-91fa-67733b4dc7af}, !- Controlling Zone or Thermostat Location
  None,                                   !- Dehumidification Control Type
  {af3782b3-c862-4d7b-9526-04c50cf52959}, !- Availability Schedule Name
  {4569b003-8cad-4adc-b960-aa76ad402f38}, !- Air Inlet Node Name
  {56500aa4-4084-4d08-b8c8-7463b755a743}, !- Air Outlet Node Name
  {d5a06909-434a-4033-ab81-a71316ee4882}, !- Supply Fan Name
  DrawThrough,                            !- Fan Placement
  {af3782b3-c862-4d7b-9526-04c50cf52959}, !- Supply Air Fan Operating Mode Schedule Name
  {59af842e-ef02-4d7f-83c1-a13481314469}, !- Heating Coil Name
  1,                                      !- DX Heating Coil Sizing Ratio
  {b3ae9ca6-6054-46ed-9bc7-956e11996322}, !- Cooling Coil Name
  No,                                     !- Use DOAS DX Cooling Coil
  2,                                      !- DOAS DX Cooling Coil Leaving Minimum Air Temperature {C}
  SensibleOnlyLoadControl,                !- Latent Load Control
  {3662150f-d3fa-4754-8435-c89633dc309a}, !- Supplemental Heating Coil Name
  SupplyAirFlowRate,                      !- Supply Air Flow Rate Method During Cooling Operation
  Autosize,                               !- Supply Air Flow Rate During Cooling Operation {m3/s}
  ,                                       !- Supply Air Flow Rate Per Floor Area During Cooling Operation {m3/s-m2}
  ,                                       !- Fraction of Autosized Design Cooling Supply Air Flow Rate
  ,                                       !- Design Supply Air Flow Rate Per Unit of Capacity During Cooling Operation {m3/s-W}
  SupplyAirFlowRate,                      !- Supply Air Flow Rate Method During Heating Operation
  Autosize,                               !- Supply Air Flow Rate During Heating Operation {m3/s}
  ,                                       !- Supply Air Flow Rate Per Floor Area during Heating Operation {m3/s-m2}
  ,                                       !- Fraction of Autosized Design Heating Supply Air Flow Rate
  ,                                       !- Design Supply Air Flow Rate Per Unit of Capacity During Heating Operation {m3/s-W}
  None,                                   !- Supply Air Flow Rate Method When No Cooling or Heating is Required
  ,                                       !- Supply Air Flow Rate When No Cooling or Heating is Required {m3/s}
  ,                                       !- Supply Air Flow Rate Per Floor Area When No Cooling or Heating is Required {m3/s-m2}
  ,                                       !- Fraction of Autosized Design Cooling Supply Air Flow Rate When No Cooling or Heating is Required
  ,                                       !- Fraction of Autosized Design Heating Supply Air Flow Rate When No Cooling or Heating is Required
  ,                                       !- Design Supply Air Flow Rate Per Unit of Capacity During Cooling Operation When No Cooling or Heating is Required {m3/s-W}
  ,                                       !- Design Supply Air Flow Rate Per Unit of Capacity During Heating Operation When No Cooling or Heating is Required {m3/s-W}
  Yes,                                    !- No Load Supply Air Flow Rate Control Set To Low Speed
  80,                                     !- Maximum Supply Air Temperature {C}
  21,                                     !- Maximum Outdoor Dry-Bulb Temperature for Supplemental Heater Operation {C}
  ,                                       !- Outdoor Dry-Bulb Temperature Sensor Node Name
  0,                                      !- Ancilliary On-Cycle Electric Power {W}
  0;                                      !- Ancilliary Off-Cycle Electric Power {W}

OS:Connection,
  {56500aa4-4084-4d08-b8c8-7463b755a743}, !- Handle
  {b1529b00-18b4-4a8c-901d-5b7a46e2c846}, !- Source Object
  7,                                      !- Outlet Port
  {6995b0a3-61b3-4df7-9738-a9428b1ab436}, !- Target Object
  2;                                      !- Inlet Port

OS:Controller:OutdoorAir,
  {c628224e-ef07-4ef7-adb1-b54d5c9b5ba1}, !- Handle
  Core_Retail ZN PSZ-AC OA System Controller, !- Name
  ,                                       !- Relief Air Outlet Node Name
  ,                                       !- Return Air Node Name
  ,                                       !- Mixed Air Node Name
  ,                                       !- Actuator Node Name
  autosize,                               !- Minimum Outdoor Air Flow Rate {m3/s}
  Autosize,                               !- Maximum Outdoor Air Flow Rate {m3/s}
  NoEconomizer,                           !- Economizer Control Type
  ModulateFlow,                           !- Economizer Control Action Type
  28,                                     !- Economizer Maximum Limit Dry-Bulb Temperature {C}
  64000,                                  !- Economizer Maximum Limit Enthalpy {J/kg}
  ,                                       !- Economizer Maximum Limit Dewpoint Temperature {C}
  ,                                       !- Electronic Enthalpy Limit Curve Name
  ,                                       !- Economizer Minimum Limit Dry-Bulb Temperature {C}
  LockoutWithCompressor,                  !- Lockout Type
  FixedMinimum,                           !- Minimum Limit Type
  {da075b50-9331-4adc-b033-2db36572d58e}, !- Minimum Outdoor Air Schedule Name
  ,                                       !- Minimum Fraction of Outdoor Air Schedule Name
  {f9d36e30-f10e-47a3-80b8-20b6321469d7}, !- Maximum Fraction of Outdoor Air Schedule Name
  {9e26db99-de4f-4628-a9fa-405385fc5063}, !- Controller Mechanical Ventilation
  ,                                       !- Time of Day Economizer Control Schedule Name
  No,                                     !- High Humidity Control
  ,                                       !- Humidistat Control Zone Name
  1,                                      !- High Humidity Outdoor Air Flow Ratio
  Yes,                                    !- Control High Indoor Humidity Based on Outdoor Humidity Ratio
  BypassWhenWithinEconomizerLimits,       !- Heat Recovery Bypass Control Type
  InterlockedWithMechanicalCooling;       !- Economizer Operation Staging

OS:Controller:MechanicalVentilation,
  {9e26db99-de4f-4628-a9fa-405385fc5063}, !- Handle
  Controller Mechanical Ventilation 2,    !- Name
  {da075b50-9331-4adc-b033-2db36572d58e}, !- Availability Schedule
  ,                                       !- Demand Controlled Ventilation
  ;                                       !- System Outdoor Air Method

OS:AirLoopHVAC:OutdoorAirSystem,
  {342281a8-be48-437c-8c3b-9d863c36903f}, !- Handle
  Core_Retail ZN PSZ-AC OA System,        !- Name
  {c628224e-ef07-4ef7-adb1-b54d5c9b5ba1}, !- Controller Name
  ,                                       !- Outdoor Air Equipment List Name
  ,                                       !- Availability Manager List Name
  {9566314a-194d-416b-a6f7-8d396b178331}, !- Mixed Air Node Name
  {a7cf7461-b9fe-4c7d-9d6a-20db9914f4bb}, !- Outdoor Air Stream Node Name
  {9876d720-a2b1-43f3-819c-fa6d5786d1c3}, !- Relief Air Stream Node Name
  {50cff780-024e-4f4c-84f0-2eaf69a53ec1}; !- Return Air Stream Node Name

OS:Node,
  {62606165-b28d-4b7a-9ed3-f681d10c0fbd}, !- Handle
  Core_Retail ZN PSZ-AC Outdoor Air Node, !- Name
  ,                                       !- Inlet Port
  {a7cf7461-b9fe-4c7d-9d6a-20db9914f4bb}; !- Outlet Port

OS:Connection,
  {a7cf7461-b9fe-4c7d-9d6a-20db9914f4bb}, !- Handle
  {62606165-b28d-4b7a-9ed3-f681d10c0fbd}, !- Source Object
  3,                                      !- Outlet Port
  {342281a8-be48-437c-8c3b-9d863c36903f}, !- Target Object
  6;                                      !- Inlet Port

OS:Node,
  {2babc83e-c7e0-4f5d-a669-955e98c59045}, !- Handle
  Core_Retail ZN PSZ-AC Relief Air Node,  !- Name
  {9876d720-a2b1-43f3-819c-fa6d5786d1c3}, !- Inlet Port
  ;                                       !- Outlet Port

OS:Connection,
  {9876d720-a2b1-43f3-819c-fa6d5786d1c3}, !- Handle
  {342281a8-be48-437c-8c3b-9d863c36903f}, !- Source Object
  7,                                      !- Outlet Port
  {2babc83e-c7e0-4f5d-a669-955e98c59045}, !- Target Object
  2;                                      !- Inlet Port

OS:Node,
  {9b264793-ce8c-4108-bfe7-37e556a8075d}, !- Handle
  Core_Retail ZN PSZ-AC Mixed Air Node,   !- Name
  {9566314a-194d-416b-a6f7-8d396b178331}, !- Inlet Port
  {4569b003-8cad-4adc-b960-aa76ad402f38}; !- Outlet Port

OS:Connection,
  {50cff780-024e-4f4c-84f0-2eaf69a53ec1}, !- Handle
  {b0e1132a-91cd-435a-af10-030287ff6416}, !- Source Object
  3,                                      !- Outlet Port
  {342281a8-be48-437c-8c3b-9d863c36903f}, !- Target Object
  8;                                      !- Inlet Port

OS:Connection,
  {9566314a-194d-416b-a6f7-8d396b178331}, !- Handle
  {342281a8-be48-437c-8c3b-9d863c36903f}, !- Source Object
  5,                                      !- Outlet Port
  {9b264793-ce8c-4108-bfe7-37e556a8075d}, !- Target Object
  2;                                      !- Inlet Port

OS:Connection,
  {4569b003-8cad-4adc-b960-aa76ad402f38}, !- Handle
  {9b264793-ce8c-4108-bfe7-37e556a8075d}, !- Source Object
  3,                                      !- Outlet Port
  {b1529b00-18b4-4a8c-901d-5b7a46e2c846}, !- Target Object
  6;                                      !- Inlet Port

OS:AvailabilityManager:NightCycle,
  {97fe7de3-8629-444e-82ef-8b9aec8271e4}, !- Handle
  Availability Manager Night Cycle 2,     !- Name
  {da075b50-9331-4adc-b033-2db36572d58e}, !- Applicability Schedule
  ,                                       !- Fan Schedule
  CycleOnAny,                             !- Control Type
  1,                                      !- Thermostat Tolerance {deltaC}
  ,                                       !- Cycling Run Time Control Type
  1800,                                   !- Cycling Run Time {s}
  {f3d92f8e-fd8b-4d02-a2c6-2c7f76cc5652}, !- Control Zone or Zone List Name
  {a9ca521f-1260-4440-bbd8-09c039ed76ff}, !- Cooling Control Zone or Zone List Name
  {5c3c818b-d499-43a2-8e94-d6f2c798e5af}, !- Heating Control Zone or Zone List Name
  {40c2fef8-99f8-41c0-8fed-474677bdfbfe}; !- Heating Zone Fans Only Zone or Zone List Name

OS:ModelObjectList,
  {f3d92f8e-fd8b-4d02-a2c6-2c7f76cc5652}, !- Handle
  Availability Manager Night Cycle 2 Control Zone List; !- Name

OS:ModelObjectList,
  {a9ca521f-1260-4440-bbd8-09c039ed76ff}, !- Handle
  Availability Manager Night Cycle 2 Cooling Control Zone List; !- Name

OS:ModelObjectList,
  {5c3c818b-d499-43a2-8e94-d6f2c798e5af}, !- Handle
  Availability Manager Night Cycle 2 Heating Control Zone List; !- Name

OS:ModelObjectList,
  {40c2fef8-99f8-41c0-8fed-474677bdfbfe}, !- Handle
  Availability Manager Night Cycle 2 Heating Zone Fans Only Zone List; !- Name

OS:AirTerminal:SingleDuct:ConstantVolume:NoReheat,
  {9d70b264-07db-4d75-9e0c-03fc50ee3295}, !- Handle
  Core_Retail ZN PSZ-AC Diffuser,         !- Name
  {da075b50-9331-4adc-b033-2db36572d58e}, !- Availability Schedule Name
  {639d6be7-2c0d-4ff1-9aef-21582c1e8fb8}, !- Air Inlet Node Name
  {745944b7-8a07-440b-882f-1c9e3d23c858}, !- Air Outlet Node Name
  AutoSize;                               !- Maximum Air Flow Rate {m3/s}

OS:Node,
  {8b898ee1-7c66-47e5-a57c-47cc5944121e}, !- Handle
  Core_Retail ZN Return Air Node,         !- Name
  {4aae39d2-05a9-40e3-9a89-013b253047cc}, !- Inlet Port
  {ad2c9bce-059e-445d-934f-27b1ce89a9a1}; !- Outlet Port

OS:Connection,
  {a7ca8126-d54b-4d0a-a57e-5ecf1c80770f}, !- Handle
  {f72e0e1b-0e30-46c8-aae5-fe22ba597109}, !- Source Object
  3,                                      !- Outlet Port
  {b146ba04-afe6-44ab-bffb-710d2bbb2831}, !- Target Object
  2;                                      !- Inlet Port

OS:Connection,
  {4aae39d2-05a9-40e3-9a89-013b253047cc}, !- Handle
  {d7126ffb-74af-43c4-9e30-4aedd543de08}, !- Source Object
  2,                                      !- Outlet Port
  {8b898ee1-7c66-47e5-a57c-47cc5944121e}, !- Target Object
  2;                                      !- Inlet Port

OS:Connection,
  {ad2c9bce-059e-445d-934f-27b1ce89a9a1}, !- Handle
  {8b898ee1-7c66-47e5-a57c-47cc5944121e}, !- Source Object
  3,                                      !- Outlet Port
  {c5f3da69-4799-424b-9813-1c0c6c11a426}, !- Target Object
  3;                                      !- Inlet Port

OS:Node,
  {9aa50d1f-8031-491d-94af-8c2638bf76c8}, !- Handle
  Core_Retail ZN PSZ-AC Diffuser Inlet Air Node, !- Name
  {b092aa5c-1d71-4b7e-a3d0-c89cb8a35a61}, !- Inlet Port
  {639d6be7-2c0d-4ff1-9aef-21582c1e8fb8}; !- Outlet Port

OS:Connection,
  {b092aa5c-1d71-4b7e-a3d0-c89cb8a35a61}, !- Handle
  {b407742b-8199-4f97-87de-0b75e5123e8c}, !- Source Object
  3,                                      !- Outlet Port
  {9aa50d1f-8031-491d-94af-8c2638bf76c8}, !- Target Object
  2;                                      !- Inlet Port

OS:Connection,
  {639d6be7-2c0d-4ff1-9aef-21582c1e8fb8}, !- Handle
  {9aa50d1f-8031-491d-94af-8c2638bf76c8}, !- Source Object
  3,                                      !- Outlet Port
  {9d70b264-07db-4d75-9e0c-03fc50ee3295}, !- Target Object
  3;                                      !- Inlet Port

OS:Connection,
  {745944b7-8a07-440b-882f-1c9e3d23c858}, !- Handle
  {9d70b264-07db-4d75-9e0c-03fc50ee3295}, !- Source Object
  4,                                      !- Outlet Port
  {f72e0e1b-0e30-46c8-aae5-fe22ba597109}, !- Target Object
  2;                                      !- Inlet Port

OS:AirLoopHVAC,
  {ba088243-d1ce-474f-aaaf-26fa9c760179}, !- Handle
  Point_Of_Sale ZN PSZ-AC,                !- Name
  ,                                       !- Controller List Name
  {af3782b3-c862-4d7b-9526-04c50cf52959}, !- Availability Schedule
  {9fc92c17-7f77-49a6-a7a5-a4368c708748}, !- Availability Manager List Name
  autosize,                               !- Design Supply Air Flow Rate {m3/s}
  1,                                      !- Design Return Air Flow Fraction of Supply Air Flow
  ,                                       !- Branch List Name
  ,                                       !- Connector List Name
  {8f9187df-4504-4cd9-8ebc-c6691fdc0c47}, !- Supply Side Inlet Node Name
  {106e8439-8e5f-4341-92e9-6df7e749f9d0}, !- Demand Side Outlet Node Name
  {a7355897-d6cc-4439-83c8-ad73084f9fcf}, !- Demand Side Inlet Node A
  {0ab25c06-c31b-446c-ac7e-a15dc3043eb2}, !- Supply Side Outlet Node A
  ,                                       !- Demand Side Inlet Node B
  ,                                       !- Supply Side Outlet Node B
  ,                                       !- Return Air Bypass Flow Temperature Setpoint Schedule Name
  {37bc20a4-d202-4a81-b56b-1015b85582cd}, !- Demand Mixer Name
  {9d97c903-aeca-423d-a28a-d127677f2d7b}, !- Demand Splitter A Name
  ,                                       !- Demand Splitter B Name
  ;                                       !- Supply Splitter Name

OS:Node,
  {76827878-043e-4dce-88a9-456f50d362ef}, !- Handle
  Point_Of_Sale ZN PSZ-AC Supply Inlet Node, !- Name
  {8f9187df-4504-4cd9-8ebc-c6691fdc0c47}, !- Inlet Port
  {d37cdcef-52d3-491e-83fb-5c8a10307767}; !- Outlet Port

OS:Node,
  {058409e8-0c84-4187-9c91-c386c61a4982}, !- Handle
  Point_Of_Sale ZN PSZ-AC Supply Outlet Node, !- Name
  {fd866841-e138-4b11-967e-9b852045b8b2}, !- Inlet Port
  {0ab25c06-c31b-446c-ac7e-a15dc3043eb2}; !- Outlet Port

OS:Connection,
  {8f9187df-4504-4cd9-8ebc-c6691fdc0c47}, !- Handle
  {ba088243-d1ce-474f-aaaf-26fa9c760179}, !- Source Object
  9,                                      !- Outlet Port
  {76827878-043e-4dce-88a9-456f50d362ef}, !- Target Object
  2;                                      !- Inlet Port

OS:Connection,
  {0ab25c06-c31b-446c-ac7e-a15dc3043eb2}, !- Handle
  {058409e8-0c84-4187-9c91-c386c61a4982}, !- Source Object
  3,                                      !- Outlet Port
  {ba088243-d1ce-474f-aaaf-26fa9c760179}, !- Target Object
  12;                                     !- Inlet Port

OS:Node,
  {31ad2114-2363-4338-ac57-3828c87d50c1}, !- Handle
  Point_Of_Sale ZN PSZ-AC Demand Inlet Node, !- Name
  {a7355897-d6cc-4439-83c8-ad73084f9fcf}, !- Inlet Port
  {5127509e-96ac-4ae7-9f64-4400e11aa33b}; !- Outlet Port

OS:Node,
  {daaf7e25-b86e-40fd-9617-086a1a89ca56}, !- Handle
  Point_Of_Sale ZN PSZ-AC Demand Outlet Node, !- Name
  {98b04511-2359-4205-acfe-9fcc9a1934f5}, !- Inlet Port
  {106e8439-8e5f-4341-92e9-6df7e749f9d0}; !- Outlet Port

OS:Node,
  {22d6761e-e7b3-4ce2-9105-0a1842e7e280}, !- Handle
  Point_Of_Sale ZN PSZ-AC Diffuser Outlet Air Node, !- Name
  {63a53f98-16fd-4c16-98bc-e5164f2d4c87}, !- Inlet Port
  {04d8fabd-80c6-4863-82b8-1c3040a33d01}; !- Outlet Port

OS:Connection,
  {a7355897-d6cc-4439-83c8-ad73084f9fcf}, !- Handle
  {ba088243-d1ce-474f-aaaf-26fa9c760179}, !- Source Object
  11,                                     !- Outlet Port
  {31ad2114-2363-4338-ac57-3828c87d50c1}, !- Target Object
  2;                                      !- Inlet Port

OS:Connection,
  {106e8439-8e5f-4341-92e9-6df7e749f9d0}, !- Handle
  {daaf7e25-b86e-40fd-9617-086a1a89ca56}, !- Source Object
  3,                                      !- Outlet Port
  {ba088243-d1ce-474f-aaaf-26fa9c760179}, !- Target Object
  10;                                     !- Inlet Port

OS:AirLoopHVAC:ZoneSplitter,
  {9d97c903-aeca-423d-a28a-d127677f2d7b}, !- Handle
  Air Loop HVAC Zone Splitter 3,          !- Name
  {5127509e-96ac-4ae7-9f64-4400e11aa33b}, !- Inlet Node Name
  {5918f4c1-a55e-4e90-b264-e52815aff00f}; !- Outlet Node Name 1

OS:AirLoopHVAC:ZoneMixer,
  {37bc20a4-d202-4a81-b56b-1015b85582cd}, !- Handle
  Air Loop HVAC Zone Mixer 3,             !- Name
  {98b04511-2359-4205-acfe-9fcc9a1934f5}, !- Outlet Node Name
  {bc26a8d6-6ce4-454f-9576-f91dc858a7fa}; !- Inlet Node Name 1

OS:Connection,
  {5127509e-96ac-4ae7-9f64-4400e11aa33b}, !- Handle
  {31ad2114-2363-4338-ac57-3828c87d50c1}, !- Source Object
  3,                                      !- Outlet Port
  {9d97c903-aeca-423d-a28a-d127677f2d7b}, !- Target Object
  2;                                      !- Inlet Port

OS:Connection,
  {98b04511-2359-4205-acfe-9fcc9a1934f5}, !- Handle
  {37bc20a4-d202-4a81-b56b-1015b85582cd}, !- Source Object
  2,                                      !- Outlet Port
  {daaf7e25-b86e-40fd-9617-086a1a89ca56}, !- Target Object
  2;                                      !- Inlet Port

OS:Sizing:System,
  {23fd6d15-06ac-435a-968a-d020314dd663}, !- Handle
  {ba088243-d1ce-474f-aaaf-26fa9c760179}, !- AirLoop Name
  Sensible,                               !- Type of Load to Size On
  Autosize,                               !- Design Outdoor Air Flow Rate {m3/s}
  1,                                      !- Central Heating Maximum System Air Flow Ratio
  7.22222222222229,                       !- Preheat Design Temperature {C}
  0.008,                                  !- Preheat Design Humidity Ratio {kg-H2O/kg-Air}
  12.7777777777778,                       !- Precool Design Temperature {C}
  0.008,                                  !- Precool Design Humidity Ratio {kg-H2O/kg-Air}
  12.7777777777778,                       !- Central Cooling Design Supply Air Temperature {C}
  50.0000000000001,                       !- Central Heating Design Supply Air Temperature {C}
  Coincident,                             !- Sizing Option
  No,                                     !- 100% Outdoor Air in Cooling
  No,                                     !- 100% Outdoor Air in Heating
  0.0085,                                 !- Central Cooling Design Supply Air Humidity Ratio {kg-H2O/kg-Air}
  0.008,                                  !- Central Heating Design Supply Air Humidity Ratio {kg-H2O/kg-Air}
  DesignDay,                              !- Cooling Design Air Flow Method
  ,                                       !- Cooling Design Air Flow Rate {m3/s}
  DesignDay,                              !- Heating Design Air Flow Method
  ,                                       !- Heating Design Air Flow Rate {m3/s}
  ZoneSum,                                !- System Outdoor Air Method
  1,                                      !- Zone Maximum Outdoor Air Fraction {dimensionless}
  0.0099676501,                           !- Cooling Supply Air Flow Rate Per Floor Area {m3/s-m2}
  1,                                      !- Cooling Fraction of Autosized Cooling Supply Air Flow Rate
  3.9475456e-05,                          !- Cooling Supply Air Flow Rate Per Unit Cooling Capacity {m3/s-W}
  0.0099676501,                           !- Heating Supply Air Flow Rate Per Floor Area {m3/s-m2}
  1,                                      !- Heating Fraction of Autosized Heating Supply Air Flow Rate
  1,                                      !- Heating Fraction of Autosized Cooling Supply Air Flow Rate
  3.1588213e-05,                          !- Heating Supply Air Flow Rate Per Unit Heating Capacity {m3/s-W}
  CoolingDesignCapacity,                  !- Cooling Design Capacity Method
  autosize,                               !- Cooling Design Capacity {W}
  234.7,                                  !- Cooling Design Capacity Per Floor Area {W/m2}
  1,                                      !- Fraction of Autosized Cooling Design Capacity
  HeatingDesignCapacity,                  !- Heating Design Capacity Method
  autosize,                               !- Heating Design Capacity {W}
  157,                                    !- Heating Design Capacity Per Floor Area {W/m2}
  1,                                      !- Fraction of Autosized Heating Design Capacity
  OnOff,                                  !- Central Cooling Capacity Control Method
  autosize,                               !- Occupant Diversity
  None,                                   !- Heating Coil Sizing Method
  1;                                      !- Maximum Heating Capacity To Cooling Capacity Sizing Ratio {W/W}

OS:AvailabilityManagerAssignmentList,
  {9fc92c17-7f77-49a6-a7a5-a4368c708748}, !- Handle
  Air Loop HVAC 1 AvailabilityManagerAssignmentList 2, !- Name
  {75a648b3-8e36-4722-8557-e81a0a56163d}; !- Availability Manager Name 1

OS:SetpointManager:SingleZone:Reheat,
  {51fe522e-1d35-4094-a529-4925abe021a1}, !- Handle
  Point_Of_Sale ZN Setpoint Manager SZ Reheat, !- Name
  12.7777777777778,                       !- Minimum Supply Air Temperature {C}
  50.0000000000001,                       !- Maximum Supply Air Temperature {C}
  {ecd0b4dd-c3aa-483f-9c84-d8758f08db4c}, !- Control Zone Name
  {058409e8-0c84-4187-9c91-c386c61a4982}; !- Setpoint Node or NodeList Name

OS:Coil:Heating:Gas,
  {58898a52-971e-4384-85cf-fe9ad5964379}, !- Handle
  Point_Of_Sale ZN PSZ-AC Gas Htg Coil 161kBtu/hr 0.8 Thermal Eff, !- Name
  {da075b50-9331-4adc-b033-2db36572d58e}, !- Availability Schedule Name
  0.8,                                    !- Gas Burner Efficiency
  AutoSize,                               !- Nominal Capacity {W}
  ,                                       !- Air Inlet Node Name
  ,                                       !- Air Outlet Node Name
  ,                                       !- Temperature Setpoint Node Name
  0,                                      !- On Cycle Parasitic Electric Load {W}
  ,                                       !- Part Load Fraction Correlation Curve Name
  0;                                      !- Off Cycle Parasitic Gas Load {W}

OS:Coil:Heating:Electric,
  {b8887641-deac-49da-87dc-fec37bbcc973}, !- Handle
  Point_Of_Sale ZN PSZ-AC No Heat,        !- Name
  {3613d908-4e29-41e0-93b1-5cf995563df0}, !- Availability Schedule Name
  1,                                      !- Efficiency
  0,                                      !- Nominal Capacity {W}
  ,                                       !- Air Inlet Node Name
  ;                                       !- Air Outlet Node Name

OS:Coil:Cooling:DX:TwoSpeed,
  {d8b98b1c-a99b-4bfb-9b64-30cfeeb2b569}, !- Handle
  Point_Of_Sale ZN PSZ-AC 2spd DX AC Clg Coil 88kBtu/hr 11EER, !- Name
  {da075b50-9331-4adc-b033-2db36572d58e}, !- Availability Schedule Name
  Autosize,                               !- Rated High Speed Total Cooling Capacity {W}
  Autosize,                               !- Rated High Speed Sensible Heat Ratio
  3.79975201351641,                       !- Rated High Speed COP {W/W}
  Autosize,                               !- Rated High Speed Air Flow Rate {m3/s}
  773.3,                                  !- Rated High Speed Evaporator Fan Power Per Volume Flow Rate 2017 {W/(m3/s)}
  934.4,                                  !- Rated High Speed Evaporator Fan Power Per Volume Flow Rate 2023 {W/(m3/s)}
  773.3,                                  !- Unit Internal Static Air Pressure {Pa}
  ,                                       !- Air Inlet Node Name
  ,                                       !- Air Outlet Node Name
  {f3261872-d5c3-4780-9849-f29e86149418}, !- Total Cooling Capacity Function of Temperature Curve Name
  {b0e8e98d-cba7-494e-8aa1-11c871a1a1e1}, !- Total Cooling Capacity Function of Flow Fraction Curve Name
  {87787f45-f034-40a2-bb84-4b8b684b5294}, !- Energy Input Ratio Function of Temperature Curve Name
  {87d160f8-34cc-4f7e-8b27-4e91177e639a}, !- Energy Input Ratio Function of Flow Fraction Curve Name
  {d7b10063-973b-4ed9-8a74-a7048a5d971f}, !- Part Load Fraction Correlation Curve Name
  Autosize,                               !- Rated Low Speed Total Cooling Capacity {W}
  0.69,                                   !- Rated Low Speed Sensible Heat Ratio
  3.79975201351641,                       !- Rated Low Speed COP {W/W}
  Autosize,                               !- Rated Low Speed Air Flow Rate {m3/s}
  773.3,                                  !- Rated Low Speed Evaporator Fan Power Per Volume Flow Rate 2017 {W/(m3/s)}
  934.4,                                  !- Rated Low Speed Evaporator Fan Power Per Volume Flow Rate 2023 {W/(m3/s)}
  {f3261872-d5c3-4780-9849-f29e86149418}, !- Low Speed Total Cooling Capacity Function of Temperature Curve Name
  {87787f45-f034-40a2-bb84-4b8b684b5294}, !- Low Speed Energy Input Ratio Function of Temperature Curve Name
  ,                                       !- Condenser Air Inlet Node Name
  AirCooled,                              !- Condenser Type
  -25,                                    !- Minimum Outdoor Dry-Bulb Temperature for Compressor Operation {C}
  0.9,                                    !- High Speed Evaporative Condenser Effectiveness {dimensionless}
  Autosize,                               !- High Speed Evaporative Condenser Air Flow Rate {m3/s}
  Autosize,                               !- High Speed Evaporative Condenser Pump Rated Power Consumption {W}
  0.9,                                    !- Low Speed Evaporative Condenser Effectiveness {dimensionless}
  Autosize,                               !- Low Speed Evaporative Condenser Air Flow Rate {m3/s}
  Autosize,                               !- Low Speed Evaporative Condenser Pump Rated Power Consumption {W}
  ,                                       !- Supply Water Storage Tank Name
  ,                                       !- Condensate Collection Water Storage Tank Name
  10,                                     !- Basin Heater Capacity {W/K}
  2,                                      !- Basin Heater Setpoint Temperature {C}
  ;                                       !- Basin Heater Operating Schedule Name

OS:Fan:OnOff,
  {38b1fb01-8e9c-4209-bdd7-abf2f495ad02}, !- Handle
  Point_Of_Sale ZN PSZ-AC Fan,            !- Name
  {da075b50-9331-4adc-b033-2db36572d58e}, !- Availability Schedule Name
  0.546,                                  !- Fan Total Efficiency
  622.722275,                             !- Pressure Rise {Pa}
  autosize,                               !- Maximum Flow Rate {m3/s}
  0.84,                                   !- Motor Efficiency
  1,                                      !- Motor In Airstream Fraction
  ,                                       !- Air Inlet Node Name
  ,                                       !- Air Outlet Node Name
  {44188ebc-82aa-4689-afa1-0100b25448e1}, !- Fan Power Ratio Function of Speed Ratio Curve Name
  {ae41daed-8743-4deb-8562-8dd8cf43356d}, !- Fan Efficiency Ratio Function of Speed Ratio Curve Name
  ;                                       !- End-Use Subcategory

OS:Curve:Exponent,
  {44188ebc-82aa-4689-afa1-0100b25448e1}, !- Handle
  Fan On Off Power Curve 2,               !- Name
  1,                                      !- Coefficient1 Constant
  0,                                      !- Coefficient2 Constant
  0,                                      !- Coefficient3 Constant
  0,                                      !- Minimum Value of x
  1,                                      !- Maximum Value of x
  ,                                       !- Minimum Curve Output
  ,                                       !- Maximum Curve Output
  ,                                       !- Input Unit Type for X
  ;                                       !- Output Unit Type

OS:Curve:Cubic,
  {ae41daed-8743-4deb-8562-8dd8cf43356d}, !- Handle
  Fan On Off Efficiency Curve 2,          !- Name
  1,                                      !- Coefficient1 Constant
  0,                                      !- Coefficient2 x
  0,                                      !- Coefficient3 x**2
  0,                                      !- Coefficient4 x**3
  0,                                      !- Minimum Value of x
  1;                                      !- Maximum Value of x

OS:AirLoopHVAC:UnitarySystem,
  {7fcebd37-2884-4dcb-b7d8-d2404f437f76}, !- Handle
  Point_Of_Sale ZN PSZ-AC Unitary AC,     !- Name
  Load,                                   !- Control Type
  {ecd0b4dd-c3aa-483f-9c84-d8758f08db4c}, !- Controlling Zone or Thermostat Location
  None,                                   !- Dehumidification Control Type
  {af3782b3-c862-4d7b-9526-04c50cf52959}, !- Availability Schedule Name
  {67b0a193-07ee-4609-8532-625abceac8f5}, !- Air Inlet Node Name
  {fd866841-e138-4b11-967e-9b852045b8b2}, !- Air Outlet Node Name
  {38b1fb01-8e9c-4209-bdd7-abf2f495ad02}, !- Supply Fan Name
  DrawThrough,                            !- Fan Placement
  {af3782b3-c862-4d7b-9526-04c50cf52959}, !- Supply Air Fan Operating Mode Schedule Name
  {58898a52-971e-4384-85cf-fe9ad5964379}, !- Heating Coil Name
  1,                                      !- DX Heating Coil Sizing Ratio
  {d8b98b1c-a99b-4bfb-9b64-30cfeeb2b569}, !- Cooling Coil Name
  No,                                     !- Use DOAS DX Cooling Coil
  2,                                      !- DOAS DX Cooling Coil Leaving Minimum Air Temperature {C}
  SensibleOnlyLoadControl,                !- Latent Load Control
  {b8887641-deac-49da-87dc-fec37bbcc973}, !- Supplemental Heating Coil Name
  SupplyAirFlowRate,                      !- Supply Air Flow Rate Method During Cooling Operation
  Autosize,                               !- Supply Air Flow Rate During Cooling Operation {m3/s}
  ,                                       !- Supply Air Flow Rate Per Floor Area During Cooling Operation {m3/s-m2}
  ,                                       !- Fraction of Autosized Design Cooling Supply Air Flow Rate
  ,                                       !- Design Supply Air Flow Rate Per Unit of Capacity During Cooling Operation {m3/s-W}
  SupplyAirFlowRate,                      !- Supply Air Flow Rate Method During Heating Operation
  Autosize,                               !- Supply Air Flow Rate During Heating Operation {m3/s}
  ,                                       !- Supply Air Flow Rate Per Floor Area during Heating Operation {m3/s-m2}
  ,                                       !- Fraction of Autosized Design Heating Supply Air Flow Rate
  ,                                       !- Design Supply Air Flow Rate Per Unit of Capacity During Heating Operation {m3/s-W}
  None,                                   !- Supply Air Flow Rate Method When No Cooling or Heating is Required
  ,                                       !- Supply Air Flow Rate When No Cooling or Heating is Required {m3/s}
  ,                                       !- Supply Air Flow Rate Per Floor Area When No Cooling or Heating is Required {m3/s-m2}
  ,                                       !- Fraction of Autosized Design Cooling Supply Air Flow Rate When No Cooling or Heating is Required
  ,                                       !- Fraction of Autosized Design Heating Supply Air Flow Rate When No Cooling or Heating is Required
  ,                                       !- Design Supply Air Flow Rate Per Unit of Capacity During Cooling Operation When No Cooling or Heating is Required {m3/s-W}
  ,                                       !- Design Supply Air Flow Rate Per Unit of Capacity During Heating Operation When No Cooling or Heating is Required {m3/s-W}
  Yes,                                    !- No Load Supply Air Flow Rate Control Set To Low Speed
  80,                                     !- Maximum Supply Air Temperature {C}
  21,                                     !- Maximum Outdoor Dry-Bulb Temperature for Supplemental Heater Operation {C}
  ,                                       !- Outdoor Dry-Bulb Temperature Sensor Node Name
  0,                                      !- Ancilliary On-Cycle Electric Power {W}
  0;                                      !- Ancilliary Off-Cycle Electric Power {W}

OS:Connection,
  {fd866841-e138-4b11-967e-9b852045b8b2}, !- Handle
  {7fcebd37-2884-4dcb-b7d8-d2404f437f76}, !- Source Object
  7,                                      !- Outlet Port
  {058409e8-0c84-4187-9c91-c386c61a4982}, !- Target Object
  2;                                      !- Inlet Port

OS:Controller:OutdoorAir,
  {f6bd298e-b4d0-4625-aa6b-aed7d2d84f4d}, !- Handle
  Point_Of_Sale ZN PSZ-AC OA System Controller, !- Name
  ,                                       !- Relief Air Outlet Node Name
  ,                                       !- Return Air Node Name
  ,                                       !- Mixed Air Node Name
  ,                                       !- Actuator Node Name
  autosize,                               !- Minimum Outdoor Air Flow Rate {m3/s}
  Autosize,                               !- Maximum Outdoor Air Flow Rate {m3/s}
  NoEconomizer,                           !- Economizer Control Type
  ModulateFlow,                           !- Economizer Control Action Type
  28,                                     !- Economizer Maximum Limit Dry-Bulb Temperature {C}
  64000,                                  !- Economizer Maximum Limit Enthalpy {J/kg}
  ,                                       !- Economizer Maximum Limit Dewpoint Temperature {C}
  ,                                       !- Electronic Enthalpy Limit Curve Name
  ,                                       !- Economizer Minimum Limit Dry-Bulb Temperature {C}
  LockoutWithCompressor,                  !- Lockout Type
  FixedMinimum,                           !- Minimum Limit Type
  {da075b50-9331-4adc-b033-2db36572d58e}, !- Minimum Outdoor Air Schedule Name
  ,                                       !- Minimum Fraction of Outdoor Air Schedule Name
  {c73d4f78-3675-43f0-9e9f-ba70908a1b0e}, !- Maximum Fraction of Outdoor Air Schedule Name
  {5fa23357-f10d-4cd7-99fb-2b04ff755856}, !- Controller Mechanical Ventilation
  ,                                       !- Time of Day Economizer Control Schedule Name
  No,                                     !- High Humidity Control
  ,                                       !- Humidistat Control Zone Name
  1,                                      !- High Humidity Outdoor Air Flow Ratio
  Yes,                                    !- Control High Indoor Humidity Based on Outdoor Humidity Ratio
  BypassWhenWithinEconomizerLimits,       !- Heat Recovery Bypass Control Type
  InterlockedWithMechanicalCooling;       !- Economizer Operation Staging

OS:Controller:MechanicalVentilation,
  {5fa23357-f10d-4cd7-99fb-2b04ff755856}, !- Handle
  Controller Mechanical Ventilation 3,    !- Name
  {da075b50-9331-4adc-b033-2db36572d58e}, !- Availability Schedule
  ,                                       !- Demand Controlled Ventilation
  ;                                       !- System Outdoor Air Method

OS:AirLoopHVAC:OutdoorAirSystem,
  {30033234-ec24-4301-89d8-1205ed3b39dd}, !- Handle
  Point_Of_Sale ZN PSZ-AC OA System,      !- Name
  {f6bd298e-b4d0-4625-aa6b-aed7d2d84f4d}, !- Controller Name
  ,                                       !- Outdoor Air Equipment List Name
  ,                                       !- Availability Manager List Name
  {bb784a44-6966-4ca7-a8e5-8bc9e45f1b5b}, !- Mixed Air Node Name
  {b7b07989-1d3b-43e1-bd6c-605bacc122ed}, !- Outdoor Air Stream Node Name
  {8293ec8b-959e-43d2-8ee5-1d62d965d52a}, !- Relief Air Stream Node Name
  {d37cdcef-52d3-491e-83fb-5c8a10307767}; !- Return Air Stream Node Name

OS:Node,
  {40512b8c-8301-44f6-a5f7-7638af420ebe}, !- Handle
  Point_Of_Sale ZN PSZ-AC Outdoor Air Node, !- Name
  ,                                       !- Inlet Port
  {b7b07989-1d3b-43e1-bd6c-605bacc122ed}; !- Outlet Port

OS:Connection,
  {b7b07989-1d3b-43e1-bd6c-605bacc122ed}, !- Handle
  {40512b8c-8301-44f6-a5f7-7638af420ebe}, !- Source Object
  3,                                      !- Outlet Port
  {30033234-ec24-4301-89d8-1205ed3b39dd}, !- Target Object
  6;                                      !- Inlet Port

OS:Node,
  {2108c2e5-74a6-4515-9e75-dec83a632cf4}, !- Handle
  Point_Of_Sale ZN PSZ-AC Relief Air Node, !- Name
  {8293ec8b-959e-43d2-8ee5-1d62d965d52a}, !- Inlet Port
  ;                                       !- Outlet Port

OS:Connection,
  {8293ec8b-959e-43d2-8ee5-1d62d965d52a}, !- Handle
  {30033234-ec24-4301-89d8-1205ed3b39dd}, !- Source Object
  7,                                      !- Outlet Port
  {2108c2e5-74a6-4515-9e75-dec83a632cf4}, !- Target Object
  2;                                      !- Inlet Port

OS:Node,
  {3ff3cfc9-7ae7-456a-98fc-4110e203ef8d}, !- Handle
  Point_Of_Sale ZN PSZ-AC Mixed Air Node, !- Name
  {bb784a44-6966-4ca7-a8e5-8bc9e45f1b5b}, !- Inlet Port
  {67b0a193-07ee-4609-8532-625abceac8f5}; !- Outlet Port

OS:Connection,
  {d37cdcef-52d3-491e-83fb-5c8a10307767}, !- Handle
  {76827878-043e-4dce-88a9-456f50d362ef}, !- Source Object
  3,                                      !- Outlet Port
  {30033234-ec24-4301-89d8-1205ed3b39dd}, !- Target Object
  8;                                      !- Inlet Port

OS:Connection,
  {bb784a44-6966-4ca7-a8e5-8bc9e45f1b5b}, !- Handle
  {30033234-ec24-4301-89d8-1205ed3b39dd}, !- Source Object
  5,                                      !- Outlet Port
  {3ff3cfc9-7ae7-456a-98fc-4110e203ef8d}, !- Target Object
  2;                                      !- Inlet Port

OS:Connection,
  {67b0a193-07ee-4609-8532-625abceac8f5}, !- Handle
  {3ff3cfc9-7ae7-456a-98fc-4110e203ef8d}, !- Source Object
  3,                                      !- Outlet Port
  {7fcebd37-2884-4dcb-b7d8-d2404f437f76}, !- Target Object
  6;                                      !- Inlet Port

OS:AvailabilityManager:NightCycle,
  {75a648b3-8e36-4722-8557-e81a0a56163d}, !- Handle
  Availability Manager Night Cycle 3,     !- Name
  {da075b50-9331-4adc-b033-2db36572d58e}, !- Applicability Schedule
  ,                                       !- Fan Schedule
  CycleOnAny,                             !- Control Type
  1,                                      !- Thermostat Tolerance {deltaC}
  ,                                       !- Cycling Run Time Control Type
  1800,                                   !- Cycling Run Time {s}
  {9b8a7c9e-a08e-4851-909a-3453fdfac5a3}, !- Control Zone or Zone List Name
  {383e8c4a-4ea3-4134-9a04-200394555902}, !- Cooling Control Zone or Zone List Name
  {a72bb0fa-838c-4da7-8457-728b198bee17}, !- Heating Control Zone or Zone List Name
  {9da35160-a663-497e-aa2b-79f6b076fa7b}; !- Heating Zone Fans Only Zone or Zone List Name

OS:ModelObjectList,
  {9b8a7c9e-a08e-4851-909a-3453fdfac5a3}, !- Handle
  Availability Manager Night Cycle 3 Control Zone List; !- Name

OS:ModelObjectList,
  {383e8c4a-4ea3-4134-9a04-200394555902}, !- Handle
  Availability Manager Night Cycle 3 Cooling Control Zone List; !- Name

OS:ModelObjectList,
  {a72bb0fa-838c-4da7-8457-728b198bee17}, !- Handle
  Availability Manager Night Cycle 3 Heating Control Zone List; !- Name

OS:ModelObjectList,
  {9da35160-a663-497e-aa2b-79f6b076fa7b}, !- Handle
  Availability Manager Night Cycle 3 Heating Zone Fans Only Zone List; !- Name

OS:AirTerminal:SingleDuct:ConstantVolume:NoReheat,
  {7d3371c6-a4ff-4d3d-8f70-27c4f44c5afb}, !- Handle
  Point_Of_Sale ZN PSZ-AC Diffuser,       !- Name
  {da075b50-9331-4adc-b033-2db36572d58e}, !- Availability Schedule Name
  {72edcf6e-c13c-48e7-9f5d-d85be9db94c8}, !- Air Inlet Node Name
  {63a53f98-16fd-4c16-98bc-e5164f2d4c87}, !- Air Outlet Node Name
  AutoSize;                               !- Maximum Air Flow Rate {m3/s}

OS:Node,
  {2329565e-41ee-4f47-a98d-b5e69c5c1234}, !- Handle
  Point_Of_Sale ZN Return Air Node,       !- Name
  {800e025f-765d-4cb0-a26f-92590acf94e5}, !- Inlet Port
  {bc26a8d6-6ce4-454f-9576-f91dc858a7fa}; !- Outlet Port

OS:Connection,
  {04d8fabd-80c6-4863-82b8-1c3040a33d01}, !- Handle
  {22d6761e-e7b3-4ce2-9105-0a1842e7e280}, !- Source Object
  3,                                      !- Outlet Port
  {f83c6466-c6e9-4a6a-b84b-9cc6567daff8}, !- Target Object
  2;                                      !- Inlet Port

OS:Connection,
  {800e025f-765d-4cb0-a26f-92590acf94e5}, !- Handle
  {5ecc600d-45eb-4ab1-a73a-ad57996f7687}, !- Source Object
  2,                                      !- Outlet Port
  {2329565e-41ee-4f47-a98d-b5e69c5c1234}, !- Target Object
  2;                                      !- Inlet Port

OS:Connection,
  {bc26a8d6-6ce4-454f-9576-f91dc858a7fa}, !- Handle
  {2329565e-41ee-4f47-a98d-b5e69c5c1234}, !- Source Object
  3,                                      !- Outlet Port
  {37bc20a4-d202-4a81-b56b-1015b85582cd}, !- Target Object
  3;                                      !- Inlet Port

OS:Node,
  {f0316442-4f73-4b96-9b28-3fb2e25fcdc6}, !- Handle
  Point_Of_Sale ZN PSZ-AC Diffuser Inlet Air Node, !- Name
  {5918f4c1-a55e-4e90-b264-e52815aff00f}, !- Inlet Port
  {72edcf6e-c13c-48e7-9f5d-d85be9db94c8}; !- Outlet Port

OS:Connection,
  {5918f4c1-a55e-4e90-b264-e52815aff00f}, !- Handle
  {9d97c903-aeca-423d-a28a-d127677f2d7b}, !- Source Object
  3,                                      !- Outlet Port
  {f0316442-4f73-4b96-9b28-3fb2e25fcdc6}, !- Target Object
  2;                                      !- Inlet Port

OS:Connection,
  {72edcf6e-c13c-48e7-9f5d-d85be9db94c8}, !- Handle
  {f0316442-4f73-4b96-9b28-3fb2e25fcdc6}, !- Source Object
  3,                                      !- Outlet Port
  {7d3371c6-a4ff-4d3d-8f70-27c4f44c5afb}, !- Target Object
  3;                                      !- Inlet Port

OS:Connection,
  {63a53f98-16fd-4c16-98bc-e5164f2d4c87}, !- Handle
  {7d3371c6-a4ff-4d3d-8f70-27c4f44c5afb}, !- Source Object
  4,                                      !- Outlet Port
  {22d6761e-e7b3-4ce2-9105-0a1842e7e280}, !- Target Object
  2;                                      !- Inlet Port

OS:AirLoopHVAC,
  {bb58a62f-fd95-4c11-9095-97798a3b6279}, !- Handle
  Front_Retail ZN PSZ-AC,                 !- Name
  ,                                       !- Controller List Name
  {af3782b3-c862-4d7b-9526-04c50cf52959}, !- Availability Schedule
  {fce0261c-70a8-44c3-8588-13fbaf382ea8}, !- Availability Manager List Name
  autosize,                               !- Design Supply Air Flow Rate {m3/s}
  1,                                      !- Design Return Air Flow Fraction of Supply Air Flow
  ,                                       !- Branch List Name
  ,                                       !- Connector List Name
  {e8d7a0f7-d79d-4e92-8729-97766d5fcacb}, !- Supply Side Inlet Node Name
  {9563dc41-a92f-4377-a719-dc22c71b6b5e}, !- Demand Side Outlet Node Name
  {f76fbb6a-f53a-4707-bd63-ba27eb55c4d7}, !- Demand Side Inlet Node A
  {77b40373-95f8-4cf5-86a3-6e3e7fd84702}, !- Supply Side Outlet Node A
  ,                                       !- Demand Side Inlet Node B
  ,                                       !- Supply Side Outlet Node B
  ,                                       !- Return Air Bypass Flow Temperature Setpoint Schedule Name
  {1e7e75ae-9470-4b97-bb94-139c5ba50177}, !- Demand Mixer Name
  {a798aa38-3720-4468-8892-e08b0852bdec}, !- Demand Splitter A Name
  ,                                       !- Demand Splitter B Name
  ;                                       !- Supply Splitter Name

OS:Node,
  {0fdf164b-9f3d-47ab-8105-61ee4696bed2}, !- Handle
  Front_Retail ZN PSZ-AC Supply Inlet Node, !- Name
  {e8d7a0f7-d79d-4e92-8729-97766d5fcacb}, !- Inlet Port
  {0bb89316-c7b8-4edb-9c84-db34651d3175}; !- Outlet Port

OS:Node,
  {c6777c3d-e912-4029-a895-9ed21e538fe9}, !- Handle
  Front_Retail ZN PSZ-AC Supply Outlet Node, !- Name
  {0964f408-42aa-412a-939d-c98eed59c508}, !- Inlet Port
  {77b40373-95f8-4cf5-86a3-6e3e7fd84702}; !- Outlet Port

OS:Connection,
  {e8d7a0f7-d79d-4e92-8729-97766d5fcacb}, !- Handle
  {bb58a62f-fd95-4c11-9095-97798a3b6279}, !- Source Object
  9,                                      !- Outlet Port
  {0fdf164b-9f3d-47ab-8105-61ee4696bed2}, !- Target Object
  2;                                      !- Inlet Port

OS:Connection,
  {77b40373-95f8-4cf5-86a3-6e3e7fd84702}, !- Handle
  {c6777c3d-e912-4029-a895-9ed21e538fe9}, !- Source Object
  3,                                      !- Outlet Port
  {bb58a62f-fd95-4c11-9095-97798a3b6279}, !- Target Object
  12;                                     !- Inlet Port

OS:Node,
  {b969baea-3e08-43ad-be14-43576acaa5a2}, !- Handle
  Front_Retail ZN PSZ-AC Demand Inlet Node, !- Name
  {f76fbb6a-f53a-4707-bd63-ba27eb55c4d7}, !- Inlet Port
  {32b43734-fd2f-43c7-b46e-b57644a0729f}; !- Outlet Port

OS:Node,
  {20430c37-bc0f-4b5e-b437-8780bcf320d7}, !- Handle
  Front_Retail ZN PSZ-AC Demand Outlet Node, !- Name
  {54bc73dc-fa36-4a1c-a015-03f68845afd2}, !- Inlet Port
  {9563dc41-a92f-4377-a719-dc22c71b6b5e}; !- Outlet Port

OS:Node,
  {278fdf72-a297-4814-8198-7ba9cba82edc}, !- Handle
  Front_Retail ZN PSZ-AC Diffuser Outlet Air Node, !- Name
  {ab05c0a6-85fa-40ec-a8f0-34f3494617e2}, !- Inlet Port
  {e1913982-94c5-4195-9410-b35a0e4bb209}; !- Outlet Port

OS:Connection,
  {f76fbb6a-f53a-4707-bd63-ba27eb55c4d7}, !- Handle
  {bb58a62f-fd95-4c11-9095-97798a3b6279}, !- Source Object
  11,                                     !- Outlet Port
  {b969baea-3e08-43ad-be14-43576acaa5a2}, !- Target Object
  2;                                      !- Inlet Port

OS:Connection,
  {9563dc41-a92f-4377-a719-dc22c71b6b5e}, !- Handle
  {20430c37-bc0f-4b5e-b437-8780bcf320d7}, !- Source Object
  3,                                      !- Outlet Port
  {bb58a62f-fd95-4c11-9095-97798a3b6279}, !- Target Object
  10;                                     !- Inlet Port

OS:AirLoopHVAC:ZoneSplitter,
  {a798aa38-3720-4468-8892-e08b0852bdec}, !- Handle
  Air Loop HVAC Zone Splitter 4,          !- Name
  {32b43734-fd2f-43c7-b46e-b57644a0729f}, !- Inlet Node Name
  {099fa1ba-33de-49d9-bcaf-5ffa14b32fff}; !- Outlet Node Name 1

OS:AirLoopHVAC:ZoneMixer,
  {1e7e75ae-9470-4b97-bb94-139c5ba50177}, !- Handle
  Air Loop HVAC Zone Mixer 4,             !- Name
  {54bc73dc-fa36-4a1c-a015-03f68845afd2}, !- Outlet Node Name
  {fe46da0e-fbd2-43d9-834b-f039103a9b41}; !- Inlet Node Name 1

OS:Connection,
  {32b43734-fd2f-43c7-b46e-b57644a0729f}, !- Handle
  {b969baea-3e08-43ad-be14-43576acaa5a2}, !- Source Object
  3,                                      !- Outlet Port
  {a798aa38-3720-4468-8892-e08b0852bdec}, !- Target Object
  2;                                      !- Inlet Port

OS:Connection,
  {54bc73dc-fa36-4a1c-a015-03f68845afd2}, !- Handle
  {1e7e75ae-9470-4b97-bb94-139c5ba50177}, !- Source Object
  2,                                      !- Outlet Port
  {20430c37-bc0f-4b5e-b437-8780bcf320d7}, !- Target Object
  2;                                      !- Inlet Port

OS:Sizing:System,
  {5d77ce93-9a7a-402f-9de1-b814edb1379e}, !- Handle
  {bb58a62f-fd95-4c11-9095-97798a3b6279}, !- AirLoop Name
  Sensible,                               !- Type of Load to Size On
  Autosize,                               !- Design Outdoor Air Flow Rate {m3/s}
  1,                                      !- Central Heating Maximum System Air Flow Ratio
  7.22222222222229,                       !- Preheat Design Temperature {C}
  0.008,                                  !- Preheat Design Humidity Ratio {kg-H2O/kg-Air}
  12.7777777777778,                       !- Precool Design Temperature {C}
  0.008,                                  !- Precool Design Humidity Ratio {kg-H2O/kg-Air}
  12.7777777777778,                       !- Central Cooling Design Supply Air Temperature {C}
  50.0000000000001,                       !- Central Heating Design Supply Air Temperature {C}
  Coincident,                             !- Sizing Option
  No,                                     !- 100% Outdoor Air in Cooling
  No,                                     !- 100% Outdoor Air in Heating
  0.0085,                                 !- Central Cooling Design Supply Air Humidity Ratio {kg-H2O/kg-Air}
  0.008,                                  !- Central Heating Design Supply Air Humidity Ratio {kg-H2O/kg-Air}
  DesignDay,                              !- Cooling Design Air Flow Method
  ,                                       !- Cooling Design Air Flow Rate {m3/s}
  DesignDay,                              !- Heating Design Air Flow Method
  ,                                       !- Heating Design Air Flow Rate {m3/s}
  ZoneSum,                                !- System Outdoor Air Method
  1,                                      !- Zone Maximum Outdoor Air Fraction {dimensionless}
  0.0099676501,                           !- Cooling Supply Air Flow Rate Per Floor Area {m3/s-m2}
  1,                                      !- Cooling Fraction of Autosized Cooling Supply Air Flow Rate
  3.9475456e-05,                          !- Cooling Supply Air Flow Rate Per Unit Cooling Capacity {m3/s-W}
  0.0099676501,                           !- Heating Supply Air Flow Rate Per Floor Area {m3/s-m2}
  1,                                      !- Heating Fraction of Autosized Heating Supply Air Flow Rate
  1,                                      !- Heating Fraction of Autosized Cooling Supply Air Flow Rate
  3.1588213e-05,                          !- Heating Supply Air Flow Rate Per Unit Heating Capacity {m3/s-W}
  CoolingDesignCapacity,                  !- Cooling Design Capacity Method
  autosize,                               !- Cooling Design Capacity {W}
  234.7,                                  !- Cooling Design Capacity Per Floor Area {W/m2}
  1,                                      !- Fraction of Autosized Cooling Design Capacity
  HeatingDesignCapacity,                  !- Heating Design Capacity Method
  autosize,                               !- Heating Design Capacity {W}
  157,                                    !- Heating Design Capacity Per Floor Area {W/m2}
  1,                                      !- Fraction of Autosized Heating Design Capacity
  OnOff,                                  !- Central Cooling Capacity Control Method
  autosize,                               !- Occupant Diversity
  None,                                   !- Heating Coil Sizing Method
  1;                                      !- Maximum Heating Capacity To Cooling Capacity Sizing Ratio {W/W}

OS:AvailabilityManagerAssignmentList,
  {fce0261c-70a8-44c3-8588-13fbaf382ea8}, !- Handle
  Air Loop HVAC 1 AvailabilityManagerAssignmentList 3, !- Name
  {089ecf94-50ed-42ed-9ac5-f72bd57d5447}; !- Availability Manager Name 1

OS:SetpointManager:SingleZone:Reheat,
  {32875681-1b42-4606-a54c-80abee3a65d6}, !- Handle
  Front_Retail ZN Setpoint Manager SZ Reheat, !- Name
  12.7777777777778,                       !- Minimum Supply Air Temperature {C}
  50.0000000000001,                       !- Maximum Supply Air Temperature {C}
  {f881e34a-2ae1-43da-bd34-e895f53ea752}, !- Control Zone Name
  {c6777c3d-e912-4029-a895-9ed21e538fe9}; !- Setpoint Node or NodeList Name

OS:Coil:Heating:Gas,
  {2867ae0a-b7fa-41c8-9e37-85a962a60271}, !- Handle
  Front_Retail ZN PSZ-AC Gas Htg Coil 135kBtu/hr 0.8 Thermal Eff, !- Name
  {da075b50-9331-4adc-b033-2db36572d58e}, !- Availability Schedule Name
  0.8,                                    !- Gas Burner Efficiency
  AutoSize,                               !- Nominal Capacity {W}
  ,                                       !- Air Inlet Node Name
  ,                                       !- Air Outlet Node Name
  ,                                       !- Temperature Setpoint Node Name
  0,                                      !- On Cycle Parasitic Electric Load {W}
  ,                                       !- Part Load Fraction Correlation Curve Name
  0;                                      !- Off Cycle Parasitic Gas Load {W}

OS:Coil:Heating:Electric,
  {7c687cb8-316f-4431-83fe-9cff31e019af}, !- Handle
  Front_Retail ZN PSZ-AC No Heat,         !- Name
  {3613d908-4e29-41e0-93b1-5cf995563df0}, !- Availability Schedule Name
  1,                                      !- Efficiency
  0,                                      !- Nominal Capacity {W}
  ,                                       !- Air Inlet Node Name
  ;                                       !- Air Outlet Node Name

OS:Coil:Cooling:DX:TwoSpeed,
  {e631367e-7909-419a-8138-c0e9414e5a83}, !- Handle
  Front_Retail ZN PSZ-AC 2spd DX AC Clg Coil 75kBtu/hr 11EER, !- Name
  {da075b50-9331-4adc-b033-2db36572d58e}, !- Availability Schedule Name
  Autosize,                               !- Rated High Speed Total Cooling Capacity {W}
  Autosize,                               !- Rated High Speed Sensible Heat Ratio
  3.79975201351641,                       !- Rated High Speed COP {W/W}
  Autosize,                               !- Rated High Speed Air Flow Rate {m3/s}
  773.3,                                  !- Rated High Speed Evaporator Fan Power Per Volume Flow Rate 2017 {W/(m3/s)}
  934.4,                                  !- Rated High Speed Evaporator Fan Power Per Volume Flow Rate 2023 {W/(m3/s)}
  773.3,                                  !- Unit Internal Static Air Pressure {Pa}
  ,                                       !- Air Inlet Node Name
  ,                                       !- Air Outlet Node Name
  {f3261872-d5c3-4780-9849-f29e86149418}, !- Total Cooling Capacity Function of Temperature Curve Name
  {b0e8e98d-cba7-494e-8aa1-11c871a1a1e1}, !- Total Cooling Capacity Function of Flow Fraction Curve Name
  {87787f45-f034-40a2-bb84-4b8b684b5294}, !- Energy Input Ratio Function of Temperature Curve Name
  {87d160f8-34cc-4f7e-8b27-4e91177e639a}, !- Energy Input Ratio Function of Flow Fraction Curve Name
  {d7b10063-973b-4ed9-8a74-a7048a5d971f}, !- Part Load Fraction Correlation Curve Name
  Autosize,                               !- Rated Low Speed Total Cooling Capacity {W}
  0.69,                                   !- Rated Low Speed Sensible Heat Ratio
  3.79975201351641,                       !- Rated Low Speed COP {W/W}
  Autosize,                               !- Rated Low Speed Air Flow Rate {m3/s}
  773.3,                                  !- Rated Low Speed Evaporator Fan Power Per Volume Flow Rate 2017 {W/(m3/s)}
  934.4,                                  !- Rated Low Speed Evaporator Fan Power Per Volume Flow Rate 2023 {W/(m3/s)}
  {f3261872-d5c3-4780-9849-f29e86149418}, !- Low Speed Total Cooling Capacity Function of Temperature Curve Name
  {87787f45-f034-40a2-bb84-4b8b684b5294}, !- Low Speed Energy Input Ratio Function of Temperature Curve Name
  ,                                       !- Condenser Air Inlet Node Name
  AirCooled,                              !- Condenser Type
  -25,                                    !- Minimum Outdoor Dry-Bulb Temperature for Compressor Operation {C}
  0.9,                                    !- High Speed Evaporative Condenser Effectiveness {dimensionless}
  Autosize,                               !- High Speed Evaporative Condenser Air Flow Rate {m3/s}
  Autosize,                               !- High Speed Evaporative Condenser Pump Rated Power Consumption {W}
  0.9,                                    !- Low Speed Evaporative Condenser Effectiveness {dimensionless}
  Autosize,                               !- Low Speed Evaporative Condenser Air Flow Rate {m3/s}
  Autosize,                               !- Low Speed Evaporative Condenser Pump Rated Power Consumption {W}
  ,                                       !- Supply Water Storage Tank Name
  ,                                       !- Condensate Collection Water Storage Tank Name
  10,                                     !- Basin Heater Capacity {W/K}
  2,                                      !- Basin Heater Setpoint Temperature {C}
  ;                                       !- Basin Heater Operating Schedule Name

OS:Fan:OnOff,
  {0b64dcab-ba20-406e-b6d6-b047f8c89217}, !- Handle
  Front_Retail ZN PSZ-AC Fan,             !- Name
  {da075b50-9331-4adc-b033-2db36572d58e}, !- Availability Schedule Name
  0.546,                                  !- Fan Total Efficiency
  622.722275,                             !- Pressure Rise {Pa}
  autosize,                               !- Maximum Flow Rate {m3/s}
  0.84,                                   !- Motor Efficiency
  1,                                      !- Motor In Airstream Fraction
  ,                                       !- Air Inlet Node Name
  ,                                       !- Air Outlet Node Name
  {de3bf753-0044-47e5-b258-65c11db86653}, !- Fan Power Ratio Function of Speed Ratio Curve Name
  {e67932a4-d35a-4d9d-896a-6c1fdd202ec1}, !- Fan Efficiency Ratio Function of Speed Ratio Curve Name
  ;                                       !- End-Use Subcategory

OS:Curve:Exponent,
  {de3bf753-0044-47e5-b258-65c11db86653}, !- Handle
  Fan On Off Power Curve 3,               !- Name
  1,                                      !- Coefficient1 Constant
  0,                                      !- Coefficient2 Constant
  0,                                      !- Coefficient3 Constant
  0,                                      !- Minimum Value of x
  1,                                      !- Maximum Value of x
  ,                                       !- Minimum Curve Output
  ,                                       !- Maximum Curve Output
  ,                                       !- Input Unit Type for X
  ;                                       !- Output Unit Type

OS:Curve:Cubic,
  {e67932a4-d35a-4d9d-896a-6c1fdd202ec1}, !- Handle
  Fan On Off Efficiency Curve 3,          !- Name
  1,                                      !- Coefficient1 Constant
  0,                                      !- Coefficient2 x
  0,                                      !- Coefficient3 x**2
  0,                                      !- Coefficient4 x**3
  0,                                      !- Minimum Value of x
  1;                                      !- Maximum Value of x

OS:AirLoopHVAC:UnitarySystem,
  {f6f6f332-3ea4-4142-afca-0faaed999954}, !- Handle
  Front_Retail ZN PSZ-AC Unitary AC,      !- Name
  Load,                                   !- Control Type
  {f881e34a-2ae1-43da-bd34-e895f53ea752}, !- Controlling Zone or Thermostat Location
  None,                                   !- Dehumidification Control Type
  {af3782b3-c862-4d7b-9526-04c50cf52959}, !- Availability Schedule Name
  {f0d15dee-9dd3-4adf-b418-953a06ef9771}, !- Air Inlet Node Name
  {0964f408-42aa-412a-939d-c98eed59c508}, !- Air Outlet Node Name
  {0b64dcab-ba20-406e-b6d6-b047f8c89217}, !- Supply Fan Name
  DrawThrough,                            !- Fan Placement
  {af3782b3-c862-4d7b-9526-04c50cf52959}, !- Supply Air Fan Operating Mode Schedule Name
  {2867ae0a-b7fa-41c8-9e37-85a962a60271}, !- Heating Coil Name
  1,                                      !- DX Heating Coil Sizing Ratio
  {e631367e-7909-419a-8138-c0e9414e5a83}, !- Cooling Coil Name
  No,                                     !- Use DOAS DX Cooling Coil
  2,                                      !- DOAS DX Cooling Coil Leaving Minimum Air Temperature {C}
  SensibleOnlyLoadControl,                !- Latent Load Control
  {7c687cb8-316f-4431-83fe-9cff31e019af}, !- Supplemental Heating Coil Name
  SupplyAirFlowRate,                      !- Supply Air Flow Rate Method During Cooling Operation
  Autosize,                               !- Supply Air Flow Rate During Cooling Operation {m3/s}
  ,                                       !- Supply Air Flow Rate Per Floor Area During Cooling Operation {m3/s-m2}
  ,                                       !- Fraction of Autosized Design Cooling Supply Air Flow Rate
  ,                                       !- Design Supply Air Flow Rate Per Unit of Capacity During Cooling Operation {m3/s-W}
  SupplyAirFlowRate,                      !- Supply Air Flow Rate Method During Heating Operation
  Autosize,                               !- Supply Air Flow Rate During Heating Operation {m3/s}
  ,                                       !- Supply Air Flow Rate Per Floor Area during Heating Operation {m3/s-m2}
  ,                                       !- Fraction of Autosized Design Heating Supply Air Flow Rate
  ,                                       !- Design Supply Air Flow Rate Per Unit of Capacity During Heating Operation {m3/s-W}
  None,                                   !- Supply Air Flow Rate Method When No Cooling or Heating is Required
  ,                                       !- Supply Air Flow Rate When No Cooling or Heating is Required {m3/s}
  ,                                       !- Supply Air Flow Rate Per Floor Area When No Cooling or Heating is Required {m3/s-m2}
  ,                                       !- Fraction of Autosized Design Cooling Supply Air Flow Rate When No Cooling or Heating is Required
  ,                                       !- Fraction of Autosized Design Heating Supply Air Flow Rate When No Cooling or Heating is Required
  ,                                       !- Design Supply Air Flow Rate Per Unit of Capacity During Cooling Operation When No Cooling or Heating is Required {m3/s-W}
  ,                                       !- Design Supply Air Flow Rate Per Unit of Capacity During Heating Operation When No Cooling or Heating is Required {m3/s-W}
  Yes,                                    !- No Load Supply Air Flow Rate Control Set To Low Speed
  80,                                     !- Maximum Supply Air Temperature {C}
  21,                                     !- Maximum Outdoor Dry-Bulb Temperature for Supplemental Heater Operation {C}
  ,                                       !- Outdoor Dry-Bulb Temperature Sensor Node Name
  0,                                      !- Ancilliary On-Cycle Electric Power {W}
  0;                                      !- Ancilliary Off-Cycle Electric Power {W}

OS:Connection,
  {0964f408-42aa-412a-939d-c98eed59c508}, !- Handle
  {f6f6f332-3ea4-4142-afca-0faaed999954}, !- Source Object
  7,                                      !- Outlet Port
  {c6777c3d-e912-4029-a895-9ed21e538fe9}, !- Target Object
  2;                                      !- Inlet Port

OS:Controller:OutdoorAir,
  {643fd7c8-973d-47c3-882f-c156306fac1e}, !- Handle
  Front_Retail ZN PSZ-AC OA System Controller, !- Name
  ,                                       !- Relief Air Outlet Node Name
  ,                                       !- Return Air Node Name
  ,                                       !- Mixed Air Node Name
  ,                                       !- Actuator Node Name
  autosize,                               !- Minimum Outdoor Air Flow Rate {m3/s}
  Autosize,                               !- Maximum Outdoor Air Flow Rate {m3/s}
  NoEconomizer,                           !- Economizer Control Type
  ModulateFlow,                           !- Economizer Control Action Type
  28,                                     !- Economizer Maximum Limit Dry-Bulb Temperature {C}
  64000,                                  !- Economizer Maximum Limit Enthalpy {J/kg}
  ,                                       !- Economizer Maximum Limit Dewpoint Temperature {C}
  ,                                       !- Electronic Enthalpy Limit Curve Name
  ,                                       !- Economizer Minimum Limit Dry-Bulb Temperature {C}
  LockoutWithCompressor,                  !- Lockout Type
  FixedMinimum,                           !- Minimum Limit Type
  {da075b50-9331-4adc-b033-2db36572d58e}, !- Minimum Outdoor Air Schedule Name
  ,                                       !- Minimum Fraction of Outdoor Air Schedule Name
  {3e9e50de-b1a8-4969-87b1-45bc11cb9863}, !- Maximum Fraction of Outdoor Air Schedule Name
  {006d1516-0b62-4494-9173-b1552a9ad3a5}, !- Controller Mechanical Ventilation
  ,                                       !- Time of Day Economizer Control Schedule Name
  No,                                     !- High Humidity Control
  ,                                       !- Humidistat Control Zone Name
  1,                                      !- High Humidity Outdoor Air Flow Ratio
  Yes,                                    !- Control High Indoor Humidity Based on Outdoor Humidity Ratio
  BypassWhenWithinEconomizerLimits,       !- Heat Recovery Bypass Control Type
  InterlockedWithMechanicalCooling;       !- Economizer Operation Staging

OS:Controller:MechanicalVentilation,
  {006d1516-0b62-4494-9173-b1552a9ad3a5}, !- Handle
  Controller Mechanical Ventilation 4,    !- Name
  {da075b50-9331-4adc-b033-2db36572d58e}, !- Availability Schedule
  ,                                       !- Demand Controlled Ventilation
  ;                                       !- System Outdoor Air Method

OS:AirLoopHVAC:OutdoorAirSystem,
  {07e8f6af-2b56-4e1c-8240-72b48f558e85}, !- Handle
  Front_Retail ZN PSZ-AC OA System,       !- Name
  {643fd7c8-973d-47c3-882f-c156306fac1e}, !- Controller Name
  ,                                       !- Outdoor Air Equipment List Name
  ,                                       !- Availability Manager List Name
  {3ccaea9b-e260-4340-b3a1-a0e75504f0e5}, !- Mixed Air Node Name
  {33dcd9e6-1824-431c-9e30-16271c6be0c2}, !- Outdoor Air Stream Node Name
  {4d845de3-7678-43e0-a808-d588af4f6e91}, !- Relief Air Stream Node Name
  {0bb89316-c7b8-4edb-9c84-db34651d3175}; !- Return Air Stream Node Name

OS:Node,
  {bca7bef0-ee23-4e5d-a371-cdaeba53985a}, !- Handle
  Front_Retail ZN PSZ-AC Outdoor Air Node, !- Name
  ,                                       !- Inlet Port
  {33dcd9e6-1824-431c-9e30-16271c6be0c2}; !- Outlet Port

OS:Connection,
  {33dcd9e6-1824-431c-9e30-16271c6be0c2}, !- Handle
  {bca7bef0-ee23-4e5d-a371-cdaeba53985a}, !- Source Object
  3,                                      !- Outlet Port
  {07e8f6af-2b56-4e1c-8240-72b48f558e85}, !- Target Object
  6;                                      !- Inlet Port

OS:Node,
  {a61c66e4-eaee-4669-90dc-8223acf948c9}, !- Handle
  Front_Retail ZN PSZ-AC Relief Air Node, !- Name
  {4d845de3-7678-43e0-a808-d588af4f6e91}, !- Inlet Port
  ;                                       !- Outlet Port

OS:Connection,
  {4d845de3-7678-43e0-a808-d588af4f6e91}, !- Handle
  {07e8f6af-2b56-4e1c-8240-72b48f558e85}, !- Source Object
  7,                                      !- Outlet Port
  {a61c66e4-eaee-4669-90dc-8223acf948c9}, !- Target Object
  2;                                      !- Inlet Port

OS:Node,
  {f268ea41-fcd0-4848-9d3a-8c0a60805d49}, !- Handle
  Front_Retail ZN PSZ-AC Mixed Air Node,  !- Name
  {3ccaea9b-e260-4340-b3a1-a0e75504f0e5}, !- Inlet Port
  {f0d15dee-9dd3-4adf-b418-953a06ef9771}; !- Outlet Port

OS:Connection,
  {0bb89316-c7b8-4edb-9c84-db34651d3175}, !- Handle
  {0fdf164b-9f3d-47ab-8105-61ee4696bed2}, !- Source Object
  3,                                      !- Outlet Port
  {07e8f6af-2b56-4e1c-8240-72b48f558e85}, !- Target Object
  8;                                      !- Inlet Port

OS:Connection,
  {3ccaea9b-e260-4340-b3a1-a0e75504f0e5}, !- Handle
  {07e8f6af-2b56-4e1c-8240-72b48f558e85}, !- Source Object
  5,                                      !- Outlet Port
  {f268ea41-fcd0-4848-9d3a-8c0a60805d49}, !- Target Object
  2;                                      !- Inlet Port

OS:Connection,
  {f0d15dee-9dd3-4adf-b418-953a06ef9771}, !- Handle
  {f268ea41-fcd0-4848-9d3a-8c0a60805d49}, !- Source Object
  3,                                      !- Outlet Port
  {f6f6f332-3ea4-4142-afca-0faaed999954}, !- Target Object
  6;                                      !- Inlet Port

OS:AvailabilityManager:NightCycle,
  {089ecf94-50ed-42ed-9ac5-f72bd57d5447}, !- Handle
  Availability Manager Night Cycle 4,     !- Name
  {da075b50-9331-4adc-b033-2db36572d58e}, !- Applicability Schedule
  ,                                       !- Fan Schedule
  CycleOnAny,                             !- Control Type
  1,                                      !- Thermostat Tolerance {deltaC}
  ,                                       !- Cycling Run Time Control Type
  1800,                                   !- Cycling Run Time {s}
  {9236f8d0-4b7f-47b2-bd45-86de0d777199}, !- Control Zone or Zone List Name
  {bccb64f3-7865-4e16-b6c6-52b5c6589e72}, !- Cooling Control Zone or Zone List Name
  {0c078793-704e-448e-b6c3-54f76770b76a}, !- Heating Control Zone or Zone List Name
  {237c53b2-3805-4db6-9a6d-5371ba092b1c}; !- Heating Zone Fans Only Zone or Zone List Name

OS:ModelObjectList,
  {9236f8d0-4b7f-47b2-bd45-86de0d777199}, !- Handle
  Availability Manager Night Cycle 4 Control Zone List; !- Name

OS:ModelObjectList,
  {bccb64f3-7865-4e16-b6c6-52b5c6589e72}, !- Handle
  Availability Manager Night Cycle 4 Cooling Control Zone List; !- Name

OS:ModelObjectList,
  {0c078793-704e-448e-b6c3-54f76770b76a}, !- Handle
  Availability Manager Night Cycle 4 Heating Control Zone List; !- Name

OS:ModelObjectList,
  {237c53b2-3805-4db6-9a6d-5371ba092b1c}, !- Handle
  Availability Manager Night Cycle 4 Heating Zone Fans Only Zone List; !- Name

OS:AirTerminal:SingleDuct:ConstantVolume:NoReheat,
  {934ee172-f2d0-4ee8-85e4-5282ce5caad4}, !- Handle
  Front_Retail ZN PSZ-AC Diffuser,        !- Name
  {da075b50-9331-4adc-b033-2db36572d58e}, !- Availability Schedule Name
  {87b336e6-d20f-4194-90b9-39f75078756f}, !- Air Inlet Node Name
  {ab05c0a6-85fa-40ec-a8f0-34f3494617e2}, !- Air Outlet Node Name
  AutoSize;                               !- Maximum Air Flow Rate {m3/s}

OS:Node,
  {3788421c-c915-4474-bdce-562ee9fca629}, !- Handle
  Front_Retail ZN Return Air Node,        !- Name
  {15915603-7258-4203-9ece-78ed9860b224}, !- Inlet Port
  {fe46da0e-fbd2-43d9-834b-f039103a9b41}; !- Outlet Port

OS:Connection,
  {e1913982-94c5-4195-9410-b35a0e4bb209}, !- Handle
  {278fdf72-a297-4814-8198-7ba9cba82edc}, !- Source Object
  3,                                      !- Outlet Port
  {36a883b8-5301-415d-9fb5-7de18f58a6b2}, !- Target Object
  2;                                      !- Inlet Port

OS:Connection,
  {15915603-7258-4203-9ece-78ed9860b224}, !- Handle
  {9733c43d-e90c-45f2-addf-614de9bc5143}, !- Source Object
  2,                                      !- Outlet Port
  {3788421c-c915-4474-bdce-562ee9fca629}, !- Target Object
  2;                                      !- Inlet Port

OS:Connection,
  {fe46da0e-fbd2-43d9-834b-f039103a9b41}, !- Handle
  {3788421c-c915-4474-bdce-562ee9fca629}, !- Source Object
  3,                                      !- Outlet Port
  {1e7e75ae-9470-4b97-bb94-139c5ba50177}, !- Target Object
  3;                                      !- Inlet Port

OS:Node,
  {70ffa8f1-201e-4b84-96a4-de9f762618ed}, !- Handle
  Front_Retail ZN PSZ-AC Diffuser Inlet Air Node, !- Name
  {099fa1ba-33de-49d9-bcaf-5ffa14b32fff}, !- Inlet Port
  {87b336e6-d20f-4194-90b9-39f75078756f}; !- Outlet Port

OS:Connection,
  {099fa1ba-33de-49d9-bcaf-5ffa14b32fff}, !- Handle
  {a798aa38-3720-4468-8892-e08b0852bdec}, !- Source Object
  3,                                      !- Outlet Port
  {70ffa8f1-201e-4b84-96a4-de9f762618ed}, !- Target Object
  2;                                      !- Inlet Port

OS:Connection,
  {87b336e6-d20f-4194-90b9-39f75078756f}, !- Handle
  {70ffa8f1-201e-4b84-96a4-de9f762618ed}, !- Source Object
  3,                                      !- Outlet Port
  {934ee172-f2d0-4ee8-85e4-5282ce5caad4}, !- Target Object
  3;                                      !- Inlet Port

OS:Connection,
  {ab05c0a6-85fa-40ec-a8f0-34f3494617e2}, !- Handle
  {934ee172-f2d0-4ee8-85e4-5282ce5caad4}, !- Source Object
  4,                                      !- Outlet Port
  {278fdf72-a297-4814-8198-7ba9cba82edc}, !- Target Object
  2;                                      !- Inlet Port

OS:Schedule:Ruleset,
  {324b25a2-9398-4a2c-aa99-76906bf8d944}, !- Handle
  RetailStandalone FrontEntry_FanSched,   !- Name
  {9b1a13e1-74b8-402a-a517-357efea8cfd7}, !- Schedule Type Limits Name
  {1ccd4c6f-62c3-4ee6-8055-0af6f440cfd1}, !- Default Day Schedule Name
  {107b91aa-7f27-4eb3-956e-69305b52a569}, !- Summer Design Day Schedule Name
  {e8040088-8ed3-4080-8430-88ab3d8811fb}; !- Winter Design Day Schedule Name

OS:Schedule:Day,
  {1ccd4c6f-62c3-4ee6-8055-0af6f440cfd1}, !- Handle
  RetailStandalone FrontEntry_FanSched Default, !- Name
  {9b1a13e1-74b8-402a-a517-357efea8cfd7}, !- Schedule Type Limits Name
  No,                                     !- Interpolate to Timestep
  24,                                     !- Hour 1
  0,                                      !- Minute 1
  1;                                      !- Value Until Time 1

OS:Schedule:Day,
  {e8040088-8ed3-4080-8430-88ab3d8811fb}, !- Handle
  RetailStandalone FrontEntry_FanSched Winter Design Day, !- Name
  {9b1a13e1-74b8-402a-a517-357efea8cfd7}, !- Schedule Type Limits Name
  No,                                     !- Interpolate to Timestep
  24,                                     !- Hour 1
  0,                                      !- Minute 1
  1;                                      !- Value Until Time 1

OS:Schedule:Day,
  {107b91aa-7f27-4eb3-956e-69305b52a569}, !- Handle
  RetailStandalone FrontEntry_FanSched Summer Design Day, !- Name
  {9b1a13e1-74b8-402a-a517-357efea8cfd7}, !- Schedule Type Limits Name
  No,                                     !- Interpolate to Timestep
  24,                                     !- Hour 1
  0,                                      !- Minute 1
  1;                                      !- Value Until Time 1

OS:Fan:ConstantVolume,
  {8b7cba47-eadc-4a09-a946-787ba1dce5d7}, !- Handle
  Front_Entry ZN UnitHeater Fan,          !- Name
  {324b25a2-9398-4a2c-aa99-76906bf8d944}, !- Availability Schedule Name
  0.53625,                                !- Fan Total Efficiency
  49.817782,                              !- Pressure Rise {Pa}
  AutoSize,                               !- Maximum Flow Rate {m3/s}
  0.825,                                  !- Motor Efficiency
  1,                                      !- Motor In Airstream Fraction
  ,                                       !- Air Inlet Node Name
  ,                                       !- Air Outlet Node Name
  ;                                       !- End-Use Subcategory

OS:Coil:Heating:Gas,
  {b94ddd80-1380-48fb-9251-2089904c98e5}, !- Handle
  Front_Entry ZN UnitHeater Gas Htg Coil 140kBtu/hr 0.8 Thermal Eff, !- Name
  {324b25a2-9398-4a2c-aa99-76906bf8d944}, !- Availability Schedule Name
  0.8,                                    !- Gas Burner Efficiency
  AutoSize,                               !- Nominal Capacity {W}
  ,                                       !- Air Inlet Node Name
  ,                                       !- Air Outlet Node Name
  ,                                       !- Temperature Setpoint Node Name
  0,                                      !- On Cycle Parasitic Electric Load {W}
  ,                                       !- Part Load Fraction Correlation Curve Name
  0;                                      !- Off Cycle Parasitic Gas Load {W}

OS:ZoneHVAC:UnitHeater,
  {2e5b858f-dff2-47bf-9b47-34232de12493}, !- Handle
  Front_Entry ZN Unit Heater,             !- Name
  {324b25a2-9398-4a2c-aa99-76906bf8d944}, !- Availability Schedule Name
  {2b7218ef-5ce3-4245-92d1-8d2e6c666640}, !- Air Inlet Node Name
  {92d688ba-8ba3-4ba4-bc2d-d439dfc400e4}, !- Air Outlet Node Name
  {8b7cba47-eadc-4a09-a946-787ba1dce5d7}, !- Supply Air Fan Name
  autosize,                               !- Maximum Supply Air Flow Rate {m3/s}
  OnOff,                                  !- Fan Control Type
  {b94ddd80-1380-48fb-9251-2089904c98e5}, !- Heating Coil Name
  autosize,                               !- Maximum Hot Water Flow Rate {m3/s}
  0,                                      !- Minimum Hot Water Flow Rate {m3/s}
  0.001,                                  !- Heating Convergence Tolerance
  ;                                       !- Availability Manager List Name

OS:Node,
  {2b6861ae-2536-41cf-a6e0-7025e27a9caf}, !- Handle
  Front_Entry ZN Unit Heater Inlet Air Node, !- Name
  {ad6a9185-2f8d-47b9-a611-2f5fd77b2cd9}, !- Inlet Port
  {2b7218ef-5ce3-4245-92d1-8d2e6c666640}; !- Outlet Port

OS:Connection,
  {ad6a9185-2f8d-47b9-a611-2f5fd77b2cd9}, !- Handle
  {21484843-daa2-422a-81ae-af1df8c223f7}, !- Source Object
  2,                                      !- Outlet Port
  {2b6861ae-2536-41cf-a6e0-7025e27a9caf}, !- Target Object
  2;                                      !- Inlet Port

OS:Connection,
  {2b7218ef-5ce3-4245-92d1-8d2e6c666640}, !- Handle
  {2b6861ae-2536-41cf-a6e0-7025e27a9caf}, !- Source Object
  3,                                      !- Outlet Port
  {2e5b858f-dff2-47bf-9b47-34232de12493}, !- Target Object
  3;                                      !- Inlet Port

OS:Node,
  {65e0bce9-a0cc-4370-bfb3-dab5c74c6fb6}, !- Handle
  Front_Entry ZN Unit Heater Outlet Air Node, !- Name
  {92d688ba-8ba3-4ba4-bc2d-d439dfc400e4}, !- Inlet Port
  {5b8c369f-a5b6-4906-8819-d4cd1fbbc3cc}; !- Outlet Port

OS:Connection,
  {5b8c369f-a5b6-4906-8819-d4cd1fbbc3cc}, !- Handle
  {65e0bce9-a0cc-4370-bfb3-dab5c74c6fb6}, !- Source Object
  3,                                      !- Outlet Port
  {aa279f49-f803-49a2-8eef-b4120bc3b396}, !- Target Object
  2;                                      !- Inlet Port

OS:Connection,
  {92d688ba-8ba3-4ba4-bc2d-d439dfc400e4}, !- Handle
  {2e5b858f-dff2-47bf-9b47-34232de12493}, !- Source Object
  4,                                      !- Outlet Port
  {65e0bce9-a0cc-4370-bfb3-dab5c74c6fb6}, !- Target Object
  2;                                      !- Inlet Port

OS:Material:NoMass,
  {bac03754-d88a-4c24-b03f-539875ca6e41}, !- Handle
  CP02 CARPET PAD,                        !- Name
  VeryRough,                              !- Roughness
  0.21648,                                !- Thermal Resistance {m2-K/W}
  0.9,                                    !- Thermal Absorptance
  0.7,                                    !- Solar Absorptance
  0.8;                                    !- Visible Absorptance

OS:Material,
  {fae2ff98-5bbd-4309-810c-f38d4bba3a79}, !- Handle
  100mm Normalweight concrete floor,      !- Name
  MediumSmooth,                           !- Roughness
  0.1016,                                 !- Thickness {m}
  2.31,                                   !- Conductivity {W/m-K}
  2322,                                   !- Density {kg/m3}
  832;                                    !- Specific Heat {J/kg-K}

OS:Material:NoMass,
  {f7c81510-2788-4771-8d3e-e323d7e015ee}, !- Handle
  Nonres_Floor_Insulation,                !- Name
  MediumSmooth,                           !- Roughness
  2.88291975297193,                       !- Thermal Resistance {m2-K/W}
  0.9,                                    !- Thermal Absorptance
  0.7,                                    !- Solar Absorptance
  0.7;                                    !- Visible Absorptance

OS:Material,
  {0311b194-6f9e-4893-8937-9d732367f777}, !- Handle
  G01 13mm gypsum board,                  !- Name
  Smooth,                                 !- Roughness
  0.0127,                                 !- Thickness {m}
  0.16,                                   !- Conductivity {W/m-K}
  800,                                    !- Density {kg/m3}
  1090,                                   !- Specific Heat {J/kg-K}
  0.9,                                    !- Thermal Absorptance
  0.7,                                    !- Solar Absorptance
  0.5;                                    !- Visible Absorptance

OS:Material:NoMass,
  {9fa86522-31b6-4120-ad18-ef5a883d4ed9}, !- Handle
  CP02 CARPET PAD 1,                      !- Name
  VeryRough,                              !- Roughness
  0.21648,                                !- Thermal Resistance {m2-K/W}
  0.9,                                    !- Thermal Absorptance
  0.7,                                    !- Solar Absorptance
  0.8;                                    !- Visible Absorptance

OS:Material,
  {14bf3731-15ba-4f5a-8aad-6ff71a67c655}, !- Handle
  M10 200mm concrete block basement wall, !- Name
  MediumRough,                            !- Roughness
  0.2032,                                 !- Thickness {m}
  1.326,                                  !- Conductivity {W/m-K}
  1842,                                   !- Density {kg/m3}
  912;                                    !- Specific Heat {J/kg-K}

OS:Construction:FfactorGroundFloor,
  {b405a57c-6b27-47ab-8def-89cb7621d73e}, !- Handle
  Foundation F 1.26W/m*K Perim 4.0m Area 12.0m2, !- Name
  1.26343630645112,                       !- F-Factor {W/m-K}
  12,                                     !- Area {m2}
  4;                                      !- PerimeterExposed {m}

OS:Construction:FfactorGroundFloor,
  {e5961c36-09bb-4144-a65f-469edad4dd46}, !- Handle
  Foundation F 1.26W/m*K Perim 68.27m Area 379.89m2, !- Name
  1.26343630645112,                       !- F-Factor {W/m-K}
  379.89,                                 !- Area {m2}
  68.27;                                  !- PerimeterExposed {m}

OS:Construction:FfactorGroundFloor,
  {112f3710-43f5-4385-82bb-5f4127066c8e}, !- Handle
  Foundation F 1.26W/m*K Perim 31.14m Area 150.81m2, !- Name
  1.26343630645112,                       !- F-Factor {W/m-K}
  150.81,                                 !- Area {m2}
  31.135;                                 !- PerimeterExposed {m}

OS:Construction:FfactorGroundFloor,
  {a020e9b9-a3d0-43e5-afed-0ad10dffc090}, !- Handle
  Foundation F 1.26W/m*K Perim 58.54m Area 1600.48m2, !- Name
  1.26343630645112,                       !- F-Factor {W/m-K}
  1600.4829,                              !- Area {m2}
  58.54;                                  !- PerimeterExposed {m}

OS:DefaultConstructionSet,
  {e7cf8f11-c094-4f23-9e07-92301bc14f5a}, !- Handle
  90.1-2007 - Retail - ASHRAE 169-2013-3A, !- Name
  {b5f8da66-8cbd-46b9-9e29-8075a32955a6}, !- Default Exterior Surface Constructions Name
  {750c9ab1-6b25-476d-9ef7-9a0b2cfac2ec}, !- Default Interior Surface Constructions Name
  {ebb80046-660a-47a9-92e1-c72aa278e6b5}, !- Default Ground Contact Surface Constructions Name
  {369a2a30-89e7-4199-b387-4fda737de221}, !- Default Exterior SubSurface Constructions Name
  {dd466db4-0e3e-4b76-a543-31158e1240dd}, !- Default Interior SubSurface Constructions Name
  {a7cf2f9e-6b4f-4812-81fc-3898cfe6e225}, !- Interior Partition Construction Name
  ,                                       !- Space Shading Construction Name
  ,                                       !- Building Shading Construction Name
  ,                                       !- Site Shading Construction Name
  ;                                       !- Adiabatic Surface Construction Name

OS:DefaultSurfaceConstructions,
  {b5f8da66-8cbd-46b9-9e29-8075a32955a6}, !- Handle
  Default Surface Constructions 1,        !- Name
  {778115ac-051c-4ff5-9c21-e140f2f55cef}, !- Floor Construction Name
  {01206483-3c5f-406c-be76-003cffaa9573}, !- Wall Construction Name
  {7b39c04b-9cbd-42db-acc7-fd37a7c5d32e}; !- Roof Ceiling Construction Name

OS:Construction,
  {778115ac-051c-4ff5-9c21-e140f2f55cef}, !- Handle
  Typical Insulated Exterior Mass Floor R-9.35, !- Name
  ,                                       !- Surface Rendering Name
  {26f0900a-c547-454f-b0d4-37816152b769}, !- Layer 1
  {823a86ba-2d6b-4e9f-bd72-402006b3ea7e}, !- Layer 2
  {d3343760-2884-4a16-b9fd-1d1a20874795}; !- Layer 3

OS:Material:NoMass,
  {26f0900a-c547-454f-b0d4-37816152b769}, !- Handle
  Typical Insulation R-6.78,              !- Name
  Smooth,                                 !- Roughness
  1.19346679593268,                       !- Thermal Resistance {m2-K/W}
  0.9,                                    !- Thermal Absorptance
  0.7,                                    !- Solar Absorptance
  0.7;                                    !- Visible Absorptance

OS:Material,
  {823a86ba-2d6b-4e9f-bd72-402006b3ea7e}, !- Handle
  4 in. Normalweight Concrete Floor,      !- Name
  MediumRough,                            !- Roughness
  0.1016,                                 !- Thickness {m}
  2.31,                                   !- Conductivity {W/m-K}
  2321.99999999999,                       !- Density {kg/m3}
  831.999999999997,                       !- Specific Heat {J/kg-K}
  0.9,                                    !- Thermal Absorptance
  0.7,                                    !- Solar Absorptance
  0.7;                                    !- Visible Absorptance

OS:Material:NoMass,
  {d3343760-2884-4a16-b9fd-1d1a20874795}, !- Handle
  Typical Carpet Pad,                     !- Name
  Smooth,                                 !- Roughness
  0.216479986995276,                      !- Thermal Resistance {m2-K/W}
  0.9,                                    !- Thermal Absorptance
  0.7,                                    !- Solar Absorptance
  0.8;                                    !- Visible Absorptance

OS:StandardsInformation:Construction,
  {ff44fc1a-8466-47d6-9cef-1e787c520259}, !- Handle
  {778115ac-051c-4ff5-9c21-e140f2f55cef}, !- Construction Name
  ExteriorFloor,                          !- Intended Surface Type
  Mass;                                   !- Standards Construction Type

OS:Construction,
  {01206483-3c5f-406c-be76-003cffaa9573}, !- Handle
  Typical Insulated Exterior Mass Wall R-8.13, !- Name
  ,                                       !- Surface Rendering Name
  {bd9bb4e7-3fbe-4c67-8b59-b6fcb8913801}, !- Layer 1
  {9e4bfba5-affd-4629-97f3-974f19c68b46}, !- Layer 2
  {e134d266-f15c-4484-90d8-323f19a62088}, !- Layer 3
  {d230c24f-5fca-4b22-8e45-6fb21f759325}; !- Layer 4

OS:Material,
  {bd9bb4e7-3fbe-4c67-8b59-b6fcb8913801}, !- Handle
  1IN Stucco,                             !- Name
  Smooth,                                 !- Roughness
  0.0253,                                 !- Thickness {m}
  0.691799999999999,                      !- Conductivity {W/m-K}
  1858,                                   !- Density {kg/m3}
  836.999999999999,                       !- Specific Heat {J/kg-K}
  0.9,                                    !- Thermal Absorptance
  0.7,                                    !- Solar Absorptance
  0.92;                                   !- Visible Absorptance

OS:Material,
  {9e4bfba5-affd-4629-97f3-974f19c68b46}, !- Handle
  8IN CONCRETE HW RefBldg,                !- Name
  Rough,                                  !- Roughness
  0.2032,                                 !- Thickness {m}
  1.311,                                  !- Conductivity {W/m-K}
  2240,                                   !- Density {kg/m3}
  836.800000000001,                       !- Specific Heat {J/kg-K}
  0.9,                                    !- Thermal Absorptance
  0.7,                                    !- Solar Absorptance
  0.7;                                    !- Visible Absorptance

OS:Material:NoMass,
  {e134d266-f15c-4484-90d8-323f19a62088}, !- Handle
  Typical Insulation R-5.74,              !- Name
  Smooth,                                 !- Roughness
  1.01115400561992,                       !- Thermal Resistance {m2-K/W}
  0.9,                                    !- Thermal Absorptance
  0.7,                                    !- Solar Absorptance
  0.7;                                    !- Visible Absorptance

OS:Material,
  {d230c24f-5fca-4b22-8e45-6fb21f759325}, !- Handle
  1/2IN Gypsum,                           !- Name
  Smooth,                                 !- Roughness
  0.0127,                                 !- Thickness {m}
  0.16,                                   !- Conductivity {W/m-K}
  784.9,                                  !- Density {kg/m3}
  830.000000000001,                       !- Specific Heat {J/kg-K}
  0.9,                                    !- Thermal Absorptance
  0.4,                                    !- Solar Absorptance
  0.4;                                    !- Visible Absorptance

OS:StandardsInformation:Construction,
  {98c4af33-ffa2-48b2-aaf4-263492d01950}, !- Handle
  {01206483-3c5f-406c-be76-003cffaa9573}, !- Construction Name
  ExteriorWall,                           !- Intended Surface Type
  Mass;                                   !- Standards Construction Type

OS:Construction,
  {7b39c04b-9cbd-42db-acc7-fd37a7c5d32e}, !- Handle
  Typical IEAD Roof - Highly Reflective R-20.83, !- Name
  ,                                       !- Surface Rendering Name
  {73d88868-0c55-4be6-ab58-f1be8a0b6dac}, !- Layer 1
  {5954857a-f26e-4d57-9f3b-ee2d3248f618}, !- Layer 2
  {23264237-37b3-4db0-b879-12a2146dcb89}; !- Layer 3

OS:Material,
  {73d88868-0c55-4be6-ab58-f1be8a0b6dac}, !- Handle
  Roof Membrane - Highly Reflective,      !- Name
  VeryRough,                              !- Roughness
  0.0095,                                 !- Thickness {m}
  0.16,                                   !- Conductivity {W/m-K}
  1121.29,                                !- Density {kg/m3}
  1460,                                   !- Specific Heat {J/kg-K}
  0.75,                                   !- Thermal Absorptance
  0.45,                                   !- Solar Absorptance
  0.7;                                    !- Visible Absorptance

OS:Material:NoMass,
  {5954857a-f26e-4d57-9f3b-ee2d3248f618}, !- Handle
  Typical Insulation R-19.72,             !- Name
  Smooth,                                 !- Roughness
  3.47220354893132,                       !- Thermal Resistance {m2-K/W}
  0.9,                                    !- Thermal Absorptance
  0.7,                                    !- Solar Absorptance
  0.7;                                    !- Visible Absorptance

OS:Material,
  {23264237-37b3-4db0-b879-12a2146dcb89}, !- Handle
  Metal Roof Surface,                     !- Name
  Smooth,                                 !- Roughness
  0.000799999999999998,                   !- Thickness {m}
  45.2799999999999,                       !- Conductivity {W/m-K}
  7823.99999999999,                       !- Density {kg/m3}
  499.999999999996,                       !- Specific Heat {J/kg-K}
  0.9,                                    !- Thermal Absorptance
  0.7,                                    !- Solar Absorptance
  0.7;                                    !- Visible Absorptance

OS:StandardsInformation:Construction,
  {f0f5be44-996d-4332-af0e-773ef07ffc4a}, !- Handle
  {7b39c04b-9cbd-42db-acc7-fd37a7c5d32e}, !- Construction Name
  ExteriorRoof,                           !- Intended Surface Type
  IEAD;                                   !- Standards Construction Type

OS:DefaultSurfaceConstructions,
  {750c9ab1-6b25-476d-9ef7-9a0b2cfac2ec}, !- Handle
  Default Surface Constructions 2,        !- Name
  {46a2d397-19d9-43b2-a66b-6d2c64d0b6e8}, !- Floor Construction Name
  {34e3d134-9157-4a50-9ac9-0c2996ae1c4d}, !- Wall Construction Name
  {3dcbc464-295d-4ce4-b03c-a051b210ff98}; !- Roof Ceiling Construction Name

OS:Construction,
  {46a2d397-19d9-43b2-a66b-6d2c64d0b6e8}, !- Handle
  Typical Interior Floor,                 !- Name
  ,                                       !- Surface Rendering Name
  {fae2ff98-5bbd-4309-810c-f38d4bba3a79}, !- Layer 1
  {bac03754-d88a-4c24-b03f-539875ca6e41}; !- Layer 2

OS:StandardsInformation:Construction,
  {31d277fd-f714-48a5-a4dc-e9e7704f127d}, !- Handle
  {46a2d397-19d9-43b2-a66b-6d2c64d0b6e8}, !- Construction Name
  InteriorFloor,                          !- Intended Surface Type
  ;                                       !- Standards Construction Type

OS:Construction,
  {34e3d134-9157-4a50-9ac9-0c2996ae1c4d}, !- Handle
  Typical Interior Wall,                  !- Name
  ,                                       !- Surface Rendering Name
  {0311b194-6f9e-4893-8937-9d732367f777}, !- Layer 1
  {0311b194-6f9e-4893-8937-9d732367f777}; !- Layer 2

OS:StandardsInformation:Construction,
  {c3e902cd-0c13-4c13-904e-58fb0f30787c}, !- Handle
  {34e3d134-9157-4a50-9ac9-0c2996ae1c4d}, !- Construction Name
  InteriorWall,                           !- Intended Surface Type
  ;                                       !- Standards Construction Type

OS:Construction,
  {3dcbc464-295d-4ce4-b03c-a051b210ff98}, !- Handle
  Typical Interior Ceiling,               !- Name
  ,                                       !- Surface Rendering Name
  {bac03754-d88a-4c24-b03f-539875ca6e41}, !- Layer 1
  {fae2ff98-5bbd-4309-810c-f38d4bba3a79}; !- Layer 2

OS:StandardsInformation:Construction,
  {6e9ad60f-3085-4dde-823c-027e89f3bb70}, !- Handle
  {3dcbc464-295d-4ce4-b03c-a051b210ff98}, !- Construction Name
  InteriorCeiling,                        !- Intended Surface Type
  ;                                       !- Standards Construction Type

OS:DefaultSurfaceConstructions,
  {ebb80046-660a-47a9-92e1-c72aa278e6b5}, !- Handle
  Default Surface Constructions 3,        !- Name
  {a79a93b3-1e70-4a63-b098-d20adee17a88}, !- Floor Construction Name
  {ac3b69f4-8575-4ef7-8279-be2b93050a78}, !- Wall Construction Name
  ;                                       !- Roof Ceiling Construction Name

OS:Construction,
  {a79a93b3-1e70-4a63-b098-d20adee17a88}, !- Handle
  Typical Insulated Carpeted 6in Slab Floor, !- Name
  ,                                       !- Surface Rendering Name
  {81914ea4-632d-4f98-8435-75eaae98e142}, !- Layer 1
  {d3343760-2884-4a16-b9fd-1d1a20874795}; !- Layer 2

OS:Material:NoMass,
  {70910520-24c3-4c13-be71-14ff5c034887}, !- Handle
  Typical Insulation R-0.58,              !- Name
  Smooth,                                 !- Roughness
  0.101874652714525,                      !- Thermal Resistance {m2-K/W}
  0.9,                                    !- Thermal Absorptance
  0.7,                                    !- Solar Absorptance
  0.7;                                    !- Visible Absorptance

OS:Material,
  {81914ea4-632d-4f98-8435-75eaae98e142}, !- Handle
  6 in. Normalweight Concrete Floor,      !- Name
  MediumRough,                            !- Roughness
  0.1524,                                 !- Thickness {m}
  2.31,                                   !- Conductivity {W/m-K}
  2321.99999999999,                       !- Density {kg/m3}
  831.999999999997,                       !- Specific Heat {J/kg-K}
  0.9,                                    !- Thermal Absorptance
  0.7,                                    !- Solar Absorptance
  0.7;                                    !- Visible Absorptance

OS:StandardsInformation:Construction,
  {6b93787a-8120-4aea-b12b-554e1ceae004}, !- Handle
  {a79a93b3-1e70-4a63-b098-d20adee17a88}, !- Construction Name
  GroundContactFloor,                     !- Intended Surface Type
  Mass;                                   !- Standards Construction Type

OS:Construction,
  {ac3b69f4-8575-4ef7-8279-be2b93050a78}, !- Handle
  Typical Insulated Basement Mass Wall,   !- Name
  ,                                       !- Surface Rendering Name
  {2462372e-1978-46d1-9107-29b181163516}; !- Layer 1

OS:Material,
  {2462372e-1978-46d1-9107-29b181163516}, !- Handle
  8 in. Concrete Block Basement Wall,     !- Name
  MediumRough,                            !- Roughness
  0.2032,                                 !- Thickness {m}
  1.326,                                  !- Conductivity {W/m-K}
  1841.99999999999,                       !- Density {kg/m3}
  911.999999999999,                       !- Specific Heat {J/kg-K}
  0.9,                                    !- Thermal Absorptance
  0.7,                                    !- Solar Absorptance
  0.7;                                    !- Visible Absorptance

OS:StandardsInformation:Construction,
  {f2294773-5b60-4d07-b18b-641be28a18b8}, !- Handle
  {ac3b69f4-8575-4ef7-8279-be2b93050a78}, !- Construction Name
  GroundContactWall,                      !- Intended Surface Type
  Mass;                                   !- Standards Construction Type

OS:DefaultSubSurfaceConstructions,
  {369a2a30-89e7-4199-b387-4fda737de221}, !- Handle
  Default Sub Surface Constructions 1,    !- Name
  {7adff533-56c4-40d0-bb1a-e5d83d6dffde}, !- Fixed Window Construction Name
  {7adff533-56c4-40d0-bb1a-e5d83d6dffde}, !- Operable Window Construction Name
  {9e831191-9631-48ad-8c36-3f92438ff140}, !- Door Construction Name
  {18ad2f60-07a3-4430-9593-351dae516ccc}, !- Glass Door Construction Name
  {4550f368-059f-41b1-bac6-e74c6a7137bc}, !- Overhead Door Construction Name
  {340a4d8c-99da-4331-85e9-fab1d1b56338}, !- Skylight Construction Name
  {08caf079-d1d8-4432-a87f-88fb54933d45}, !- Tubular Daylight Dome Construction Name
  {08caf079-d1d8-4432-a87f-88fb54933d45}; !- Tubular Daylight Diffuser Construction Name

OS:Construction,
  {7adff533-56c4-40d0-bb1a-e5d83d6dffde}, !- Handle
  U 0.65 SHGC 0.25 Simple Glazing,        !- Name
  ,                                       !- Surface Rendering Name
  {55355a4e-06de-4526-a3e3-9fd8a383a5e4}; !- Layer 1

OS:WindowMaterial:SimpleGlazingSystem,
  {55355a4e-06de-4526-a3e3-9fd8a383a5e4}, !- Handle
  U 0.65 SHGC 0.25 Simple Glazing,        !- Name
  3.69087117172377,                       !- U-Factor {W/m2-K}
  0.25,                                   !- Solar Heat Gain Coefficient
  0.81;                                   !- Visible Transmittance

OS:StandardsInformation:Construction,
  {1d005e9b-33d4-41e9-b06d-520094423386}, !- Handle
  {7adff533-56c4-40d0-bb1a-e5d83d6dffde}, !- Construction Name
  ExteriorWindow,                         !- Intended Surface Type
  ;                                       !- Standards Construction Type

OS:Construction,
  {9e831191-9631-48ad-8c36-3f92438ff140}, !- Handle
  Typical Insulated Metal Door R-1.43,    !- Name
  ,                                       !- Surface Rendering Name
  {1c3a0301-224f-4ee1-ac26-7b947b69f33b}, !- Layer 1
  {70910520-24c3-4c13-be71-14ff5c034887}; !- Layer 2

OS:Material,
  {1c3a0301-224f-4ee1-ac26-7b947b69f33b}, !- Handle
  F08 Metal surface,                      !- Name
  Smooth,                                 !- Roughness
  0.0008,                                 !- Thickness {m}
  45.2800000000001,                       !- Conductivity {W/m-K}
  7823.99999999999,                       !- Density {kg/m3}
  500,                                    !- Specific Heat {J/kg-K}
  0.9,                                    !- Thermal Absorptance
  0.7,                                    !- Solar Absorptance
  0.7;                                    !- Visible Absorptance

OS:StandardsInformation:Construction,
  {ff40481a-4578-4ac3-aa4d-39d142b0f7ee}, !- Handle
  {9e831191-9631-48ad-8c36-3f92438ff140}, !- Construction Name
  ExteriorDoor,                           !- Intended Surface Type
  ;                                       !- Standards Construction Type

OS:Construction,
  {18ad2f60-07a3-4430-9593-351dae516ccc}, !- Handle
  U 0.9 SHGC 0.25 Simple Glazing,         !- Name
  ,                                       !- Surface Rendering Name
  {b7add51a-0a44-4332-b330-81481fde6219}; !- Layer 1

OS:WindowMaterial:SimpleGlazingSystem,
  {b7add51a-0a44-4332-b330-81481fde6219}, !- Handle
  U 0.9 SHGC 0.25 Simple Glazing,         !- Name
  5.11043700700214,                       !- U-Factor {W/m2-K}
  0.25,                                   !- Solar Heat Gain Coefficient
  0.81;                                   !- Visible Transmittance

OS:StandardsInformation:Construction,
  {f674b16d-46a8-4583-b363-f8be84f3c89e}, !- Handle
  {18ad2f60-07a3-4430-9593-351dae516ccc}, !- Construction Name
  ExteriorWindow,                         !- Intended Surface Type
  ;                                       !- Standards Construction Type

OS:Construction,
  {4550f368-059f-41b1-bac6-e74c6a7137bc}, !- Handle
  Typical Overhead Door R-0.86,           !- Name
  ,                                       !- Surface Rendering Name
  {69f112c6-942d-4071-a7de-da87daad6864}; !- Layer 1

OS:Material:NoMass,
  {69f112c6-942d-4071-a7de-da87daad6864}, !- Handle
  Typical Insulation R-0.01,              !- Name
  Smooth,                                 !- Roughness
  0.001,                                  !- Thermal Resistance {m2-K/W}
  0.9,                                    !- Thermal Absorptance
  0.7,                                    !- Solar Absorptance
  0.7;                                    !- Visible Absorptance

OS:StandardsInformation:Construction,
  {c93ab446-74c0-42a0-9caa-45648d920067}, !- Handle
  {4550f368-059f-41b1-bac6-e74c6a7137bc}, !- Construction Name
  ExteriorDoor,                           !- Intended Surface Type
  RollUp;                                 !- Standards Construction Type

OS:Construction,
  {340a4d8c-99da-4331-85e9-fab1d1b56338}, !- Handle
  U 1.17 SHGC 0.39 Simple Glazing,        !- Name
  ,                                       !- Surface Rendering Name
  {01c25248-4490-49c7-aa75-b312a20062f4}; !- Layer 1

OS:WindowMaterial:SimpleGlazingSystem,
  {01c25248-4490-49c7-aa75-b312a20062f4}, !- Handle
  U 1.17 SHGC 0.39 Simple Glazing,        !- Name
  6.64356810910278,                       !- U-Factor {W/m2-K}
  0.39,                                   !- Solar Heat Gain Coefficient
  0.81;                                   !- Visible Transmittance

OS:StandardsInformation:Construction,
  {91c0583f-76be-491d-8d84-3637505355ee}, !- Handle
  {340a4d8c-99da-4331-85e9-fab1d1b56338}, !- Construction Name
  ,                                       !- Intended Surface Type
  ;                                       !- Standards Construction Type

OS:Construction,
  {08caf079-d1d8-4432-a87f-88fb54933d45}, !- Handle
  Typical Interior Window,                !- Name
  ,                                       !- Surface Rendering Name
  {c3f075f5-419d-4413-9a9f-93067af6ce82}; !- Layer 1

OS:WindowMaterial:Glazing,
  {c3f075f5-419d-4413-9a9f-93067af6ce82}, !- Handle
  Clear 3mm,                              !- Name
  SpectralAverage,                        !- Optical Data Type
  ,                                       !- Window Glass Spectral Data Set Name
  0.00299999999999999,                    !- Thickness {m}
  0.837,                                  !- Solar Transmittance at Normal Incidence
  0.075,                                  !- Front Side Solar Reflectance at Normal Incidence
  0.075,                                  !- Back Side Solar Reflectance at Normal Incidence
  0.898,                                  !- Visible Transmittance at Normal Incidence
  0.081,                                  !- Front Side Visible Reflectance at Normal Incidence
  0.081,                                  !- Back Side Visible Reflectance at Normal Incidence
  0,                                      !- Infrared Transmittance at Normal Incidence
  0.84,                                   !- Front Side Infrared Hemispherical Emissivity
  0.84,                                   !- Back Side Infrared Hemispherical Emissivity
  0.9,                                    !- Conductivity {W/m-K}
  1,                                      !- Dirt Correction Factor for Solar and Visible Transmittance
  No;                                     !- Solar Diffusing

OS:StandardsInformation:Construction,
  {037eb2b5-495f-4a6e-8abd-820ed319364b}, !- Handle
  {08caf079-d1d8-4432-a87f-88fb54933d45}, !- Construction Name
  InteriorWindow,                         !- Intended Surface Type
  ;                                       !- Standards Construction Type

OS:DefaultSubSurfaceConstructions,
  {dd466db4-0e3e-4b76-a543-31158e1240dd}, !- Handle
  Default Sub Surface Constructions 2,    !- Name
  {08caf079-d1d8-4432-a87f-88fb54933d45}, !- Fixed Window Construction Name
  {08caf079-d1d8-4432-a87f-88fb54933d45}, !- Operable Window Construction Name
  {128e03b8-b957-42a5-a7ba-d622ea486909}, !- Door Construction Name
  ,                                       !- Glass Door Construction Name
  ,                                       !- Overhead Door Construction Name
  ,                                       !- Skylight Construction Name
  ,                                       !- Tubular Daylight Dome Construction Name
  ;                                       !- Tubular Daylight Diffuser Construction Name

OS:Construction,
  {128e03b8-b957-42a5-a7ba-d622ea486909}, !- Handle
  Typical Interior Door,                  !- Name
  ,                                       !- Surface Rendering Name
  {96f5a690-2bc5-440f-9990-4c0f5c1a9905}; !- Layer 1

OS:Material,
  {96f5a690-2bc5-440f-9990-4c0f5c1a9905}, !- Handle
  G05 25mm wood,                          !- Name
  MediumSmooth,                           !- Roughness
  0.0254,                                 !- Thickness {m}
  0.15,                                   !- Conductivity {W/m-K}
  608,                                    !- Density {kg/m3}
  1630,                                   !- Specific Heat {J/kg-K}
  0.9,                                    !- Thermal Absorptance
  0.5,                                    !- Solar Absorptance
  0.5;                                    !- Visible Absorptance

OS:StandardsInformation:Construction,
  {86b42c54-17b4-4302-88ab-73e9eb78d8e7}, !- Handle
  {128e03b8-b957-42a5-a7ba-d622ea486909}, !- Construction Name
  InteriorDoor,                           !- Intended Surface Type
  ;                                       !- Standards Construction Type

OS:Construction,
  {a7cf2f9e-6b4f-4812-81fc-3898cfe6e225}, !- Handle
  Typical Interior Partition,             !- Name
  ,                                       !- Surface Rendering Name
  {96f5a690-2bc5-440f-9990-4c0f5c1a9905}; !- Layer 1

OS:StandardsInformation:Construction,
  {42d410ae-cdb5-4811-a169-a3cd5c6a52e7}, !- Handle
  {a7cf2f9e-6b4f-4812-81fc-3898cfe6e225}, !- Construction Name
  InteriorPartition,                      !- Intended Surface Type
  ;                                       !- Standards Construction Type

OS:SpaceInfiltration:DesignFlowRate,
  {db6d00f4-b1dc-4814-8c97-a40fee474715}, !- Handle
  Entry door Infiltration,                !- Name
  {7f004107-3619-4e77-8241-17e92dc82fb2}, !- Space or SpaceType Name
  {863f670b-8d45-4cfe-aa32-41ba8ecadc9d}, !- Schedule Name
  Flow/Space,                             !- Design Flow Rate Calculation Method
  0.937286742,                            !- Design Flow Rate {m3/s}
  ,                                       !- Flow per Space Floor Area {m3/s-m2}
  ,                                       !- Flow per Exterior Surface Area {m3/s-m2}
  ,                                       !- Air Changes per Hour {1/hr}
  1,                                      !- Constant Term Coefficient
  0,                                      !- Temperature Term Coefficient
  0,                                      !- Velocity Term Coefficient
  0,                                      !- Velocity Squared Term Coefficient
  Outdoor;                                !- Density Basis

OS:Schedule:Ruleset,
  {863f670b-8d45-4cfe-aa32-41ba8ecadc9d}, !- Handle
  RetailStandalone INFIL_Door_Opening_SCH_2013, !- Name
  {924a4528-c1e1-403e-bd80-619309031c01}, !- Schedule Type Limits Name
  {3d719584-9e4c-44e2-816b-c504f779d924}, !- Default Day Schedule Name
  {f0f8d398-fcdc-45c4-a60f-57d7e58627b9}, !- Summer Design Day Schedule Name
  {8dbaa51c-723c-464d-b59c-38f20fd1f44e}; !- Winter Design Day Schedule Name

OS:Schedule:Day,
  {3d719584-9e4c-44e2-816b-c504f779d924}, !- Handle
  RetailStandalone INFIL_Door_Opening_SCH_2013 Default, !- Name
  {924a4528-c1e1-403e-bd80-619309031c01}, !- Schedule Type Limits Name
  No,                                     !- Interpolate to Timestep
  8,                                      !- Hour 1
  0,                                      !- Minute 1
  0,                                      !- Value Until Time 1
  12,                                     !- Hour 2
  0,                                      !- Minute 2
  0.131,                                  !- Value Until Time 2
  18,                                     !- Hour 3
  0,                                      !- Minute 3
  1,                                      !- Value Until Time 3
  20,                                     !- Hour 4
  0,                                      !- Minute 4
  0.131,                                  !- Value Until Time 4
  24,                                     !- Hour 5
  0,                                      !- Minute 5
  0;                                      !- Value Until Time 5

OS:Schedule:Day,
  {8dbaa51c-723c-464d-b59c-38f20fd1f44e}, !- Handle
  RetailStandalone INFIL_Door_Opening_SCH_2013 Winter Design Day, !- Name
  {924a4528-c1e1-403e-bd80-619309031c01}, !- Schedule Type Limits Name
  No,                                     !- Interpolate to Timestep
  8,                                      !- Hour 1
  0,                                      !- Minute 1
  0,                                      !- Value Until Time 1
  12,                                     !- Hour 2
  0,                                      !- Minute 2
  0.131,                                  !- Value Until Time 2
  18,                                     !- Hour 3
  0,                                      !- Minute 3
  1,                                      !- Value Until Time 3
  20,                                     !- Hour 4
  0,                                      !- Minute 4
  0.131,                                  !- Value Until Time 4
  24,                                     !- Hour 5
  0,                                      !- Minute 5
  0;                                      !- Value Until Time 5

OS:Schedule:Day,
  {f0f8d398-fcdc-45c4-a60f-57d7e58627b9}, !- Handle
  RetailStandalone INFIL_Door_Opening_SCH_2013 Summer Design Day, !- Name
  {924a4528-c1e1-403e-bd80-619309031c01}, !- Schedule Type Limits Name
  No,                                     !- Interpolate to Timestep
  8,                                      !- Hour 1
  0,                                      !- Minute 1
  0,                                      !- Value Until Time 1
  12,                                     !- Hour 2
  0,                                      !- Minute 2
  0.131,                                  !- Value Until Time 2
  18,                                     !- Hour 3
  0,                                      !- Minute 3
  1,                                      !- Value Until Time 3
  20,                                     !- Hour 4
  0,                                      !- Minute 4
  0.131,                                  !- Value Until Time 4
  24,                                     !- Hour 5
  0,                                      !- Minute 5
  0;                                      !- Value Until Time 5

OS:Material,
  {71752d24-2487-4656-9ae5-c476e6c9a68a}, !- Handle
  Std Wood 6inch,                         !- Name
  MediumSmooth,                           !- Roughness
  0.15,                                   !- Thickness {m}
  0.12,                                   !- Conductivity {W/m-K}
  540,                                    !- Density {kg/m3}
  1210,                                   !- Specific Heat {J/kg-K}
  0.9,                                    !- Thermal Absorptance
  0.7,                                    !- Solar Absorptance
  0.7;                                    !- Visible Absorptance

OS:Construction,
  {eb7cb924-0a39-40f9-be9c-c518dab62679}, !- Handle
  InteriorFurnishings,                    !- Name
  ,                                       !- Surface Rendering Name
  {71752d24-2487-4656-9ae5-c476e6c9a68a}; !- Layer 1

OS:InternalMass:Definition,
  {02a7b61c-a0bf-4392-b7d3-a2913ec7e828}, !- Handle
  Internal Mass Definition 1,             !- Name
  {eb7cb924-0a39-40f9-be9c-c518dab62679}, !- Construction Name
  SurfaceArea/Area,                       !- Design Level Calculation Method
  ,                                       !- Surface Area {m2}
  2,                                      !- Surface Area per Space Floor Area {dimensionless}
  ;                                       !- Surface Area per Person {m2/person}

OS:InternalMass,
  {b177f103-0f10-4003-9b01-cc3584877bb5}, !- Handle
  Back_Space Mass,                        !- Name
  {02a7b61c-a0bf-4392-b7d3-a2913ec7e828}, !- Internal Mass Definition Name
  {3d4b9ba5-883d-4fc8-bf66-520e25258a41}, !- Space or SpaceType Name
  1;                                      !- Multiplier

OS:InternalMass,
  {d0216b9d-ddd7-4604-b76a-850a65c02afb}, !- Handle
  Front_Retail Mass,                      !- Name
  {02a7b61c-a0bf-4392-b7d3-a2913ec7e828}, !- Internal Mass Definition Name
  {5e7c1d0f-985d-4e7c-870a-fc6c94988ab0}, !- Space or SpaceType Name
  1;                                      !- Multiplier

OS:InternalMass,
  {662a1e0a-6a39-4091-883d-9c8d900b69e7}, !- Handle
  Point_Of_Sale Mass,                     !- Name
  {02a7b61c-a0bf-4392-b7d3-a2913ec7e828}, !- Internal Mass Definition Name
  {5e3f23ce-ce46-4ddb-aa00-f04cd954fb88}, !- Space or SpaceType Name
  1;                                      !- Multiplier

OS:InternalMass,
  {a728f922-db22-4087-af90-fb37cbe894aa}, !- Handle
  Core_Retail Mass,                       !- Name
  {02a7b61c-a0bf-4392-b7d3-a2913ec7e828}, !- Internal Mass Definition Name
  {e3918e2f-852e-438a-a248-c13d9fc146d0}, !- Space or SpaceType Name
  1;                                      !- Multiplier

OS:PlantLoop,
  {22b8323f-2980-4c0c-b72f-cb951f93ec4e}, !- Handle
  Main Service Water Loop,                !- Name
  ,                                       !- Fluid Type
  0,                                      !- Glycol Concentration
  ,                                       !- User Defined Fluid Type
  ,                                       !- Plant Equipment Operation Heating Load
  ,                                       !- Plant Equipment Operation Cooling Load
  ,                                       !- Primary Plant Equipment Operation Scheme
  {b635d67f-aad5-435e-8e5a-dc9d7f6409cc}, !- Loop Temperature Setpoint Node Name
  60.0000000000001,                       !- Maximum Loop Temperature {C}
  51.6666666666667,                       !- Minimum Loop Temperature {C}
  ,                                       !- Maximum Loop Flow Rate {m3/s}
  ,                                       !- Minimum Loop Flow Rate {m3/s}
  Autocalculate,                          !- Plant Loop Volume {m3}
  {627f8786-2a15-4321-ba0a-47eb615ff196}, !- Plant Side Inlet Node Name
  {b53c0993-f807-4452-a211-ab1117f59a64}, !- Plant Side Outlet Node Name
  ,                                       !- Plant Side Branch List Name
  {9bce768f-0379-4c87-96bd-bff5bc670a48}, !- Demand Side Inlet Node Name
  {b63fffc8-6b21-4e94-832c-ed97dbcbb0f6}, !- Demand Side Outlet Node Name
  ,                                       !- Demand Side Branch List Name
  ,                                       !- Demand Side Connector List Name
  Optimal,                                !- Load Distribution Scheme
  {90bac590-d15f-41cc-a9e8-c80beb61cf75}, !- Availability Manager List Name
  ,                                       !- Plant Loop Demand Calculation Scheme
  ,                                       !- Common Pipe Simulation
  ,                                       !- Pressure Simulation Type
  ,                                       !- Plant Equipment Operation Heating Load Schedule
  ,                                       !- Plant Equipment Operation Cooling Load Schedule
  ,                                       !- Primary Plant Equipment Operation Scheme Schedule
  ,                                       !- Component Setpoint Operation Scheme Schedule
  {241cb7c8-b48f-4957-a2d3-d2faf57ddd20}, !- Demand Mixer Name
  {3046a1bd-ea17-4134-86b9-6a2866fd2eab}, !- Demand Splitter Name
  {39bcb069-3339-47ac-a0a0-0cd8da269c7d}, !- Supply Mixer Name
  {8f90677d-b187-4e9f-818e-efce639dcd4c}; !- Supply Splitter Name

OS:Node,
  {87ee0e7f-044d-4dc1-876f-82bf81d6c659}, !- Handle
  Main Service Water Loop Supply Inlet Node, !- Name
  {627f8786-2a15-4321-ba0a-47eb615ff196}, !- Inlet Port
  {81164fcb-65e8-4181-8ccd-0129812b176e}; !- Outlet Port

OS:Node,
  {b635d67f-aad5-435e-8e5a-dc9d7f6409cc}, !- Handle
  Main Service Water Loop Supply Outlet Node, !- Name
  {70b5b2ee-e73d-4ffe-b872-549bf1b71270}, !- Inlet Port
  {b53c0993-f807-4452-a211-ab1117f59a64}; !- Outlet Port

OS:Node,
  {cbe2955b-ae47-4341-850d-1aca7524bb3c}, !- Handle
  40gal Natural Gas Water Heater - 40kBtu/hr 0.82 Therm Eff Supply Inlet Water Node, !- Name
  {5b916952-cac9-4e70-a474-f7fc41d63c26}, !- Inlet Port
  {e463beb2-c7e3-4c56-8424-5e65289bdded}; !- Outlet Port

OS:Connector:Mixer,
  {39bcb069-3339-47ac-a0a0-0cd8da269c7d}, !- Handle
  Connector Mixer 1,                      !- Name
  {d9312edb-5c61-4c89-9af5-7b54e22dc966}, !- Outlet Branch Name
  {d039a022-e232-4df8-a7d5-00b66c242109}, !- Inlet Branch Name 1
  {7ae08ab4-efa5-4553-b8da-c11ceff07611}; !- Inlet Branch Name 2

OS:Connector:Splitter,
  {8f90677d-b187-4e9f-818e-efce639dcd4c}, !- Handle
  Connector Splitter 1,                   !- Name
  {7be6bc90-aa6a-4cbb-b7aa-4dda25d9cb5f}, !- Inlet Branch Name
  {5b916952-cac9-4e70-a474-f7fc41d63c26}, !- Outlet Branch Name 1
  {0a6df05e-6fe2-415b-83ac-0c03f213224f}; !- Outlet Branch Name 2

OS:Connection,
  {627f8786-2a15-4321-ba0a-47eb615ff196}, !- Handle
  {22b8323f-2980-4c0c-b72f-cb951f93ec4e}, !- Source Object
  14,                                     !- Outlet Port
  {87ee0e7f-044d-4dc1-876f-82bf81d6c659}, !- Target Object
  2;                                      !- Inlet Port

OS:Connection,
  {5b916952-cac9-4e70-a474-f7fc41d63c26}, !- Handle
  {8f90677d-b187-4e9f-818e-efce639dcd4c}, !- Source Object
  3,                                      !- Outlet Port
  {cbe2955b-ae47-4341-850d-1aca7524bb3c}, !- Target Object
  2;                                      !- Inlet Port

OS:Connection,
  {b53c0993-f807-4452-a211-ab1117f59a64}, !- Handle
  {b635d67f-aad5-435e-8e5a-dc9d7f6409cc}, !- Source Object
  3,                                      !- Outlet Port
  {22b8323f-2980-4c0c-b72f-cb951f93ec4e}, !- Target Object
  15;                                     !- Inlet Port

OS:Node,
  {b4117e0b-66c1-4f11-9e20-b71713c9db52}, !- Handle
  Main Service Water Loop Demand Inlet Node, !- Name
  {9bce768f-0379-4c87-96bd-bff5bc670a48}, !- Inlet Port
  {7fb89341-bc99-4e49-ac2d-5746b276cea1}; !- Outlet Port

OS:Node,
  {51e7f5fa-9eab-44fa-9bd9-402aa73dd781}, !- Handle
  Main Service Water Loop Demand Outlet Node, !- Name
  {8c2ccd2d-ffc8-4a15-a3e0-6c58aa2fbc71}, !- Inlet Port
  {b63fffc8-6b21-4e94-832c-ed97dbcbb0f6}; !- Outlet Port

OS:Node,
  {e1d65f58-2ee7-4e5c-8b35-6ce4f49743fd}, !- Handle
  Pipe Adiabatic 2 Inlet Water Node,      !- Name
  {762c74d7-060d-4e72-a564-e800fe9070ca}, !- Inlet Port
  {9b8cdaaa-97f7-49f5-b7a7-aa79da86611b}; !- Outlet Port

OS:Connector:Mixer,
  {241cb7c8-b48f-4957-a2d3-d2faf57ddd20}, !- Handle
  Connector Mixer 2,                      !- Name
  {076934b9-8364-442a-900b-6e461f51c45b}, !- Outlet Branch Name
  {131c8f23-14f5-4665-b070-6ce38ff3d21d}, !- Inlet Branch Name 1
  {2ecb307b-7ce3-41fd-a7b1-96aeeecd432c}; !- Inlet Branch Name 2

OS:Connector:Splitter,
  {3046a1bd-ea17-4134-86b9-6a2866fd2eab}, !- Handle
  Connector Splitter 2,                   !- Name
  {7fb89341-bc99-4e49-ac2d-5746b276cea1}, !- Inlet Branch Name
  {762c74d7-060d-4e72-a564-e800fe9070ca}, !- Outlet Branch Name 1
  {6fb09567-ed5d-4262-866f-10585ee6cee5}; !- Outlet Branch Name 2

OS:Connection,
  {9bce768f-0379-4c87-96bd-bff5bc670a48}, !- Handle
  {22b8323f-2980-4c0c-b72f-cb951f93ec4e}, !- Source Object
  17,                                     !- Outlet Port
  {b4117e0b-66c1-4f11-9e20-b71713c9db52}, !- Target Object
  2;                                      !- Inlet Port

OS:Connection,
  {7fb89341-bc99-4e49-ac2d-5746b276cea1}, !- Handle
  {b4117e0b-66c1-4f11-9e20-b71713c9db52}, !- Source Object
  3,                                      !- Outlet Port
  {3046a1bd-ea17-4134-86b9-6a2866fd2eab}, !- Target Object
  2;                                      !- Inlet Port

OS:Connection,
  {762c74d7-060d-4e72-a564-e800fe9070ca}, !- Handle
  {3046a1bd-ea17-4134-86b9-6a2866fd2eab}, !- Source Object
  3,                                      !- Outlet Port
  {e1d65f58-2ee7-4e5c-8b35-6ce4f49743fd}, !- Target Object
  2;                                      !- Inlet Port

OS:Connection,
  {b63fffc8-6b21-4e94-832c-ed97dbcbb0f6}, !- Handle
  {51e7f5fa-9eab-44fa-9bd9-402aa73dd781}, !- Source Object
  3,                                      !- Outlet Port
  {22b8323f-2980-4c0c-b72f-cb951f93ec4e}, !- Target Object
  18;                                     !- Inlet Port

OS:Sizing:Plant,
  {41b98526-5f19-4d02-921e-8c3e4d5640d9}, !- Handle
  {22b8323f-2980-4c0c-b72f-cb951f93ec4e}, !- Plant or Condenser Loop Name
  Heating,                                !- Loop Type
  60.0000000000001,                       !- Design Loop Exit Temperature {C}
  5,                                      !- Loop Design Temperature Difference {deltaC}
  NonCoincident,                          !- Sizing Option
  1,                                      !- Zone Timesteps in Averaging Window
  None;                                   !- Coincident Sizing Factor Mode

OS:AvailabilityManagerAssignmentList,
  {90bac590-d15f-41cc-a9e8-c80beb61cf75}, !- Handle
  Plant Loop 1 AvailabilityManagerAssignmentList; !- Name

OS:Schedule:Ruleset,
  {50a17c50-6f36-41d4-a051-eeecdb78be14}, !- Handle
  Service Water Loop Temp - 140F,         !- Name
  {34c5c2db-98bb-4f07-a6b6-55ece48162ef}, !- Schedule Type Limits Name
  {0faa9f6e-d4ca-4c01-ba4d-ef8b6b82abe8}; !- Default Day Schedule Name

OS:Schedule:Day,
  {0faa9f6e-d4ca-4c01-ba4d-ef8b6b82abe8}, !- Handle
  Service Water Loop Temp - 140F Default, !- Name
  {34c5c2db-98bb-4f07-a6b6-55ece48162ef}, !- Schedule Type Limits Name
  ,                                       !- Interpolate to Timestep
  24,                                     !- Hour 1
  0,                                      !- Minute 1
  60.0000000000001;                       !- Value Until Time 1

OS:SetpointManager:Scheduled,
  {6ec3aa1e-b624-4871-8c9d-d86c8caf57b1}, !- Handle
  Service hot water setpoint manager,     !- Name
  Temperature,                            !- Control Variable
  {50a17c50-6f36-41d4-a051-eeecdb78be14}, !- Schedule Name
  {b635d67f-aad5-435e-8e5a-dc9d7f6409cc}; !- Setpoint Node or NodeList Name

OS:Pump:VariableSpeed,
  {9d5f5c85-6fe7-4f4a-8cbc-1c59a0b581d6}, !- Handle
  Main Service Water Loop Water Mains Pressure Driven, !- Name
  {81164fcb-65e8-4181-8ccd-0129812b176e}, !- Inlet Node Name
  {ec79efc1-5975-4e46-b5e9-09fb53021a10}, !- Outlet Node Name
  ,                                       !- Rated Flow Rate {m3/s}
  0.001,                                  !- Rated Pump Head {Pa}
  ,                                       !- Rated Power Consumption {W}
  1,                                      !- Motor Efficiency
  ,                                       !- Fraction of Motor Inefficiencies to Fluid Stream
  0,                                      !- Coefficient 1 of the Part Load Performance Curve
  3.2485,                                 !- Coefficient 2 of the Part Load Performance Curve
  -4.7443,                                !- Coefficient 3 of the Part Load Performance Curve
  2.5294,                                 !- Coefficient 4 of the Part Load Performance Curve
  ,                                       !- Minimum Flow Rate {m3/s}
  Intermittent,                           !- Pump Control Type
  ,                                       !- Pump Flow Rate Schedule Name
  ,                                       !- Pump Curve Name
  ,                                       !- Impeller Diameter {m}
  ,                                       !- VFD Control Type
  ,                                       !- Pump RPM Schedule Name
  ,                                       !- Minimum Pressure Schedule {Pa}
  ,                                       !- Maximum Pressure Schedule {Pa}
  ,                                       !- Minimum RPM Schedule {rev/min}
  ,                                       !- Maximum RPM Schedule {rev/min}
  ,                                       !- Zone Name
  0.5,                                    !- Skin Loss Radiative Fraction
  PowerPerFlowPerPressure,                !- Design Power Sizing Method
  348701.1,                               !- Design Electric Power per Unit Flow Rate {W/(m3/s)}
  1.282051282,                            !- Design Shaft Power per Unit Flow Rate per Unit Head {W-s/m3-Pa}
  0,                                      !- Design Minimum Flow Rate Fraction
  General;                                !- End-Use Subcategory

OS:Node,
  {45d5b742-2086-4d81-9303-8cc3cf1b98de}, !- Handle
  Main Service Water Loop Water Mains Pressure Driven Outlet Water Node, !- Name
  {ec79efc1-5975-4e46-b5e9-09fb53021a10}, !- Inlet Port
  {7be6bc90-aa6a-4cbb-b7aa-4dda25d9cb5f}; !- Outlet Port

OS:Connection,
  {81164fcb-65e8-4181-8ccd-0129812b176e}, !- Handle
  {87ee0e7f-044d-4dc1-876f-82bf81d6c659}, !- Source Object
  3,                                      !- Outlet Port
  {9d5f5c85-6fe7-4f4a-8cbc-1c59a0b581d6}, !- Target Object
  2;                                      !- Inlet Port

OS:Connection,
  {ec79efc1-5975-4e46-b5e9-09fb53021a10}, !- Handle
  {9d5f5c85-6fe7-4f4a-8cbc-1c59a0b581d6}, !- Source Object
  3,                                      !- Outlet Port
  {45d5b742-2086-4d81-9303-8cc3cf1b98de}, !- Target Object
  2;                                      !- Inlet Port

OS:Connection,
  {7be6bc90-aa6a-4cbb-b7aa-4dda25d9cb5f}, !- Handle
  {45d5b742-2086-4d81-9303-8cc3cf1b98de}, !- Source Object
  3,                                      !- Outlet Port
  {8f90677d-b187-4e9f-818e-efce639dcd4c}, !- Target Object
  2;                                      !- Inlet Port

OS:WaterHeater:Mixed,
  {82ea31e8-d6c3-4b32-85a2-a6667c66b61f}, !- Handle
  40gal Natural Gas Water Heater - 40kBtu/hr 0.82 Therm Eff, !- Name
  0.151416471358794,                      !- Tank Volume {m3}
  {50a17c50-6f36-41d4-a051-eeecdb78be14}, !- Setpoint Temperature Schedule Name
  2,                                      !- Deadband Temperature Difference {deltaC}
  60.0000000000001,                       !- Maximum Temperature Limit {C}
  Cycle,                                  !- Heater Control Type
  11722.8428068889,                       !- Heater Maximum Capacity {W}
  ,                                       !- Heater Minimum Capacity {W}
  ,                                       !- Heater Ignition Minimum Flow Rate {m3/s}
  ,                                       !- Heater Ignition Delay {s}
  NaturalGas,                             !- Heater Fuel Type
  0.82,                                   !- Heater Thermal Efficiency
  ,                                       !- Part Load Factor Curve Name
  1862.00020020147,                       !- Off Cycle Parasitic Fuel Consumption Rate {W}
  NaturalGas,                             !- Off Cycle Parasitic Fuel Type
  0,                                      !- Off Cycle Parasitic Heat Fraction to Tank
  1862.00020020147,                       !- On Cycle Parasitic Fuel Consumption Rate {W}
  NaturalGas,                             !- On Cycle Parasitic Fuel Type
  0,                                      !- On Cycle Parasitic Heat Fraction to Tank
  ThermalZone,                            !- Ambient Temperature Indicator
  ,                                       !- Ambient Temperature Schedule Name
  {14b8ce65-e2ee-4bf8-8d91-542874e6c5ed}, !- Ambient Temperature Thermal Zone Name
  ,                                       !- Ambient Temperature Outdoor Air Node Name
  5.4750064940518,                        !- Off Cycle Loss Coefficient to Ambient Temperature {W/K}
  ,                                       !- Off Cycle Loss Fraction to Thermal Zone
  5.4750064940518,                        !- On Cycle Loss Coefficient to Ambient Temperature {W/K}
  ,                                       !- On Cycle Loss Fraction to Thermal Zone
  ,                                       !- Peak Use Flow Rate {m3/s}
  ,                                       !- Use Flow Rate Fraction Schedule Name
  ,                                       !- Cold Water Supply Temperature Schedule Name
  {e463beb2-c7e3-4c56-8424-5e65289bdded}, !- Use Side Inlet Node Name
  {13e7921e-bb6c-4c56-a1ee-d037d2962b10}, !- Use Side Outlet Node Name
  1,                                      !- Use Side Effectiveness
  ,                                       !- Source Side Inlet Node Name
  ,                                       !- Source Side Outlet Node Name
  1,                                      !- Source Side Effectiveness
  autosize,                               !- Use Side Design Flow Rate {m3/s}
  autosize,                               !- Source Side Design Flow Rate {m3/s}
  1.5,                                    !- Indirect Water Heating Recovery Time {hr}
  IndirectHeatPrimarySetpoint,            !- Source Side Flow Control Mode
  ,                                       !- Indirect Alternate Setpoint Temperature Schedule Name
  General;                                !- End-Use Subcategory

OS:Schedule:Day,
  {5c009072-c568-47e2-907c-7df4326f7cbd}, !- Handle
  Schedule Day 29,                        !- Name
  {34c5c2db-98bb-4f07-a6b6-55ece48162ef}, !- Schedule Type Limits Name
  ,                                       !- Interpolate to Timestep
  24,                                     !- Hour 1
  0,                                      !- Minute 1
  22;                                     !- Value Until Time 1

OS:Schedule:Day,
  {053da6db-39fe-4198-a567-77d0d3526927}, !- Handle
  Schedule Day 30,                        !- Name
  {34c5c2db-98bb-4f07-a6b6-55ece48162ef}, !- Schedule Type Limits Name
  ,                                       !- Interpolate to Timestep
  24,                                     !- Hour 1
  0,                                      !- Minute 1
  60;                                     !- Value Until Time 1

OS:WaterHeater:Sizing,
  {b447747d-955e-4fa1-bb5e-a8aade9b1d9e}, !- Handle
  {82ea31e8-d6c3-4b32-85a2-a6667c66b61f}, !- WaterHeater Name
  PeakDraw,                               !- Design Mode
  0.538503,                               !- Time Storage Can Meet Peak Draw {hr}
  0.5,                                    !- Time for Tank Recovery {hr}
  1;                                      !- Nominal Tank Volume for Autosizing Plant Connections {m3}

OS:Node,
  {2185ba7d-1a38-412d-9b00-a317cbeeefdf}, !- Handle
  40gal Natural Gas Water Heater - 40kBtu/hr 0.82 Therm Eff Supply Outlet Water Node, !- Name
  {13e7921e-bb6c-4c56-a1ee-d037d2962b10}, !- Inlet Port
  {d039a022-e232-4df8-a7d5-00b66c242109}; !- Outlet Port

OS:Connection,
  {e463beb2-c7e3-4c56-8424-5e65289bdded}, !- Handle
  {cbe2955b-ae47-4341-850d-1aca7524bb3c}, !- Source Object
  3,                                      !- Outlet Port
  {82ea31e8-d6c3-4b32-85a2-a6667c66b61f}, !- Target Object
  31;                                     !- Inlet Port

OS:Connection,
  {13e7921e-bb6c-4c56-a1ee-d037d2962b10}, !- Handle
  {82ea31e8-d6c3-4b32-85a2-a6667c66b61f}, !- Source Object
  32,                                     !- Outlet Port
  {2185ba7d-1a38-412d-9b00-a317cbeeefdf}, !- Target Object
  2;                                      !- Inlet Port

OS:Connection,
  {d039a022-e232-4df8-a7d5-00b66c242109}, !- Handle
  {2185ba7d-1a38-412d-9b00-a317cbeeefdf}, !- Source Object
  3,                                      !- Outlet Port
  {39bcb069-3339-47ac-a0a0-0cd8da269c7d}, !- Target Object
  3;                                      !- Inlet Port

OS:Pipe:Adiabatic,
  {b3e65b26-192b-4ab0-8251-145fcee0dd3b}, !- Handle
  Pipe Adiabatic 1,                       !- Name
  {82eae169-08b1-4ab7-8bd1-eb303ee52e1a}, !- Inlet Node Name
  {87b9162a-b80a-4ccd-a886-614322678f76}; !- Outlet Node Name

OS:Node,
  {7372414e-5d35-4e5e-a9c9-849272c85b61}, !- Handle
  Pipe Adiabatic 1 Inlet Water Node,      !- Name
  {0a6df05e-6fe2-415b-83ac-0c03f213224f}, !- Inlet Port
  {82eae169-08b1-4ab7-8bd1-eb303ee52e1a}; !- Outlet Port

OS:Connection,
  {0a6df05e-6fe2-415b-83ac-0c03f213224f}, !- Handle
  {8f90677d-b187-4e9f-818e-efce639dcd4c}, !- Source Object
  4,                                      !- Outlet Port
  {7372414e-5d35-4e5e-a9c9-849272c85b61}, !- Target Object
  2;                                      !- Inlet Port

OS:Node,
  {3d9dabd8-1f71-4a90-9804-b312ebc75385}, !- Handle
  Pipe Adiabatic 1 Outlet Water Node,     !- Name
  {87b9162a-b80a-4ccd-a886-614322678f76}, !- Inlet Port
  {7ae08ab4-efa5-4553-b8da-c11ceff07611}; !- Outlet Port

OS:Connection,
  {82eae169-08b1-4ab7-8bd1-eb303ee52e1a}, !- Handle
  {7372414e-5d35-4e5e-a9c9-849272c85b61}, !- Source Object
  3,                                      !- Outlet Port
  {b3e65b26-192b-4ab0-8251-145fcee0dd3b}, !- Target Object
  2;                                      !- Inlet Port

OS:Connection,
  {87b9162a-b80a-4ccd-a886-614322678f76}, !- Handle
  {b3e65b26-192b-4ab0-8251-145fcee0dd3b}, !- Source Object
  3,                                      !- Outlet Port
  {3d9dabd8-1f71-4a90-9804-b312ebc75385}, !- Target Object
  2;                                      !- Inlet Port

OS:Connection,
  {7ae08ab4-efa5-4553-b8da-c11ceff07611}, !- Handle
  {3d9dabd8-1f71-4a90-9804-b312ebc75385}, !- Source Object
  3,                                      !- Outlet Port
  {39bcb069-3339-47ac-a0a0-0cd8da269c7d}, !- Target Object
  4;                                      !- Inlet Port

OS:Pipe:Adiabatic,
  {d1089a18-acbe-4a53-a5ae-01b84eee97bb}, !- Handle
  Pipe Adiabatic 2,                       !- Name
  {9b8cdaaa-97f7-49f5-b7a7-aa79da86611b}, !- Inlet Node Name
  {cb5557c3-4906-4a71-8e35-a09880d09055}; !- Outlet Node Name

OS:Node,
  {9a6ba672-3e6c-4e4d-ad82-86722bcb8223}, !- Handle
  Pipe Adiabatic 2 Outlet Water Node,     !- Name
  {cb5557c3-4906-4a71-8e35-a09880d09055}, !- Inlet Port
  {131c8f23-14f5-4665-b070-6ce38ff3d21d}; !- Outlet Port

OS:Connection,
  {9b8cdaaa-97f7-49f5-b7a7-aa79da86611b}, !- Handle
  {e1d65f58-2ee7-4e5c-8b35-6ce4f49743fd}, !- Source Object
  3,                                      !- Outlet Port
  {d1089a18-acbe-4a53-a5ae-01b84eee97bb}, !- Target Object
  2;                                      !- Inlet Port

OS:Connection,
  {cb5557c3-4906-4a71-8e35-a09880d09055}, !- Handle
  {d1089a18-acbe-4a53-a5ae-01b84eee97bb}, !- Source Object
  3,                                      !- Outlet Port
  {9a6ba672-3e6c-4e4d-ad82-86722bcb8223}, !- Target Object
  2;                                      !- Inlet Port

OS:Connection,
  {131c8f23-14f5-4665-b070-6ce38ff3d21d}, !- Handle
  {9a6ba672-3e6c-4e4d-ad82-86722bcb8223}, !- Source Object
  3,                                      !- Outlet Port
  {241cb7c8-b48f-4957-a2d3-d2faf57ddd20}, !- Target Object
  3;                                      !- Inlet Port

OS:Pipe:Adiabatic,
  {75cec499-9919-4380-ae38-b6139ea3a51c}, !- Handle
  Pipe Adiabatic 3,                       !- Name
  {934ffb99-c7fd-4bba-8305-b220b5e5c0c3}, !- Inlet Node Name
  {70b5b2ee-e73d-4ffe-b872-549bf1b71270}; !- Outlet Node Name

OS:Node,
  {982b3cb2-898f-40b2-a72d-62da7f4962e5}, !- Handle
  Pipe Adiabatic 3 Inlet Water Node,      !- Name
  {d9312edb-5c61-4c89-9af5-7b54e22dc966}, !- Inlet Port
  {934ffb99-c7fd-4bba-8305-b220b5e5c0c3}; !- Outlet Port

OS:Connection,
  {d9312edb-5c61-4c89-9af5-7b54e22dc966}, !- Handle
  {39bcb069-3339-47ac-a0a0-0cd8da269c7d}, !- Source Object
  2,                                      !- Outlet Port
  {982b3cb2-898f-40b2-a72d-62da7f4962e5}, !- Target Object
  2;                                      !- Inlet Port

OS:Connection,
  {934ffb99-c7fd-4bba-8305-b220b5e5c0c3}, !- Handle
  {982b3cb2-898f-40b2-a72d-62da7f4962e5}, !- Source Object
  3,                                      !- Outlet Port
  {75cec499-9919-4380-ae38-b6139ea3a51c}, !- Target Object
  2;                                      !- Inlet Port

OS:Connection,
  {70b5b2ee-e73d-4ffe-b872-549bf1b71270}, !- Handle
  {75cec499-9919-4380-ae38-b6139ea3a51c}, !- Source Object
  3,                                      !- Outlet Port
  {b635d67f-aad5-435e-8e5a-dc9d7f6409cc}, !- Target Object
  2;                                      !- Inlet Port

OS:Pipe:Adiabatic,
  {f6ceee01-883e-44c7-becf-a19bf551c16c}, !- Handle
  Pipe Adiabatic 4,                       !- Name
  {7e5211c1-0044-4553-b9d2-faa9660293c5}, !- Inlet Node Name
  {8c2ccd2d-ffc8-4a15-a3e0-6c58aa2fbc71}; !- Outlet Node Name

OS:Node,
  {a663d504-422c-41db-bb91-d4d22423871a}, !- Handle
  Pipe Adiabatic 4 Inlet Water Node,      !- Name
  {076934b9-8364-442a-900b-6e461f51c45b}, !- Inlet Port
  {7e5211c1-0044-4553-b9d2-faa9660293c5}; !- Outlet Port

OS:Connection,
  {076934b9-8364-442a-900b-6e461f51c45b}, !- Handle
  {241cb7c8-b48f-4957-a2d3-d2faf57ddd20}, !- Source Object
  2,                                      !- Outlet Port
  {a663d504-422c-41db-bb91-d4d22423871a}, !- Target Object
  2;                                      !- Inlet Port

OS:Connection,
  {7e5211c1-0044-4553-b9d2-faa9660293c5}, !- Handle
  {a663d504-422c-41db-bb91-d4d22423871a}, !- Source Object
  3,                                      !- Outlet Port
  {f6ceee01-883e-44c7-becf-a19bf551c16c}, !- Target Object
  2;                                      !- Inlet Port

OS:Connection,
  {8c2ccd2d-ffc8-4a15-a3e0-6c58aa2fbc71}, !- Handle
  {f6ceee01-883e-44c7-becf-a19bf551c16c}, !- Source Object
  3,                                      !- Outlet Port
  {51e7f5fa-9eab-44fa-9bd9-402aa73dd781}, !- Target Object
  2;                                      !- Inlet Port

OS:Schedule:Ruleset,
  {3686e106-fcf8-4b04-8e76-24dfe9ce2f93}, !- Handle
  RetailStandalone BLDG_SWH_SCH,          !- Name
  {924a4528-c1e1-403e-bd80-619309031c01}, !- Schedule Type Limits Name
  {b147609a-4952-40a3-bd4c-efa5ecdb0888}, !- Default Day Schedule Name
  {aee0b2db-2735-4768-a863-249fc32d349f}, !- Summer Design Day Schedule Name
  {ae1a6780-e9d9-4da5-9c9e-a13513dad2c4}; !- Winter Design Day Schedule Name

OS:Schedule:Day,
  {b147609a-4952-40a3-bd4c-efa5ecdb0888}, !- Handle
  RetailStandalone BLDG_SWH_SCH Default,  !- Name
  {924a4528-c1e1-403e-bd80-619309031c01}, !- Schedule Type Limits Name
  No,                                     !- Interpolate to Timestep
  9,                                      !- Hour 1
  0,                                      !- Minute 1
  0,                                      !- Value Until Time 1
  10,                                     !- Hour 2
  0,                                      !- Minute 2
  0.14,                                   !- Value Until Time 2
  11,                                     !- Hour 3
  0,                                      !- Minute 3
  0.29,                                   !- Value Until Time 3
  12,                                     !- Hour 4
  0,                                      !- Minute 4
  0.31,                                   !- Value Until Time 4
  14,                                     !- Hour 5
  0,                                      !- Minute 5
  0.36,                                   !- Value Until Time 5
  15,                                     !- Hour 6
  0,                                      !- Minute 6
  0.34,                                   !- Value Until Time 6
  16,                                     !- Hour 7
  0,                                      !- Minute 7
  0.35,                                   !- Value Until Time 7
  17,                                     !- Hour 8
  0,                                      !- Minute 8
  0.37,                                   !- Value Until Time 8
  18,                                     !- Hour 9
  0,                                      !- Minute 9
  0.34,                                   !- Value Until Time 9
  19,                                     !- Hour 10
  0,                                      !- Minute 10
  0.25,                                   !- Value Until Time 10
  24,                                     !- Hour 11
  0,                                      !- Minute 11
  0;                                      !- Value Until Time 11

OS:Schedule:Day,
  {aee0b2db-2735-4768-a863-249fc32d349f}, !- Handle
  RetailStandalone BLDG_SWH_SCH Summer Design Day, !- Name
  {924a4528-c1e1-403e-bd80-619309031c01}, !- Schedule Type Limits Name
  No,                                     !- Interpolate to Timestep
  7,                                      !- Hour 1
  0,                                      !- Minute 1
  0,                                      !- Value Until Time 1
  8,                                      !- Hour 2
  0,                                      !- Minute 2
  0.15,                                   !- Value Until Time 2
  9,                                      !- Hour 3
  0,                                      !- Minute 3
  0.23,                                   !- Value Until Time 3
  10,                                     !- Hour 4
  0,                                      !- Minute 4
  0.32,                                   !- Value Until Time 4
  11,                                     !- Hour 5
  0,                                      !- Minute 5
  0.41,                                   !- Value Until Time 5
  12,                                     !- Hour 6
  0,                                      !- Minute 6
  0.57,                                   !- Value Until Time 6
  13,                                     !- Hour 7
  0,                                      !- Minute 7
  0.62,                                   !- Value Until Time 7
  14,                                     !- Hour 8
  0,                                      !- Minute 8
  0.61,                                   !- Value Until Time 8
  15,                                     !- Hour 9
  0,                                      !- Minute 9
  0.5,                                    !- Value Until Time 9
  16,                                     !- Hour 10
  0,                                      !- Minute 10
  0.45,                                   !- Value Until Time 10
  17,                                     !- Hour 11
  0,                                      !- Minute 11
  0.46,                                   !- Value Until Time 11
  18,                                     !- Hour 12
  0,                                      !- Minute 12
  0.47,                                   !- Value Until Time 12
  19,                                     !- Hour 13
  0,                                      !- Minute 13
  0.42,                                   !- Value Until Time 13
  20,                                     !- Hour 14
  0,                                      !- Minute 14
  0.34,                                   !- Value Until Time 14
  21,                                     !- Hour 15
  0,                                      !- Minute 15
  0.33,                                   !- Value Until Time 15
  24,                                     !- Hour 16
  0,                                      !- Minute 16
  0;                                      !- Value Until Time 16

OS:Schedule:Rule,
  {9b467a5f-2dc8-4ffb-82b8-1e26b1216ed6}, !- Handle
  Schedule Rule 21,                       !- Name
  {3686e106-fcf8-4b04-8e76-24dfe9ce2f93}, !- Schedule Ruleset Name
  1,                                      !- Rule Order
  {c8a885ed-86f4-41c8-8bcc-2c858c30841a}, !- Day Schedule Name
  ,                                       !- Apply Sunday
  Yes,                                    !- Apply Monday
  Yes,                                    !- Apply Tuesday
  Yes,                                    !- Apply Wednesday
  Yes,                                    !- Apply Thursday
  Yes,                                    !- Apply Friday
  ,                                       !- Apply Saturday
  DateRange,                              !- Date Specification Type
  1,                                      !- Start Month
  1,                                      !- Start Day
  12,                                     !- End Month
  31;                                     !- End Day

OS:Schedule:Day,
  {c8a885ed-86f4-41c8-8bcc-2c858c30841a}, !- Handle
  RetailStandalone BLDG_SWH_SCH SmrDsn|Wkdy Day, !- Name
  {924a4528-c1e1-403e-bd80-619309031c01}, !- Schedule Type Limits Name
  No,                                     !- Interpolate to Timestep
  7,                                      !- Hour 1
  0,                                      !- Minute 1
  0,                                      !- Value Until Time 1
  8,                                      !- Hour 2
  0,                                      !- Minute 2
  0.15,                                   !- Value Until Time 2
  9,                                      !- Hour 3
  0,                                      !- Minute 3
  0.23,                                   !- Value Until Time 3
  10,                                     !- Hour 4
  0,                                      !- Minute 4
  0.32,                                   !- Value Until Time 4
  11,                                     !- Hour 5
  0,                                      !- Minute 5
  0.41,                                   !- Value Until Time 5
  12,                                     !- Hour 6
  0,                                      !- Minute 6
  0.57,                                   !- Value Until Time 6
  13,                                     !- Hour 7
  0,                                      !- Minute 7
  0.62,                                   !- Value Until Time 7
  14,                                     !- Hour 8
  0,                                      !- Minute 8
  0.61,                                   !- Value Until Time 8
  15,                                     !- Hour 9
  0,                                      !- Minute 9
  0.5,                                    !- Value Until Time 9
  16,                                     !- Hour 10
  0,                                      !- Minute 10
  0.45,                                   !- Value Until Time 10
  17,                                     !- Hour 11
  0,                                      !- Minute 11
  0.46,                                   !- Value Until Time 11
  18,                                     !- Hour 12
  0,                                      !- Minute 12
  0.47,                                   !- Value Until Time 12
  19,                                     !- Hour 13
  0,                                      !- Minute 13
  0.42,                                   !- Value Until Time 13
  20,                                     !- Hour 14
  0,                                      !- Minute 14
  0.34,                                   !- Value Until Time 14
  21,                                     !- Hour 15
  0,                                      !- Minute 15
  0.33,                                   !- Value Until Time 15
  24,                                     !- Hour 16
  0,                                      !- Minute 16
  0;                                      !- Value Until Time 16

OS:Schedule:Day,
  {ae1a6780-e9d9-4da5-9c9e-a13513dad2c4}, !- Handle
  RetailStandalone BLDG_SWH_SCH Winter Design Day, !- Name
  {924a4528-c1e1-403e-bd80-619309031c01}, !- Schedule Type Limits Name
  No,                                     !- Interpolate to Timestep
  7,                                      !- Hour 1
  0,                                      !- Minute 1
  0,                                      !- Value Until Time 1
  8,                                      !- Hour 2
  0,                                      !- Minute 2
  0.2,                                    !- Value Until Time 2
  9,                                      !- Hour 3
  0,                                      !- Minute 3
  0.24,                                   !- Value Until Time 3
  10,                                     !- Hour 4
  0,                                      !- Minute 4
  0.27,                                   !- Value Until Time 4
  11,                                     !- Hour 5
  0,                                      !- Minute 5
  0.42,                                   !- Value Until Time 5
  12,                                     !- Hour 6
  0,                                      !- Minute 6
  0.54,                                   !- Value Until Time 6
  13,                                     !- Hour 7
  0,                                      !- Minute 7
  0.59,                                   !- Value Until Time 7
  14,                                     !- Hour 8
  0,                                      !- Minute 8
  0.6,                                    !- Value Until Time 8
  15,                                     !- Hour 9
  0,                                      !- Minute 9
  0.49,                                   !- Value Until Time 9
  16,                                     !- Hour 10
  0,                                      !- Minute 10
  0.48,                                   !- Value Until Time 10
  17,                                     !- Hour 11
  0,                                      !- Minute 11
  0.47,                                   !- Value Until Time 11
  18,                                     !- Hour 12
  0,                                      !- Minute 12
  0.46,                                   !- Value Until Time 12
  19,                                     !- Hour 13
  0,                                      !- Minute 13
  0.44,                                   !- Value Until Time 13
  20,                                     !- Hour 14
  0,                                      !- Minute 14
  0.36,                                   !- Value Until Time 14
  21,                                     !- Hour 15
  0,                                      !- Minute 15
  0.29,                                   !- Value Until Time 15
  22,                                     !- Hour 16
  0,                                      !- Minute 16
  0.22,                                   !- Value Until Time 16
  24,                                     !- Hour 17
  0,                                      !- Minute 17
  0;                                      !- Value Until Time 17

OS:Schedule:Rule,
  {4de40223-0740-4e30-8c5b-cc0361adeb15}, !- Handle
  Schedule Rule 22,                       !- Name
  {3686e106-fcf8-4b04-8e76-24dfe9ce2f93}, !- Schedule Ruleset Name
  0,                                      !- Rule Order
  {acfad882-5a63-4257-9278-c25dc9d46a83}, !- Day Schedule Name
  ,                                       !- Apply Sunday
  ,                                       !- Apply Monday
  ,                                       !- Apply Tuesday
  ,                                       !- Apply Wednesday
  ,                                       !- Apply Thursday
  ,                                       !- Apply Friday
  Yes,                                    !- Apply Saturday
  DateRange,                              !- Date Specification Type
  1,                                      !- Start Month
  1,                                      !- Start Day
  12,                                     !- End Month
  31;                                     !- End Day

OS:Schedule:Day,
  {acfad882-5a63-4257-9278-c25dc9d46a83}, !- Handle
  RetailStandalone BLDG_SWH_SCH WntrDsn|Sat Day, !- Name
  {924a4528-c1e1-403e-bd80-619309031c01}, !- Schedule Type Limits Name
  No,                                     !- Interpolate to Timestep
  7,                                      !- Hour 1
  0,                                      !- Minute 1
  0,                                      !- Value Until Time 1
  8,                                      !- Hour 2
  0,                                      !- Minute 2
  0.2,                                    !- Value Until Time 2
  9,                                      !- Hour 3
  0,                                      !- Minute 3
  0.24,                                   !- Value Until Time 3
  10,                                     !- Hour 4
  0,                                      !- Minute 4
  0.27,                                   !- Value Until Time 4
  11,                                     !- Hour 5
  0,                                      !- Minute 5
  0.42,                                   !- Value Until Time 5
  12,                                     !- Hour 6
  0,                                      !- Minute 6
  0.54,                                   !- Value Until Time 6
  13,                                     !- Hour 7
  0,                                      !- Minute 7
  0.59,                                   !- Value Until Time 7
  14,                                     !- Hour 8
  0,                                      !- Minute 8
  0.6,                                    !- Value Until Time 8
  15,                                     !- Hour 9
  0,                                      !- Minute 9
  0.49,                                   !- Value Until Time 9
  16,                                     !- Hour 10
  0,                                      !- Minute 10
  0.48,                                   !- Value Until Time 10
  17,                                     !- Hour 11
  0,                                      !- Minute 11
  0.47,                                   !- Value Until Time 11
  18,                                     !- Hour 12
  0,                                      !- Minute 12
  0.46,                                   !- Value Until Time 12
  19,                                     !- Hour 13
  0,                                      !- Minute 13
  0.44,                                   !- Value Until Time 13
  20,                                     !- Hour 14
  0,                                      !- Minute 14
  0.36,                                   !- Value Until Time 14
  21,                                     !- Hour 15
  0,                                      !- Minute 15
  0.29,                                   !- Value Until Time 15
  22,                                     !- Hour 16
  0,                                      !- Minute 16
  0.22,                                   !- Value Until Time 16
  24,                                     !- Hour 17
  0,                                      !- Minute 17
  0;                                      !- Value Until Time 17

OS:WaterUse:Equipment:Definition,
  {b712dec4-a9f2-455a-bfb9-e5b9fcbe7950}, !- Handle
  Main 0.3gpm 140F,                       !- Name
  ,                                       !- End-Use Subcategory
  1.89270589198493e-05,                   !- Peak Flow Rate {m3/s}
  {b9999ec4-53cd-4f5c-b228-471cb88222dd}, !- Target Temperature Schedule Name
  {0b5e5c47-f7c1-4b4f-9100-793e1dbed055}, !- Sensible Fraction Schedule Name
  {727ae110-27ac-4f47-ad6b-6ce408d63424}; !- Latent Fraction Schedule Name

OS:Schedule:Ruleset,
  {0b5e5c47-f7c1-4b4f-9100-793e1dbed055}, !- Handle
  Fraction Sensible - 0.2,                !- Name
  {924a4528-c1e1-403e-bd80-619309031c01}, !- Schedule Type Limits Name
  {df15aea1-9db7-45d1-95e4-03142a57df21}; !- Default Day Schedule Name

OS:Schedule:Day,
  {df15aea1-9db7-45d1-95e4-03142a57df21}, !- Handle
  Fraction Sensible - 0.2 Default,        !- Name
  {924a4528-c1e1-403e-bd80-619309031c01}, !- Schedule Type Limits Name
  ,                                       !- Interpolate to Timestep
  24,                                     !- Hour 1
  0,                                      !- Minute 1
  0.2;                                    !- Value Until Time 1

OS:Schedule:Ruleset,
  {727ae110-27ac-4f47-ad6b-6ce408d63424}, !- Handle
  Fraction Latent - 0.05,                 !- Name
  {924a4528-c1e1-403e-bd80-619309031c01}, !- Schedule Type Limits Name
  {c7698a1b-aa20-48d9-a812-44af38b298b0}; !- Default Day Schedule Name

OS:Schedule:Day,
  {c7698a1b-aa20-48d9-a812-44af38b298b0}, !- Handle
  Fraction Latent - 0.05 Default,         !- Name
  {924a4528-c1e1-403e-bd80-619309031c01}, !- Schedule Type Limits Name
  ,                                       !- Interpolate to Timestep
  24,                                     !- Hour 1
  0,                                      !- Minute 1
  0.05;                                   !- Value Until Time 1

OS:Schedule:Ruleset,
  {b9999ec4-53cd-4f5c-b228-471cb88222dd}, !- Handle
  Mixed Water At Faucet Temp - 140F,      !- Name
  {34c5c2db-98bb-4f07-a6b6-55ece48162ef}, !- Schedule Type Limits Name
  {3c3edf28-aa6a-4ff4-9090-043314a1e1cd}; !- Default Day Schedule Name

OS:Schedule:Day,
  {3c3edf28-aa6a-4ff4-9090-043314a1e1cd}, !- Handle
  Mixed Water At Faucet Temp - 140F Default, !- Name
  {34c5c2db-98bb-4f07-a6b6-55ece48162ef}, !- Schedule Type Limits Name
  ,                                       !- Interpolate to Timestep
  24,                                     !- Hour 1
  0,                                      !- Minute 1
  60.0000000000001;                       !- Value Until Time 1

OS:WaterUse:Equipment,
  {a8c93c81-2341-4b2f-bcf7-ad9ccb71a5d1}, !- Handle
  Main Service Water Use 0.3gpm 140F,     !- Name
  {b712dec4-a9f2-455a-bfb9-e5b9fcbe7950}, !- Water Use Equipment Definition Name
  ,                                       !- Space Name
  {3686e106-fcf8-4b04-8e76-24dfe9ce2f93}; !- Flow Rate Fraction Schedule Name

OS:WaterUse:Connections,
  {92b76a64-c8da-479b-bd8a-34f183b91d5a}, !- Handle
  Main WUC 0.3gpm 140F,                   !- Name
  {f2972bdd-f051-42e3-8ed5-f954a8535c77}, !- Inlet Node Name
  {d55df571-9243-4ba1-90f5-653ee7f3ebeb}, !- Outlet Node Name
  ,                                       !- Supply Water Storage Tank Name
  ,                                       !- Reclamation Water Storage Tank Name
  ,                                       !- Hot Water Supply Temperature Schedule Name
  ,                                       !- Cold Water Supply Temperature Schedule Name
  None,                                   !- Drain Water Heat Exchanger Type
  Plant,                                  !- Drain Water Heat Exchanger Destination
  ,                                       !- Drain Water Heat Exchanger U-Factor Times Area {W/K}
  {a8c93c81-2341-4b2f-bcf7-ad9ccb71a5d1}; !- Water Use Equipment Name 1

OS:Node,
  {867ed515-da93-4a01-854f-0eb4e8fcca42}, !- Handle
  Main WUC 0.3gpm 140F Inlet Water Node,  !- Name
  {6fb09567-ed5d-4262-866f-10585ee6cee5}, !- Inlet Port
  {f2972bdd-f051-42e3-8ed5-f954a8535c77}; !- Outlet Port

OS:Connection,
  {6fb09567-ed5d-4262-866f-10585ee6cee5}, !- Handle
  {3046a1bd-ea17-4134-86b9-6a2866fd2eab}, !- Source Object
  4,                                      !- Outlet Port
  {867ed515-da93-4a01-854f-0eb4e8fcca42}, !- Target Object
  2;                                      !- Inlet Port

OS:Node,
  {4cae6bfc-5dc5-4d65-a98b-1939c4f6297d}, !- Handle
  Main WUC 0.3gpm 140F Outlet Water Node, !- Name
  {d55df571-9243-4ba1-90f5-653ee7f3ebeb}, !- Inlet Port
  {2ecb307b-7ce3-41fd-a7b1-96aeeecd432c}; !- Outlet Port

OS:Connection,
  {f2972bdd-f051-42e3-8ed5-f954a8535c77}, !- Handle
  {867ed515-da93-4a01-854f-0eb4e8fcca42}, !- Source Object
  3,                                      !- Outlet Port
  {92b76a64-c8da-479b-bd8a-34f183b91d5a}, !- Target Object
  2;                                      !- Inlet Port

OS:Connection,
  {d55df571-9243-4ba1-90f5-653ee7f3ebeb}, !- Handle
  {92b76a64-c8da-479b-bd8a-34f183b91d5a}, !- Source Object
  3,                                      !- Outlet Port
  {4cae6bfc-5dc5-4d65-a98b-1939c4f6297d}, !- Target Object
  2;                                      !- Inlet Port

OS:Connection,
  {2ecb307b-7ce3-41fd-a7b1-96aeeecd432c}, !- Handle
  {4cae6bfc-5dc5-4d65-a98b-1939c4f6297d}, !- Source Object
  3,                                      !- Outlet Port
  {241cb7c8-b48f-4957-a2d3-d2faf57ddd20}, !- Target Object
  4;                                      !- Inlet Port

OS:Exterior:Lights:Definition,
  {32c462aa-4559-47f1-ae9f-514573da2064}, !- Handle
  Occ Sensing Exterior Lights Def,        !- Name
  7322;                                   !- Design Level {W}

OS:Schedule:Ruleset,
  {050c3f0f-e6f8-413f-9f30-f782f08e737d}, !- Handle
  RetailStandalone Exterior_Lgt_ALWAYS_ON, !- Name
  {924a4528-c1e1-403e-bd80-619309031c01}, !- Schedule Type Limits Name
  {72e5518d-6ef0-438d-9e22-cbcd1c3ce83d}, !- Default Day Schedule Name
  {159b7297-4470-4dab-8d91-0fe7ef419e62}, !- Summer Design Day Schedule Name
  {561b92e4-1c05-415e-aea3-a844c1dfc78c}; !- Winter Design Day Schedule Name

OS:Schedule:Day,
  {72e5518d-6ef0-438d-9e22-cbcd1c3ce83d}, !- Handle
  RetailStandalone Exterior_Lgt_ALWAYS_ON Default, !- Name
  {924a4528-c1e1-403e-bd80-619309031c01}, !- Schedule Type Limits Name
  No,                                     !- Interpolate to Timestep
  24,                                     !- Hour 1
  0,                                      !- Minute 1
  1;                                      !- Value Until Time 1

OS:Schedule:Day,
  {561b92e4-1c05-415e-aea3-a844c1dfc78c}, !- Handle
  RetailStandalone Exterior_Lgt_ALWAYS_ON Winter Design Day, !- Name
  {924a4528-c1e1-403e-bd80-619309031c01}, !- Schedule Type Limits Name
  No,                                     !- Interpolate to Timestep
  24,                                     !- Hour 1
  0,                                      !- Minute 1
  1;                                      !- Value Until Time 1

OS:Schedule:Day,
  {159b7297-4470-4dab-8d91-0fe7ef419e62}, !- Handle
  RetailStandalone Exterior_Lgt_ALWAYS_ON Summer Design Day, !- Name
  {924a4528-c1e1-403e-bd80-619309031c01}, !- Schedule Type Limits Name
  No,                                     !- Interpolate to Timestep
  24,                                     !- Hour 1
  0,                                      !- Minute 1
  1;                                      !- Value Until Time 1

OS:Exterior:Lights,
  {45920b7d-f4c9-4bdb-954b-fd2743f4d89d}, !- Handle
  Occ Sensing Exterior Lights Def,        !- Name
  {32c462aa-4559-47f1-ae9f-514573da2064}, !- Exterior Lights Definition Name
  {050c3f0f-e6f8-413f-9f30-f782f08e737d}, !- Schedule Name
  AstronomicalClock,                      !- Control Option
  ,                                       !- Multiplier
  General;                                !- End-Use Subcategory

OS:Exterior:Lights:Definition,
  {324440b4-7fd6-4999-b6e8-ec9812a16f6d}, !- Handle
  NonDimming Exterior Lights Def,         !- Name
  0;                                      !- Design Level {W}

OS:Schedule:Ruleset,
  {5a4e752d-92df-4dbf-b358-8afcddb2e42a}, !- Handle
  RetailStandalone Exterior_lighting_schedule_a, !- Name
  {924a4528-c1e1-403e-bd80-619309031c01}, !- Schedule Type Limits Name
  {5ca0c37f-ca20-4f87-b157-2605e98c1e9e}, !- Default Day Schedule Name
  {5ceea8d1-cb36-4331-aacc-9c7430007595}, !- Summer Design Day Schedule Name
  {3eb85f6a-0a2a-44c5-9b89-74be2ec1aec0}; !- Winter Design Day Schedule Name

OS:Schedule:Day,
  {5ca0c37f-ca20-4f87-b157-2605e98c1e9e}, !- Handle
  RetailStandalone Exterior_lighting_schedule_a Default, !- Name
  {924a4528-c1e1-403e-bd80-619309031c01}, !- Schedule Type Limits Name
  No,                                     !- Interpolate to Timestep
  6,                                      !- Hour 1
  0,                                      !- Minute 1
  0,                                      !- Value Until Time 1
  24,                                     !- Hour 2
  0,                                      !- Minute 2
  1;                                      !- Value Until Time 2

OS:Schedule:Day,
  {3eb85f6a-0a2a-44c5-9b89-74be2ec1aec0}, !- Handle
  RetailStandalone Exterior_lighting_schedule_a Winter Design Day, !- Name
  {924a4528-c1e1-403e-bd80-619309031c01}, !- Schedule Type Limits Name
  No,                                     !- Interpolate to Timestep
  6,                                      !- Hour 1
  0,                                      !- Minute 1
  0,                                      !- Value Until Time 1
  24,                                     !- Hour 2
  0,                                      !- Minute 2
  1;                                      !- Value Until Time 2

OS:Schedule:Day,
  {5ceea8d1-cb36-4331-aacc-9c7430007595}, !- Handle
  RetailStandalone Exterior_lighting_schedule_a Summer Design Day, !- Name
  {924a4528-c1e1-403e-bd80-619309031c01}, !- Schedule Type Limits Name
  No,                                     !- Interpolate to Timestep
  6,                                      !- Hour 1
  0,                                      !- Minute 1
  0,                                      !- Value Until Time 1
  24,                                     !- Hour 2
  0,                                      !- Minute 2
  1;                                      !- Value Until Time 2

OS:Exterior:Lights,
  {b4061b47-86ce-465d-a7f0-7e149ee65753}, !- Handle
  NonDimming Exterior Lights Def,         !- Name
  {324440b4-7fd6-4999-b6e8-ec9812a16f6d}, !- Exterior Lights Definition Name
  {5a4e752d-92df-4dbf-b358-8afcddb2e42a}, !- Schedule Name
  AstronomicalClock,                      !- Control Option
  ,                                       !- Multiplier
  General;                                !- End-Use Subcategory

OS:RunPeriodControl:DaylightSavingTime,
  {38b7ef4c-d6f2-4c57-bb58-39b568490042}, !- Handle
  2nd Sunday in March,                    !- Start Date
  1st Sunday in November;                 !- End Date

OS:Schedule:Day,
  {df612207-edb1-4f9d-8e78-fc4ac3ca8aa4}, !- Handle
  Economizer Max OA Fraction 70 pct Default, !- Name
  ,                                       !- Schedule Type Limits Name
  ,                                       !- Interpolate to Timestep
  24,                                     !- Hour 1
  0,                                      !- Minute 1
  0.7;                                    !- Value Until Time 1

OS:Schedule:Ruleset,
  {94923f35-c288-46f4-8f6e-fdb6aa8c52cb}, !- Handle
  ems_Back_Space_ZN_PSZ_AC_maxOASch,      !- Name
  {924a4528-c1e1-403e-bd80-619309031c01}, !- Schedule Type Limits Name
  {6d80bce8-7dde-4f93-9743-2effed9b381d}; !- Default Day Schedule Name

OS:Schedule:Day,
  {6d80bce8-7dde-4f93-9743-2effed9b381d}, !- Handle
  ems_Back_Space_ZN_PSZ_AC_maxOASch_Default, !- Name
  {924a4528-c1e1-403e-bd80-619309031c01}, !- Schedule Type Limits Name
  ,                                       !- Interpolate to Timestep
  24,                                     !- Hour 1
  0,                                      !- Minute 1
  0.7;                                    !- Value Until Time 1

OS:EnergyManagementSystem:Sensor,
  {ea12d97e-09a5-4187-8d77-168268cd4335}, !- Handle
  OAT,                                    !- Name
  Environment,                            !- Output Variable or Output Meter Index Key Name
  Site Outdoor Air Drybulb Temperature;   !- Output Variable or Output Meter Name

OS:EnergyManagementSystem:Actuator,
  {94cd3317-ccc5-4153-a464-9ad4f7a318cb}, !- Handle
  ems_Core_Retail_ZN_PSZ_AC_HtgSch0,      !- Name
  {42f9175d-fbc5-4e42-9f74-18f2523405da}, !- Actuated Component Name
  Schedule:Year,                          !- Actuated Component Type
  Schedule Value,                         !- Actuated Component Control Type
  ;                                       !- Zone or Space Name

OS:EnergyManagementSystem:Actuator,
  {d98f2387-7074-416f-ade1-7dccbdd3c94d}, !- Handle
  ems_Core_Retail_ZN_PSZ_AC_ClgSch0,      !- Name
  {08530309-3827-41dd-b496-7bd6a9074bba}, !- Actuated Component Name
  Schedule:Year,                          !- Actuated Component Type
  Schedule Value,                         !- Actuated Component Control Type
  ;                                       !- Zone or Space Name

OS:EnergyManagementSystem:Program,
  {4d136dac-178e-4c5a-8db8-f198e6c23a0d}, !- Handle
  ems_Core_Retail_ZN_PSZ_AC_OptimumStartProg0, !- Name
  IF DaylightSavings==0 && DayOfWeek>1 && Hour==5 && {ea12d97e-09a5-4187-8d77-168268cd4335}<23.9 && {ea12d97e-09a5-4187-8d77-168268cd4335}>1.7, !- Program Line 1
  SET {d98f2387-7074-416f-ade1-7dccbdd3c94d} = 29.4, !- Program Line 2
  SET {94cd3317-ccc5-4153-a464-9ad4f7a318cb} = 15.6, !- Program Line 3
  ELSEIF DaylightSavings==0 && DayOfWeek==1 && Hour==7 && {ea12d97e-09a5-4187-8d77-168268cd4335}<23.9 && {ea12d97e-09a5-4187-8d77-168268cd4335}>1.7, !- Program Line 4
  SET {d98f2387-7074-416f-ade1-7dccbdd3c94d} = 29.4, !- Program Line 5
  SET {94cd3317-ccc5-4153-a464-9ad4f7a318cb} = 15.6, !- Program Line 6
  ELSEIF DaylightSavings==1 && DayOfWeek>1 && Hour==4 && {ea12d97e-09a5-4187-8d77-168268cd4335}<23.9 && {ea12d97e-09a5-4187-8d77-168268cd4335}>1.7, !- Program Line 7
  SET {d98f2387-7074-416f-ade1-7dccbdd3c94d} = 29.4, !- Program Line 8
  SET {94cd3317-ccc5-4153-a464-9ad4f7a318cb} = 15.6, !- Program Line 9
  ELSEIF DaylightSavings==1 && DayOfWeek==1 && Hour==6 && {ea12d97e-09a5-4187-8d77-168268cd4335}<23.9 && {ea12d97e-09a5-4187-8d77-168268cd4335}>1.7, !- Program Line 10
  SET {d98f2387-7074-416f-ade1-7dccbdd3c94d} = 29.4, !- Program Line 11
  SET {94cd3317-ccc5-4153-a464-9ad4f7a318cb} = 15.6, !- Program Line 12
  ELSE,                                   !- Program Line 13
  SET {d98f2387-7074-416f-ade1-7dccbdd3c94d} = NULL, !- Program Line 14
  SET {94cd3317-ccc5-4153-a464-9ad4f7a318cb} = NULL, !- Program Line 15
  ENDIF;                                  !- Program Line 16

OS:EnergyManagementSystem:ProgramCallingManager,
  {94b714e2-cf9d-4522-8c67-154b3fa12646}, !- Handle
  ems_Core_Retail_ZN_PSZ_AC_OptimumStartCallingManager0, !- Name
  BeginTimestepBeforePredictor,           !- EnergyPlus Model Calling Point
  {4d136dac-178e-4c5a-8db8-f198e6c23a0d}; !- Program Name 1

OS:Schedule:Ruleset,
  {f9d36e30-f10e-47a3-80b8-20b6321469d7}, !- Handle
  ems_Core_Retail_ZN_PSZ_AC_maxOASch,     !- Name
  {924a4528-c1e1-403e-bd80-619309031c01}, !- Schedule Type Limits Name
  {dceca569-544c-49cc-802d-bf4de3971a30}; !- Default Day Schedule Name

OS:Schedule:Day,
  {dceca569-544c-49cc-802d-bf4de3971a30}, !- Handle
  ems_Core_Retail_ZN_PSZ_AC_maxOASch_Default, !- Name
  {924a4528-c1e1-403e-bd80-619309031c01}, !- Schedule Type Limits Name
  ,                                       !- Interpolate to Timestep
  24,                                     !- Hour 1
  0,                                      !- Minute 1
  0.7;                                    !- Value Until Time 1

OS:Schedule:Ruleset,
  {3e9e50de-b1a8-4969-87b1-45bc11cb9863}, !- Handle
  ems_Front_Retail_ZN_PSZ_AC_maxOASch,    !- Name
  {924a4528-c1e1-403e-bd80-619309031c01}, !- Schedule Type Limits Name
  {ec258bc6-46c7-4f15-a96d-ed0545fae989}; !- Default Day Schedule Name

OS:Schedule:Day,
  {ec258bc6-46c7-4f15-a96d-ed0545fae989}, !- Handle
  ems_Front_Retail_ZN_PSZ_AC_maxOASch_Default, !- Name
  {924a4528-c1e1-403e-bd80-619309031c01}, !- Schedule Type Limits Name
  ,                                       !- Interpolate to Timestep
  24,                                     !- Hour 1
  0,                                      !- Minute 1
  0.7;                                    !- Value Until Time 1

OS:Schedule:Ruleset,
  {c73d4f78-3675-43f0-9e9f-ba70908a1b0e}, !- Handle
  ems_Point_Of_Sale_ZN_PSZ_AC_maxOASch,   !- Name
  {924a4528-c1e1-403e-bd80-619309031c01}, !- Schedule Type Limits Name
  {d5a340e3-aa9f-4eca-915f-2c238a2758d4}; !- Default Day Schedule Name

OS:Schedule:Day,
  {d5a340e3-aa9f-4eca-915f-2c238a2758d4}, !- Handle
  ems_Point_Of_Sale_ZN_PSZ_AC_maxOASch_Default, !- Name
  {924a4528-c1e1-403e-bd80-619309031c01}, !- Schedule Type Limits Name
  ,                                       !- Interpolate to Timestep
  24,                                     !- Hour 1
  0,                                      !- Minute 1
  0.7;                                    !- Value Until Time 1

OS:Curve:Biquadratic,
  {f3261872-d5c3-4780-9849-f29e86149418}, !- Handle
  CoilClgDXQRatio_fTwbToadbSI,            !- Name
  0.86779,                                !- Coefficient1 Constant
  0.014245,                               !- Coefficient2 x
  0.000554,                               !- Coefficient3 x**2
  -0.007569,                              !- Coefficient4 y
  3.2e-05,                                !- Coefficient5 y**2
  -0.000191,                              !- Coefficient6 x*y
  13.89,                                  !- Minimum Value of x
  25,                                     !- Maximum Value of x
  23.89,                                  !- Minimum Value of y
  46.11,                                  !- Maximum Value of y
  0.77,                                   !- Minimum Curve Output
  1.29;                                   !- Maximum Curve Output

OS:Curve:Quadratic,
  {b0e8e98d-cba7-494e-8aa1-11c871a1a1e1}, !- Handle
  CoilClgDXSnglQRatio_fCFMRatio,          !- Name
  0.8,                                    !- Coefficient1 Constant
  0.2,                                    !- Coefficient2 x
  0,                                      !- Coefficient3 x**2
  0.5,                                    !- Minimum Value of x
  1.5;                                    !- Maximum Value of x

OS:Curve:Biquadratic,
  {87787f45-f034-40a2-bb84-4b8b684b5294}, !- Handle
  CoilClgDXEIRRatio_fTwbToadbSI,          !- Name
  0.116709,                               !- Coefficient1 Constant
  0.028458,                               !- Coefficient2 x
  -0.000411,                              !- Coefficient3 x**2
  0.021422,                               !- Coefficient4 y
  0.000162,                               !- Coefficient5 y**2
  -0.00068,                               !- Coefficient6 x*y
  13.89,                                  !- Minimum Value of x
  25,                                     !- Maximum Value of x
  23.89,                                  !- Minimum Value of y
  46.11,                                  !- Maximum Value of y
  0.77,                                   !- Minimum Curve Output
  1.33;                                   !- Maximum Curve Output

OS:Curve:Quadratic,
  {87d160f8-34cc-4f7e-8b27-4e91177e639a}, !- Handle
  CoilClgDXSnglEIRRatio_fCFMRatio,        !- Name
  1.156,                                  !- Coefficient1 Constant
  -0.1816,                                !- Coefficient2 x
  0.0256,                                 !- Coefficient3 x**2
  0,                                      !- Minimum Value of x
  1;                                      !- Maximum Value of x

OS:Curve:Cubic,
  {d7b10063-973b-4ed9-8a74-a7048a5d971f}, !- Handle
  CoilClgDXEIRRatio_fQFrac,               !- Name
  0,                                      !- Coefficient1 Constant
  5.1091,                                 !- Coefficient2 x
  -8.5515,                                !- Coefficient3 x**2
  4.4744,                                 !- Coefficient4 x**3
  0.7,                                    !- Minimum Value of x
  1;                                      !- Maximum Value of x

OS:AdditionalProperties,
  {703f9d0f-f569-49d2-96bb-d9b01ed7093e}, !- Handle
  {82ea31e8-d6c3-4b32-85a2-a6667c66b61f}; !- Object Name

OS:Schedule:Ruleset,
  {1b04e74b-66a2-4992-ad7a-acbe15685b47}, !- Handle
  Infiltration HVAC On Schedule,          !- Name
  {9b1a13e1-74b8-402a-a517-357efea8cfd7}, !- Schedule Type Limits Name
  {1a948ab5-e7eb-443c-bd20-33f2762108e0}, !- Default Day Schedule Name
  {3b0ae79b-270e-4518-8b21-d878da888469}, !- Summer Design Day Schedule Name
  {76fa2468-c6e5-4fa2-8e80-d3dd13d19996}; !- Winter Design Day Schedule Name

OS:Schedule:Day,
  {1a948ab5-e7eb-443c-bd20-33f2762108e0}, !- Handle
  RetailStandalone HVACOperationSchd Default 1, !- Name
  {9b1a13e1-74b8-402a-a517-357efea8cfd7}, !- Schedule Type Limits Name
  No,                                     !- Interpolate to Timestep
  8,                                      !- Hour 1
  0,                                      !- Minute 1
  0,                                      !- Value Until Time 1
  19,                                     !- Hour 2
  0,                                      !- Minute 2
  1,                                      !- Value Until Time 2
  24,                                     !- Hour 3
  0,                                      !- Minute 3
  0;                                      !- Value Until Time 3

OS:Schedule:Day,
  {3b0ae79b-270e-4518-8b21-d878da888469}, !- Handle
  RetailStandalone HVACOperationSchd Summer Design Day 1, !- Name
  {9b1a13e1-74b8-402a-a517-357efea8cfd7}, !- Schedule Type Limits Name
  No,                                     !- Interpolate to Timestep
  6,                                      !- Hour 1
  0,                                      !- Minute 1
  0,                                      !- Value Until Time 1
  21,                                     !- Hour 2
  0,                                      !- Minute 2
  1,                                      !- Value Until Time 2
  24,                                     !- Hour 3
  0,                                      !- Minute 3
  0;                                      !- Value Until Time 3

OS:Schedule:Day,
  {76fa2468-c6e5-4fa2-8e80-d3dd13d19996}, !- Handle
  RetailStandalone HVACOperationSchd Winter Design Day 1, !- Name
  {9b1a13e1-74b8-402a-a517-357efea8cfd7}, !- Schedule Type Limits Name
  No,                                     !- Interpolate to Timestep
  6,                                      !- Hour 1
  0,                                      !- Minute 1
  0,                                      !- Value Until Time 1
  22,                                     !- Hour 2
  0,                                      !- Minute 2
  1,                                      !- Value Until Time 2
  24,                                     !- Hour 3
  0,                                      !- Minute 3
  0;                                      !- Value Until Time 3

OS:Schedule:Rule,
  {40d87787-bb88-4f9d-ab98-29d8e4e4507a}, !- Handle
  Schedule Rule 23,                       !- Name
  {1b04e74b-66a2-4992-ad7a-acbe15685b47}, !- Schedule Ruleset Name
  0,                                      !- Rule Order
  {a748d889-ae7e-4a4c-aeb2-55db71cdfe1d}, !- Day Schedule Name
  ,                                       !- Apply Sunday
  ,                                       !- Apply Monday
  ,                                       !- Apply Tuesday
  ,                                       !- Apply Wednesday
  ,                                       !- Apply Thursday
  ,                                       !- Apply Friday
  Yes,                                    !- Apply Saturday
  DateRange,                              !- Date Specification Type
  1,                                      !- Start Month
  1,                                      !- Start Day
  12,                                     !- End Month
  31;                                     !- End Day

OS:Schedule:Day,
  {a748d889-ae7e-4a4c-aeb2-55db71cdfe1d}, !- Handle
  RetailStandalone HVACOperationSchd WntrDsn|Sat Day 1, !- Name
  {9b1a13e1-74b8-402a-a517-357efea8cfd7}, !- Schedule Type Limits Name
  No,                                     !- Interpolate to Timestep
  6,                                      !- Hour 1
  0,                                      !- Minute 1
  0,                                      !- Value Until Time 1
  22,                                     !- Hour 2
  0,                                      !- Minute 2
  1,                                      !- Value Until Time 2
  24,                                     !- Hour 3
  0,                                      !- Minute 3
  0;                                      !- Value Until Time 3

OS:Schedule:Rule,
  {ecf82cd0-6a95-4c61-b33b-efa937a36765}, !- Handle
  Schedule Rule 24,                       !- Name
  {1b04e74b-66a2-4992-ad7a-acbe15685b47}, !- Schedule Ruleset Name
  1,                                      !- Rule Order
  {de9efcb0-521a-4873-8736-06ab9ea1868b}, !- Day Schedule Name
  ,                                       !- Apply Sunday
  Yes,                                    !- Apply Monday
  Yes,                                    !- Apply Tuesday
  Yes,                                    !- Apply Wednesday
  Yes,                                    !- Apply Thursday
  Yes,                                    !- Apply Friday
  ,                                       !- Apply Saturday
  DateRange,                              !- Date Specification Type
  1,                                      !- Start Month
  1,                                      !- Start Day
  12,                                     !- End Month
  31;                                     !- End Day

OS:Schedule:Day,
  {de9efcb0-521a-4873-8736-06ab9ea1868b}, !- Handle
  RetailStandalone HVACOperationSchd SmrDsn|Wkdy Day 1, !- Name
  {9b1a13e1-74b8-402a-a517-357efea8cfd7}, !- Schedule Type Limits Name
  No,                                     !- Interpolate to Timestep
  6,                                      !- Hour 1
  0,                                      !- Minute 1
  0,                                      !- Value Until Time 1
  21,                                     !- Hour 2
  0,                                      !- Minute 2
  1,                                      !- Value Until Time 2
  24,                                     !- Hour 3
  0,                                      !- Minute 3
  0;                                      !- Value Until Time 3

OS:Schedule:Ruleset,
  {f8630ec2-6fb3-470c-bcc1-2a891a788556}, !- Handle
  Infiltration HVAC Off Schedule,         !- Name
  {924a4528-c1e1-403e-bd80-619309031c01}, !- Schedule Type Limits Name
  {5c319f79-8051-4b8c-833e-43de2788c7f5}, !- Default Day Schedule Name
  {36e1336e-378f-4f9d-982d-59387f532b2a}, !- Summer Design Day Schedule Name
  {f262b909-d2ff-429a-b43e-bdca40c6376e}; !- Winter Design Day Schedule Name

OS:Schedule:Day,
  {5c319f79-8051-4b8c-833e-43de2788c7f5}, !- Handle
  RetailStandalone HVACOperationSchd Default inverted, !- Name
  {924a4528-c1e1-403e-bd80-619309031c01}, !- Schedule Type Limits Name
  ,                                       !- Interpolate to Timestep
  8,                                      !- Hour 1
  0,                                      !- Minute 1
  1,                                      !- Value Until Time 1
  19,                                     !- Hour 2
  0,                                      !- Minute 2
  0,                                      !- Value Until Time 2
  24,                                     !- Hour 3
  0,                                      !- Minute 3
  1;                                      !- Value Until Time 3

OS:Schedule:Day,
  {36e1336e-378f-4f9d-982d-59387f532b2a}, !- Handle
  RetailStandalone HVACOperationSchd Summer Design Day inverted 1, !- Name
  {924a4528-c1e1-403e-bd80-619309031c01}, !- Schedule Type Limits Name
  ,                                       !- Interpolate to Timestep
  6,                                      !- Hour 1
  0,                                      !- Minute 1
  1,                                      !- Value Until Time 1
  21,                                     !- Hour 2
  0,                                      !- Minute 2
  0,                                      !- Value Until Time 2
  24,                                     !- Hour 3
  0,                                      !- Minute 3
  1;                                      !- Value Until Time 3

OS:Schedule:Day,
  {f262b909-d2ff-429a-b43e-bdca40c6376e}, !- Handle
  RetailStandalone HVACOperationSchd Winter Design Day inverted 1, !- Name
  {924a4528-c1e1-403e-bd80-619309031c01}, !- Schedule Type Limits Name
  ,                                       !- Interpolate to Timestep
  6,                                      !- Hour 1
  0,                                      !- Minute 1
  1,                                      !- Value Until Time 1
  22,                                     !- Hour 2
  0,                                      !- Minute 2
  0,                                      !- Value Until Time 2
  24,                                     !- Hour 3
  0,                                      !- Minute 3
  1;                                      !- Value Until Time 3

OS:Schedule:Rule,
  {0cf6f9b3-80ad-484e-a0a4-512ad9a61047}, !- Handle
  RetailStandalone HVACOperationSchd WntrDsn|Sat Day inverted Rule, !- Name
  {f8630ec2-6fb3-470c-bcc1-2a891a788556}, !- Schedule Ruleset Name
  1,                                      !- Rule Order
  {36b5a8d8-911b-4968-ae18-72ac8f1f7c7a}, !- Day Schedule Name
  No,                                     !- Apply Sunday
  No,                                     !- Apply Monday
  No,                                     !- Apply Tuesday
  No,                                     !- Apply Wednesday
  No,                                     !- Apply Thursday
  No,                                     !- Apply Friday
  Yes;                                    !- Apply Saturday

OS:Schedule:Day,
  {36b5a8d8-911b-4968-ae18-72ac8f1f7c7a}, !- Handle
  RetailStandalone HVACOperationSchd WntrDsn|Sat Day inverted 1, !- Name
  {924a4528-c1e1-403e-bd80-619309031c01}, !- Schedule Type Limits Name
  ,                                       !- Interpolate to Timestep
  6,                                      !- Hour 1
  0,                                      !- Minute 1
  1,                                      !- Value Until Time 1
  22,                                     !- Hour 2
  0,                                      !- Minute 2
  0,                                      !- Value Until Time 2
  24,                                     !- Hour 3
  0,                                      !- Minute 3
  1;                                      !- Value Until Time 3

OS:Schedule:Rule,
  {a8a7ff2e-eb85-4625-b0ff-9bee6690e32d}, !- Handle
  RetailStandalone HVACOperationSchd SmrDsn|Wkdy Day inverted Rule, !- Name
  {f8630ec2-6fb3-470c-bcc1-2a891a788556}, !- Schedule Ruleset Name
  0,                                      !- Rule Order
  {b7818b52-b3f5-4a94-82f0-055b6c73f85e}, !- Day Schedule Name
  No,                                     !- Apply Sunday
  Yes,                                    !- Apply Monday
  Yes,                                    !- Apply Tuesday
  Yes,                                    !- Apply Wednesday
  Yes,                                    !- Apply Thursday
  Yes,                                    !- Apply Friday
  No;                                     !- Apply Saturday

OS:Schedule:Day,
  {b7818b52-b3f5-4a94-82f0-055b6c73f85e}, !- Handle
  RetailStandalone HVACOperationSchd SmrDsn|Wkdy Day inverted 1, !- Name
  {924a4528-c1e1-403e-bd80-619309031c01}, !- Schedule Type Limits Name
  ,                                       !- Interpolate to Timestep
  6,                                      !- Hour 1
  0,                                      !- Minute 1
  1,                                      !- Value Until Time 1
  21,                                     !- Hour 2
  0,                                      !- Minute 2
  0,                                      !- Value Until Time 2
  24,                                     !- Hour 3
  0,                                      !- Minute 3
  1;                                      !- Value Until Time 3

OS:OutputControl:Files,
  {8c57550a-a627-47d6-a101-cb6b7811433b}, !- Handle
  Yes,                                    !- Output CSV
  Yes,                                    !- Output MTR
  Yes,                                    !- Output ESO
  Yes,                                    !- Output EIO
  Yes,                                    !- Output Tabular
  Yes,                                    !- Output SQLite
  Yes,                                    !- Output JSON
  Yes,                                    !- Output AUDIT
  Yes,                                    !- Output Space Sizing
  Yes,                                    !- Output Zone Sizing
  Yes,                                    !- Output System Sizing
  Yes,                                    !- Output DXF
  Yes,                                    !- Output BND
  Yes,                                    !- Output RDD
  Yes,                                    !- Output MDD
  Yes,                                    !- Output MTD
  Yes,                                    !- Output SHD
  Yes,                                    !- Output DFS
  Yes,                                    !- Output GLHE
  Yes,                                    !- Output DelightIn
  Yes,                                    !- Output DelightELdmp
  Yes,                                    !- Output DelightDFdmp
  Yes,                                    !- Output EDD
  Yes,                                    !- Output DBG
  Yes,                                    !- Output PerfLog
  Yes,                                    !- Output SLN
  Yes,                                    !- Output SCI
  Yes,                                    !- Output WRL
  Yes,                                    !- Output Screen
  Yes,                                    !- Output ExtShd
  Yes,                                    !- Output Tarcog
  Yes;                                    !- Output Plant Component Sizing

OS:OutputControl:Timestamp,
  {db2d7504-9657-478f-8dbb-09255ed43c4a}, !- Handle
  Yes,                                    !- ISO 8601 Format
  Yes;                                    !- Timestamp at Beginning of Interval

OS:Output:Variable,
  {a59e20ba-d97a-4ade-ae68-32bddc520a64}, !- Handle
  Output Variable 1,                      !- Name
  *,                                      !- Key Value
  Chiller Electricity Rate,               !- Variable Name
  Hourly;                                 !- Reporting Frequency

OS:Output:Variable,
  {f217301a-b15f-4834-ba3e-61786eee461a}, !- Handle
  Output Variable 2,                      !- Name
  *,                                      !- Key Value
  Chiller Electricity Energy,             !- Variable Name
  Hourly;                                 !- Reporting Frequency

OS:Output:Variable,
  {9a3b1a06-857b-4cab-9661-9bfe0cea3f2b}, !- Handle
  Output Variable 3,                      !- Name
  *,                                      !- Key Value
  Chiller Evaporator Inlet Temperature,   !- Variable Name
  Hourly;                                 !- Reporting Frequency

OS:Output:Variable,
  {732cba22-45e2-416e-8f77-de77c1568d82}, !- Handle
  Output Variable 4,                      !- Name
  *,                                      !- Key Value
  Chiller Evaporator Outlet Temperature,  !- Variable Name
  Hourly;                                 !- Reporting Frequency

OS:Output:Variable,
  {ca0e14ed-c418-426a-921a-b44fe6e40ad5}, !- Handle
  Output Variable 5,                      !- Name
  *,                                      !- Key Value
  Chiller Evaporator Mass Flow Rate,      !- Variable Name
  Hourly;                                 !- Reporting Frequency

OS:Output:Variable,
  {1fdc1949-2f15-4621-a767-2c4f64e27780}, !- Handle
  Output Variable 6,                      !- Name
  *,                                      !- Key Value
  Chiller Evaporator Cooling Energy,      !- Variable Name
  Hourly;                                 !- Reporting Frequency

